2025-09-05 20:15:15,924 [Worker-7: Loading available Gradle versions] INFO  o.e.b.c.i.u.g.PublishedGradleVersions - Gradle version information cache is out-of-date. Trying to update.
2025-09-08 19:59:10,713 [Worker-5: Loading available Gradle versions] INFO  o.e.b.c.i.u.g.PublishedGradleVersions - Gradle version information cache is out-of-date. Trying to update.
2025-09-08 20:19:18,148 [Worker-2: Loading available Gradle versions] INFO  o.e.b.c.i.u.g.PublishedGradleVersions - Gradle version information cache is up-to-date. Trying to read.
2025-09-08 20:36:17,349 [Worker-4: Loading available Gradle versions] INFO  o.e.b.c.i.u.g.PublishedGradleVersions - Gradle version information cache is up-to-date. Trying to read.
2025-09-08 20:52:51,847 [Worker-33: Import Getting Started Content] INFO  o.e.m.c.i.e.AbstractTransferListenerAdapter - Downloading https://repo.maven.apache.org/maven2/org/springframework/boot/spring-boot-starter-parent/3.5.5/spring-boot-starter-parent-3.5.5.pom
2025-09-08 20:52:51,891 [Worker-33: Import Getting Started Content] INFO  o.e.m.c.i.e.AbstractTransferListenerAdapter - Downloaded https://repo.maven.apache.org/maven2/org/springframework/boot/spring-boot-starter-parent/3.5.5/spring-boot-starter-parent-3.5.5.pom
2025-09-08 20:52:51,999 [Worker-33: Import Getting Started Content] INFO  o.e.m.c.i.e.AbstractTransferListenerAdapter - Downloading https://repo.maven.apache.org/maven2/org/springframework/boot/spring-boot-dependencies/3.5.5/spring-boot-dependencies-3.5.5.pom
2025-09-08 20:52:52,265 [Worker-33: Import Getting Started Content] INFO  o.e.m.c.i.e.AbstractTransferListenerAdapter - Downloaded https://repo.maven.apache.org/maven2/org/springframework/boot/spring-boot-dependencies/3.5.5/spring-boot-dependencies-3.5.5.pom
2025-09-08 20:52:52,494 [Worker-33: Import Getting Started Content] INFO  o.e.m.c.i.e.AbstractTransferListenerAdapter - Downloading https://repo.maven.apache.org/maven2/org/apache/activemq/activemq-bom/6.1.7/activemq-bom-6.1.7.pom
2025-09-08 20:52:52,504 [Worker-33: Import Getting Started Content] INFO  o.e.m.c.i.e.AbstractTransferListenerAdapter - Downloaded https://repo.maven.apache.org/maven2/org/apache/activemq/activemq-bom/6.1.7/activemq-bom-6.1.7.pom
2025-09-08 20:52:52,633 [Worker-33: Import Getting Started Content] INFO  o.e.m.c.i.e.AbstractTransferListenerAdapter - Downloading https://repo.maven.apache.org/maven2/org/apache/activemq/artemis-bom/2.40.0/artemis-bom-2.40.0.pom
2025-09-08 20:52:52,664 [Worker-33: Import Getting Started Content] INFO  o.e.m.c.i.e.AbstractTransferListenerAdapter - Downloaded https://repo.maven.apache.org/maven2/org/apache/activemq/artemis-bom/2.40.0/artemis-bom-2.40.0.pom
2025-09-08 20:52:52,789 [Worker-33: Import Getting Started Content] INFO  o.e.m.c.i.e.AbstractTransferListenerAdapter - Downloading https://repo.maven.apache.org/maven2/org/apache/activemq/artemis-project/2.40.0/artemis-project-2.40.0.pom
2025-09-08 20:52:52,991 [Worker-33: Import Getting Started Content] INFO  o.e.m.c.i.e.AbstractTransferListenerAdapter - Downloaded https://repo.maven.apache.org/maven2/org/apache/activemq/artemis-project/2.40.0/artemis-project-2.40.0.pom
2025-09-08 20:52:53,135 [Worker-33: Import Getting Started Content] INFO  o.e.m.c.i.e.AbstractTransferListenerAdapter - Downloading https://repo.maven.apache.org/maven2/org/assertj/assertj-bom/3.27.4/assertj-bom-3.27.4.pom
2025-09-08 20:52:53,171 [Worker-33: Import Getting Started Content] INFO  o.e.m.c.i.e.AbstractTransferListenerAdapter - Downloaded https://repo.maven.apache.org/maven2/org/assertj/assertj-bom/3.27.4/assertj-bom-3.27.4.pom
2025-09-08 20:52:53,290 [Worker-33: Import Getting Started Content] INFO  o.e.m.c.i.e.AbstractTransferListenerAdapter - Downloading https://repo.maven.apache.org/maven2/io/zipkin/reporter2/zipkin-reporter-bom/3.5.1/zipkin-reporter-bom-3.5.1.pom
2025-09-08 20:52:53,406 [Worker-33: Import Getting Started Content] INFO  o.e.m.c.i.e.AbstractTransferListenerAdapter - Downloaded https://repo.maven.apache.org/maven2/io/zipkin/reporter2/zipkin-reporter-bom/3.5.1/zipkin-reporter-bom-3.5.1.pom
2025-09-08 20:52:53,555 [Worker-33: Import Getting Started Content] INFO  o.e.m.c.i.e.AbstractTransferListenerAdapter - Downloading https://repo.maven.apache.org/maven2/io/zipkin/brave/brave-bom/6.1.0/brave-bom-6.1.0.pom
2025-09-08 20:52:53,605 [Worker-33: Import Getting Started Content] INFO  o.e.m.c.i.e.AbstractTransferListenerAdapter - Downloaded https://repo.maven.apache.org/maven2/io/zipkin/brave/brave-bom/6.1.0/brave-bom-6.1.0.pom
2025-09-08 20:52:53,737 [Worker-33: Import Getting Started Content] INFO  o.e.m.c.i.e.AbstractTransferListenerAdapter - Downloading https://repo.maven.apache.org/maven2/org/apache/cassandra/java-driver-bom/4.19.0/java-driver-bom-4.19.0.pom
2025-09-08 20:52:53,782 [Worker-33: Import Getting Started Content] INFO  o.e.m.c.i.e.AbstractTransferListenerAdapter - Downloaded https://repo.maven.apache.org/maven2/org/apache/cassandra/java-driver-bom/4.19.0/java-driver-bom-4.19.0.pom
2025-09-08 20:52:54,009 [Worker-33: Import Getting Started Content] INFO  o.e.m.c.i.e.AbstractTransferListenerAdapter - Downloading https://repo.maven.apache.org/maven2/org/apache/groovy/groovy-bom/4.0.28/groovy-bom-4.0.28.pom
2025-09-08 20:52:54,132 [Worker-33: Import Getting Started Content] INFO  o.e.m.c.i.e.AbstractTransferListenerAdapter - Downloaded https://repo.maven.apache.org/maven2/org/apache/groovy/groovy-bom/4.0.28/groovy-bom-4.0.28.pom
2025-09-08 20:52:54,273 [Worker-33: Import Getting Started Content] INFO  o.e.m.c.i.e.AbstractTransferListenerAdapter - Downloading https://repo.maven.apache.org/maven2/org/infinispan/infinispan-bom/15.2.5.Final/infinispan-bom-15.2.5.Final.pom
2025-09-08 20:52:54,532 [Worker-33: Import Getting Started Content] INFO  o.e.m.c.i.e.AbstractTransferListenerAdapter - Downloaded https://repo.maven.apache.org/maven2/org/infinispan/infinispan-bom/15.2.5.Final/infinispan-bom-15.2.5.Final.pom
2025-09-08 20:52:54,636 [Worker-33: Import Getting Started Content] INFO  o.e.m.c.i.e.AbstractTransferListenerAdapter - Downloading https://repo.maven.apache.org/maven2/org/infinispan/infinispan-build-configuration-parent/15.2.5.Final/infinispan-build-configuration-parent-15.2.5.Final.pom
2025-09-08 20:52:54,727 [Worker-33: Import Getting Started Content] INFO  o.e.m.c.i.e.AbstractTransferListenerAdapter - Downloaded https://repo.maven.apache.org/maven2/org/infinispan/infinispan-build-configuration-parent/15.2.5.Final/infinispan-build-configuration-parent-15.2.5.Final.pom
2025-09-08 20:52:54,888 [Worker-33: Import Getting Started Content] INFO  o.e.m.c.i.e.AbstractTransferListenerAdapter - Downloading https://repo.maven.apache.org/maven2/com/fasterxml/jackson/jackson-bom/2.19.2/jackson-bom-2.19.2.pom
2025-09-08 20:52:54,987 [Worker-33: Import Getting Started Content] INFO  o.e.m.c.i.e.AbstractTransferListenerAdapter - Downloaded https://repo.maven.apache.org/maven2/com/fasterxml/jackson/jackson-bom/2.19.2/jackson-bom-2.19.2.pom
2025-09-08 20:52:55,084 [Worker-33: Import Getting Started Content] INFO  o.e.m.c.i.e.AbstractTransferListenerAdapter - Downloading https://repo.maven.apache.org/maven2/com/fasterxml/jackson/jackson-parent/2.19.3/jackson-parent-2.19.3.pom
2025-09-08 20:52:55,126 [Worker-33: Import Getting Started Content] INFO  o.e.m.c.i.e.AbstractTransferListenerAdapter - Downloaded https://repo.maven.apache.org/maven2/com/fasterxml/jackson/jackson-parent/2.19.3/jackson-parent-2.19.3.pom
2025-09-08 20:52:55,256 [Worker-33: Import Getting Started Content] INFO  o.e.m.c.i.e.AbstractTransferListenerAdapter - Downloading https://repo.maven.apache.org/maven2/com/fasterxml/oss-parent/69/oss-parent-69.pom
2025-09-08 20:52:55,426 [Worker-33: Import Getting Started Content] INFO  o.e.m.c.i.e.AbstractTransferListenerAdapter - Downloaded https://repo.maven.apache.org/maven2/com/fasterxml/oss-parent/69/oss-parent-69.pom
2025-09-08 20:52:55,789 [Worker-33: Import Getting Started Content] INFO  o.e.m.c.i.e.AbstractTransferListenerAdapter - Downloading https://repo.maven.apache.org/maven2/org/glassfish/jersey/jersey-bom/3.1.11/jersey-bom-3.1.11.pom
2025-09-08 20:52:55,889 [Worker-33: Import Getting Started Content] INFO  o.e.m.c.i.e.AbstractTransferListenerAdapter - Downloaded https://repo.maven.apache.org/maven2/org/glassfish/jersey/jersey-bom/3.1.11/jersey-bom-3.1.11.pom
2025-09-08 20:52:56,026 [Worker-33: Import Getting Started Content] INFO  o.e.m.c.i.e.AbstractTransferListenerAdapter - Downloading https://repo.maven.apache.org/maven2/org/eclipse/jetty/ee10/jetty-ee10-bom/12.0.25/jetty-ee10-bom-12.0.25.pom
2025-09-08 20:52:56,098 [Worker-33: Import Getting Started Content] INFO  o.e.m.c.i.e.AbstractTransferListenerAdapter - Downloaded https://repo.maven.apache.org/maven2/org/eclipse/jetty/ee10/jetty-ee10-bom/12.0.25/jetty-ee10-bom-12.0.25.pom
2025-09-08 20:52:56,295 [Worker-33: Import Getting Started Content] INFO  o.e.m.c.i.e.AbstractTransferListenerAdapter - Downloading https://repo.maven.apache.org/maven2/org/eclipse/jetty/jetty-bom/12.0.25/jetty-bom-12.0.25.pom
2025-09-08 20:52:56,352 [Worker-33: Import Getting Started Content] INFO  o.e.m.c.i.e.AbstractTransferListenerAdapter - Downloaded https://repo.maven.apache.org/maven2/org/eclipse/jetty/jetty-bom/12.0.25/jetty-bom-12.0.25.pom
2025-09-08 20:52:56,637 [Worker-33: Import Getting Started Content] INFO  o.e.m.c.i.e.AbstractTransferListenerAdapter - Downloading https://repo.maven.apache.org/maven2/org/junit/junit-bom/5.12.2/junit-bom-5.12.2.pom
2025-09-08 20:52:56,668 [Worker-33: Import Getting Started Content] INFO  o.e.m.c.i.e.AbstractTransferListenerAdapter - Downloaded https://repo.maven.apache.org/maven2/org/junit/junit-bom/5.12.2/junit-bom-5.12.2.pom
2025-09-08 20:52:56,902 [Worker-33: Import Getting Started Content] INFO  o.e.m.c.i.e.AbstractTransferListenerAdapter - Downloading https://repo.maven.apache.org/maven2/io/micrometer/micrometer-bom/1.15.3/micrometer-bom-1.15.3.pom
2025-09-08 20:52:56,951 [Worker-33: Import Getting Started Content] INFO  o.e.m.c.i.e.AbstractTransferListenerAdapter - Downloaded https://repo.maven.apache.org/maven2/io/micrometer/micrometer-bom/1.15.3/micrometer-bom-1.15.3.pom
2025-09-08 20:52:57,104 [Worker-33: Import Getting Started Content] INFO  o.e.m.c.i.e.AbstractTransferListenerAdapter - Downloading https://repo.maven.apache.org/maven2/io/micrometer/micrometer-tracing-bom/1.5.3/micrometer-tracing-bom-1.5.3.pom
2025-09-08 20:52:57,138 [Worker-33: Import Getting Started Content] INFO  o.e.m.c.i.e.AbstractTransferListenerAdapter - Downloaded https://repo.maven.apache.org/maven2/io/micrometer/micrometer-tracing-bom/1.5.3/micrometer-tracing-bom-1.5.3.pom
2025-09-08 20:52:57,291 [Worker-33: Import Getting Started Content] INFO  o.e.m.c.i.e.AbstractTransferListenerAdapter - Downloading https://repo.maven.apache.org/maven2/org/mockito/mockito-bom/5.17.0/mockito-bom-5.17.0.pom
2025-09-08 20:52:57,325 [Worker-33: Import Getting Started Content] INFO  o.e.m.c.i.e.AbstractTransferListenerAdapter - Downloaded https://repo.maven.apache.org/maven2/org/mockito/mockito-bom/5.17.0/mockito-bom-5.17.0.pom
2025-09-08 20:52:57,443 [Worker-33: Import Getting Started Content] INFO  o.e.m.c.i.e.AbstractTransferListenerAdapter - Downloading https://repo.maven.apache.org/maven2/org/mongodb/mongodb-driver-bom/5.5.1/mongodb-driver-bom-5.5.1.pom
2025-09-08 20:52:57,472 [Worker-33: Import Getting Started Content] INFO  o.e.m.c.i.e.AbstractTransferListenerAdapter - Downloaded https://repo.maven.apache.org/maven2/org/mongodb/mongodb-driver-bom/5.5.1/mongodb-driver-bom-5.5.1.pom
2025-09-08 20:52:57,567 [Worker-33: Import Getting Started Content] INFO  o.e.m.c.i.e.AbstractTransferListenerAdapter - Downloading https://repo.maven.apache.org/maven2/io/netty/netty-bom/4.1.124.Final/netty-bom-4.1.124.Final.pom
2025-09-08 20:52:57,707 [Worker-33: Import Getting Started Content] INFO  o.e.m.c.i.e.AbstractTransferListenerAdapter - Downloaded https://repo.maven.apache.org/maven2/io/netty/netty-bom/4.1.124.Final/netty-bom-4.1.124.Final.pom
2025-09-08 20:52:57,858 [Worker-33: Import Getting Started Content] INFO  o.e.m.c.i.e.AbstractTransferListenerAdapter - Downloading https://repo.maven.apache.org/maven2/io/opentelemetry/opentelemetry-bom/1.49.0/opentelemetry-bom-1.49.0.pom
2025-09-08 20:52:57,922 [Worker-33: Import Getting Started Content] INFO  o.e.m.c.i.e.AbstractTransferListenerAdapter - Downloaded https://repo.maven.apache.org/maven2/io/opentelemetry/opentelemetry-bom/1.49.0/opentelemetry-bom-1.49.0.pom
2025-09-08 20:52:58,037 [Worker-33: Import Getting Started Content] INFO  o.e.m.c.i.e.AbstractTransferListenerAdapter - Downloading https://repo.maven.apache.org/maven2/io/prometheus/prometheus-metrics-bom/1.3.10/prometheus-metrics-bom-1.3.10.pom
2025-09-08 20:52:58,092 [Worker-33: Import Getting Started Content] INFO  o.e.m.c.i.e.AbstractTransferListenerAdapter - Downloaded https://repo.maven.apache.org/maven2/io/prometheus/prometheus-metrics-bom/1.3.10/prometheus-metrics-bom-1.3.10.pom
2025-09-08 20:52:58,216 [Worker-33: Import Getting Started Content] INFO  o.e.m.c.i.e.AbstractTransferListenerAdapter - Downloading https://repo.maven.apache.org/maven2/io/prometheus/client_java_parent/1.3.10/client_java_parent-1.3.10.pom
2025-09-08 20:52:58,237 [Worker-33: Import Getting Started Content] INFO  o.e.m.c.i.e.AbstractTransferListenerAdapter - Downloaded https://repo.maven.apache.org/maven2/io/prometheus/client_java_parent/1.3.10/client_java_parent-1.3.10.pom
2025-09-08 20:52:58,403 [Worker-33: Import Getting Started Content] INFO  o.e.m.c.i.e.AbstractTransferListenerAdapter - Downloading https://repo.maven.apache.org/maven2/org/apache/pulsar/pulsar-bom/4.0.6/pulsar-bom-4.0.6.pom
2025-09-08 20:52:58,492 [Worker-33: Import Getting Started Content] INFO  o.e.m.c.i.e.AbstractTransferListenerAdapter - Downloaded https://repo.maven.apache.org/maven2/org/apache/pulsar/pulsar-bom/4.0.6/pulsar-bom-4.0.6.pom
2025-09-08 20:52:58,641 [Worker-33: Import Getting Started Content] INFO  o.e.m.c.i.e.AbstractTransferListenerAdapter - Downloading https://repo.maven.apache.org/maven2/org/apache/pulsar/pulsar-client-reactive-bom/0.6.0/pulsar-client-reactive-bom-0.6.0.pom
2025-09-08 20:52:58,687 [Worker-33: Import Getting Started Content] INFO  o.e.m.c.i.e.AbstractTransferListenerAdapter - Downloaded https://repo.maven.apache.org/maven2/org/apache/pulsar/pulsar-client-reactive-bom/0.6.0/pulsar-client-reactive-bom-0.6.0.pom
2025-09-08 20:52:58,840 [Worker-33: Import Getting Started Content] INFO  o.e.m.c.i.e.AbstractTransferListenerAdapter - Downloading https://repo.maven.apache.org/maven2/io/projectreactor/reactor-bom/2024.0.9/reactor-bom-2024.0.9.pom
2025-09-08 20:52:58,881 [Worker-33: Import Getting Started Content] INFO  o.e.m.c.i.e.AbstractTransferListenerAdapter - Downloaded https://repo.maven.apache.org/maven2/io/projectreactor/reactor-bom/2024.0.9/reactor-bom-2024.0.9.pom
2025-09-08 20:52:59,021 [Worker-33: Import Getting Started Content] INFO  o.e.m.c.i.e.AbstractTransferListenerAdapter - Downloading https://repo.maven.apache.org/maven2/io/rest-assured/rest-assured-bom/5.5.6/rest-assured-bom-5.5.6.pom
2025-09-08 20:52:59,057 [Worker-33: Import Getting Started Content] INFO  o.e.m.c.i.e.AbstractTransferListenerAdapter - Downloaded https://repo.maven.apache.org/maven2/io/rest-assured/rest-assured-bom/5.5.6/rest-assured-bom-5.5.6.pom
2025-09-08 20:52:59,184 [Worker-33: Import Getting Started Content] INFO  o.e.m.c.i.e.AbstractTransferListenerAdapter - Downloading https://repo.maven.apache.org/maven2/org/seleniumhq/selenium/selenium-bom/4.31.0/selenium-bom-4.31.0.pom
2025-09-08 20:52:59,212 [Worker-33: Import Getting Started Content] INFO  o.e.m.c.i.e.AbstractTransferListenerAdapter - Downloaded https://repo.maven.apache.org/maven2/org/seleniumhq/selenium/selenium-bom/4.31.0/selenium-bom-4.31.0.pom
2025-09-08 20:52:59,394 [Worker-33: Import Getting Started Content] INFO  o.e.m.c.i.e.AbstractTransferListenerAdapter - Downloading https://repo.maven.apache.org/maven2/org/springframework/amqp/spring-amqp-bom/3.2.6/spring-amqp-bom-3.2.6.pom
2025-09-08 20:52:59,406 [Worker-33: Import Getting Started Content] INFO  o.e.m.c.i.e.AbstractTransferListenerAdapter - Downloaded https://repo.maven.apache.org/maven2/org/springframework/amqp/spring-amqp-bom/3.2.6/spring-amqp-bom-3.2.6.pom
2025-09-08 20:52:59,542 [Worker-33: Import Getting Started Content] INFO  o.e.m.c.i.e.AbstractTransferListenerAdapter - Downloading https://repo.maven.apache.org/maven2/org/springframework/data/spring-data-bom/2025.0.3/spring-data-bom-2025.0.3.pom
2025-09-08 20:52:59,585 [Worker-33: Import Getting Started Content] INFO  o.e.m.c.i.e.AbstractTransferListenerAdapter - Downloaded https://repo.maven.apache.org/maven2/org/springframework/data/spring-data-bom/2025.0.3/spring-data-bom-2025.0.3.pom
2025-09-08 20:52:59,706 [Worker-33: Import Getting Started Content] INFO  o.e.m.c.i.e.AbstractTransferListenerAdapter - Downloading https://repo.maven.apache.org/maven2/org/springframework/spring-framework-bom/6.2.10/spring-framework-bom-6.2.10.pom
2025-09-08 20:52:59,736 [Worker-33: Import Getting Started Content] INFO  o.e.m.c.i.e.AbstractTransferListenerAdapter - Downloaded https://repo.maven.apache.org/maven2/org/springframework/spring-framework-bom/6.2.10/spring-framework-bom-6.2.10.pom
2025-09-08 20:52:59,868 [Worker-33: Import Getting Started Content] INFO  o.e.m.c.i.e.AbstractTransferListenerAdapter - Downloading https://repo.maven.apache.org/maven2/org/springframework/integration/spring-integration-bom/6.5.1/spring-integration-bom-6.5.1.pom
2025-09-08 20:52:59,895 [Worker-33: Import Getting Started Content] INFO  o.e.m.c.i.e.AbstractTransferListenerAdapter - Downloaded https://repo.maven.apache.org/maven2/org/springframework/integration/spring-integration-bom/6.5.1/spring-integration-bom-6.5.1.pom
2025-09-08 20:53:00,028 [Worker-33: Import Getting Started Content] INFO  o.e.m.c.i.e.AbstractTransferListenerAdapter - Downloading https://repo.maven.apache.org/maven2/org/springframework/pulsar/spring-pulsar-bom/1.2.9/spring-pulsar-bom-1.2.9.pom
2025-09-08 20:53:00,068 [Worker-33: Import Getting Started Content] INFO  o.e.m.c.i.e.AbstractTransferListenerAdapter - Downloaded https://repo.maven.apache.org/maven2/org/springframework/pulsar/spring-pulsar-bom/1.2.9/spring-pulsar-bom-1.2.9.pom
2025-09-08 20:53:00,261 [Worker-33: Import Getting Started Content] INFO  o.e.m.c.i.e.AbstractTransferListenerAdapter - Downloading https://repo.maven.apache.org/maven2/org/springframework/restdocs/spring-restdocs-bom/3.0.5/spring-restdocs-bom-3.0.5.pom
2025-09-08 20:53:00,298 [Worker-33: Import Getting Started Content] INFO  o.e.m.c.i.e.AbstractTransferListenerAdapter - Downloaded https://repo.maven.apache.org/maven2/org/springframework/restdocs/spring-restdocs-bom/3.0.5/spring-restdocs-bom-3.0.5.pom
2025-09-08 20:53:00,482 [Worker-33: Import Getting Started Content] INFO  o.e.m.c.i.e.AbstractTransferListenerAdapter - Downloading https://repo.maven.apache.org/maven2/org/springframework/security/spring-security-bom/6.5.3/spring-security-bom-6.5.3.pom
2025-09-08 20:53:00,515 [Worker-33: Import Getting Started Content] INFO  o.e.m.c.i.e.AbstractTransferListenerAdapter - Downloaded https://repo.maven.apache.org/maven2/org/springframework/security/spring-security-bom/6.5.3/spring-security-bom-6.5.3.pom
2025-09-08 20:53:00,625 [Worker-33: Import Getting Started Content] INFO  o.e.m.c.i.e.AbstractTransferListenerAdapter - Downloading https://repo.maven.apache.org/maven2/org/springframework/session/spring-session-bom/3.5.2/spring-session-bom-3.5.2.pom
2025-09-08 20:53:00,663 [Worker-33: Import Getting Started Content] INFO  o.e.m.c.i.e.AbstractTransferListenerAdapter - Downloaded https://repo.maven.apache.org/maven2/org/springframework/session/spring-session-bom/3.5.2/spring-session-bom-3.5.2.pom
2025-09-08 20:53:00,785 [Worker-33: Import Getting Started Content] INFO  o.e.m.c.i.e.AbstractTransferListenerAdapter - Downloading https://repo.maven.apache.org/maven2/org/springframework/ws/spring-ws-bom/4.1.1/spring-ws-bom-4.1.1.pom
2025-09-08 20:53:00,827 [Worker-33: Import Getting Started Content] INFO  o.e.m.c.i.e.AbstractTransferListenerAdapter - Downloaded https://repo.maven.apache.org/maven2/org/springframework/ws/spring-ws-bom/4.1.1/spring-ws-bom-4.1.1.pom
2025-09-08 20:53:00,967 [Worker-33: Import Getting Started Content] INFO  o.e.m.c.i.e.AbstractTransferListenerAdapter - Downloading https://repo.maven.apache.org/maven2/org/testcontainers/testcontainers-bom/1.21.3/testcontainers-bom-1.21.3.pom
2025-09-08 20:53:01,018 [Worker-33: Import Getting Started Content] INFO  o.e.m.c.i.e.AbstractTransferListenerAdapter - Downloaded https://repo.maven.apache.org/maven2/org/testcontainers/testcontainers-bom/1.21.3/testcontainers-bom-1.21.3.pom
2025-09-08 20:53:01,795 [Worker-33: Import Getting Started Content] INFO  o.e.m.c.i.e.AbstractTransferListenerAdapter - Downloading https://repo.maven.apache.org/maven2/org/springframework/boot/spring-boot-maven-plugin/3.5.5/spring-boot-maven-plugin-3.5.5.pom
2025-09-08 20:53:01,817 [Worker-33: Import Getting Started Content] INFO  o.e.m.c.i.e.AbstractTransferListenerAdapter - Downloaded https://repo.maven.apache.org/maven2/org/springframework/boot/spring-boot-maven-plugin/3.5.5/spring-boot-maven-plugin-3.5.5.pom
2025-09-08 20:53:01,996 [Worker-33: Import Getting Started Content] INFO  o.e.m.c.i.e.AbstractTransferListenerAdapter - Downloading https://repo.maven.apache.org/maven2/org/springframework/boot/spring-boot-maven-plugin/3.5.5/spring-boot-maven-plugin-3.5.5.jar
2025-09-08 20:53:02,205 [Worker-33: Import Getting Started Content] INFO  o.e.m.c.i.e.AbstractTransferListenerAdapter - Downloaded https://repo.maven.apache.org/maven2/org/springframework/boot/spring-boot-maven-plugin/3.5.5/spring-boot-maven-plugin-3.5.5.jar
2025-09-08 20:53:02,415 [Worker-33: Import Getting Started Content] INFO  o.e.m.c.i.e.AbstractTransferListenerAdapter - Downloading https://repo.maven.apache.org/maven2/org/apache/maven/plugins/maven-compiler-plugin/3.14.0/maven-compiler-plugin-3.14.0.jar
2025-09-08 20:53:02,535 [Worker-33: Import Getting Started Content] INFO  o.e.m.c.i.e.AbstractTransferListenerAdapter - Downloaded https://repo.maven.apache.org/maven2/org/apache/maven/plugins/maven-compiler-plugin/3.14.0/maven-compiler-plugin-3.14.0.jar
2025-09-08 20:53:02,649 [Worker-33: Import Getting Started Content] INFO  o.e.m.c.i.e.AbstractTransferListenerAdapter - Downloading https://repo.maven.apache.org/maven2/org/apache/maven/plugins/maven-surefire-plugin/3.5.3/maven-surefire-plugin-3.5.3.jar
2025-09-08 20:53:02,728 [Worker-33: Import Getting Started Content] INFO  o.e.m.c.i.e.AbstractTransferListenerAdapter - Downloaded https://repo.maven.apache.org/maven2/org/apache/maven/plugins/maven-surefire-plugin/3.5.3/maven-surefire-plugin-3.5.3.jar
2025-09-08 20:53:02,955 [Worker-33: Import Getting Started Content] INFO  o.e.m.c.i.e.AbstractTransferListenerAdapter - Downloading https://repo.maven.apache.org/maven2/org/apache/maven/plugins/maven-compiler-plugin/3.14.0/maven-compiler-plugin-3.14.0.pom
2025-09-08 20:53:02,979 [Worker-33: Import Getting Started Content] INFO  o.e.m.c.i.e.AbstractTransferListenerAdapter - Downloaded https://repo.maven.apache.org/maven2/org/apache/maven/plugins/maven-compiler-plugin/3.14.0/maven-compiler-plugin-3.14.0.pom
2025-09-08 20:53:03,097 [Worker-33: Import Getting Started Content] INFO  o.e.m.c.i.e.AbstractTransferListenerAdapter - Downloading https://repo.maven.apache.org/maven2/org/apache/maven/plugins/maven-plugins/43/maven-plugins-43.pom
2025-09-08 20:53:03,139 [Worker-33: Import Getting Started Content] INFO  o.e.m.c.i.e.AbstractTransferListenerAdapter - Downloaded https://repo.maven.apache.org/maven2/org/apache/maven/plugins/maven-plugins/43/maven-plugins-43.pom
2025-09-08 20:53:03,419 [Worker-33: Import Getting Started Content] INFO  o.e.m.c.i.e.AbstractTransferListenerAdapter - Downloading https://repo.maven.apache.org/maven2/org/codehaus/plexus/plexus-java/1.4.0/plexus-java-1.4.0.pom
2025-09-08 20:53:03,431 [Worker-33: Import Getting Started Content] INFO  o.e.m.c.i.e.AbstractTransferListenerAdapter - Downloaded https://repo.maven.apache.org/maven2/org/codehaus/plexus/plexus-java/1.4.0/plexus-java-1.4.0.pom
2025-09-08 20:53:03,575 [Worker-33: Import Getting Started Content] INFO  o.e.m.c.i.e.AbstractTransferListenerAdapter - Downloading https://repo.maven.apache.org/maven2/org/codehaus/plexus/plexus-languages/1.4.0/plexus-languages-1.4.0.pom
2025-09-08 20:53:03,606 [Worker-33: Import Getting Started Content] INFO  o.e.m.c.i.e.AbstractTransferListenerAdapter - Downloaded https://repo.maven.apache.org/maven2/org/codehaus/plexus/plexus-languages/1.4.0/plexus-languages-1.4.0.pom
2025-09-08 20:53:03,774 [Worker-33: Import Getting Started Content] INFO  o.e.m.c.i.e.AbstractTransferListenerAdapter - Downloading https://repo.maven.apache.org/maven2/org/codehaus/plexus/plexus/20/plexus-20.pom
2025-09-08 20:53:03,819 [Worker-33: Import Getting Started Content] INFO  o.e.m.c.i.e.AbstractTransferListenerAdapter - Downloaded https://repo.maven.apache.org/maven2/org/codehaus/plexus/plexus/20/plexus-20.pom
2025-09-08 20:53:04,020 [Worker-33: Import Getting Started Content] INFO  o.e.m.c.i.e.AbstractTransferListenerAdapter - Downloading https://repo.maven.apache.org/maven2/com/thoughtworks/qdox/qdox/2.2.0/qdox-2.2.0.pom
2025-09-08 20:53:04,056 [Worker-33: Import Getting Started Content] INFO  o.e.m.c.i.e.AbstractTransferListenerAdapter - Downloaded https://repo.maven.apache.org/maven2/com/thoughtworks/qdox/qdox/2.2.0/qdox-2.2.0.pom
2025-09-08 20:53:04,316 [Worker-33: Import Getting Started Content] INFO  o.e.m.c.i.e.AbstractTransferListenerAdapter - Downloading https://repo.maven.apache.org/maven2/org/codehaus/plexus/plexus-java/1.4.0/plexus-java-1.4.0.jar
2025-09-08 20:53:04,397 [Worker-33: Import Getting Started Content] INFO  o.e.m.c.i.e.AbstractTransferListenerAdapter - Downloaded https://repo.maven.apache.org/maven2/org/codehaus/plexus/plexus-java/1.4.0/plexus-java-1.4.0.jar
2025-09-08 20:53:04,531 [BasicRepositoryConnector-repo.maven.apache.org-0-0] INFO  o.e.m.c.i.e.AbstractTransferListenerAdapter - Downloading https://repo.maven.apache.org/maven2/com/thoughtworks/qdox/qdox/2.2.0/qdox-2.2.0.jar
2025-09-08 20:53:05,084 [BasicRepositoryConnector-repo.maven.apache.org-0-0] INFO  o.e.m.c.i.e.AbstractTransferListenerAdapter - Downloaded https://repo.maven.apache.org/maven2/com/thoughtworks/qdox/qdox/2.2.0/qdox-2.2.0.jar
2025-09-08 20:53:05,483 [Worker-33: Import Getting Started Content] INFO  o.e.m.c.i.l.LifecycleMappingFactory - Using org.eclipse.m2e.jdt.JarLifecycleMapping lifecycle mapping for MavenProject: edu.infosys:lostAndFoundApplication:0.0.1-SNAPSHOT @ C:\Users\Dhaswan\Desktop\Infosys Project\CampusManagement\lostAndFoundApplication\pom.xml.
2025-09-08 20:53:05,588 [Worker-33: Import Getting Started Content] INFO  o.e.m.c.i.e.AbstractTransferListenerAdapter - Downloading https://repo.maven.apache.org/maven2/org/springframework/boot/spring-boot-starter-data-jpa/3.5.5/spring-boot-starter-data-jpa-3.5.5.pom
2025-09-08 20:53:05,620 [Worker-33: Import Getting Started Content] INFO  o.e.m.c.i.e.AbstractTransferListenerAdapter - Downloaded https://repo.maven.apache.org/maven2/org/springframework/boot/spring-boot-starter-data-jpa/3.5.5/spring-boot-starter-data-jpa-3.5.5.pom
2025-09-08 20:53:05,769 [Worker-33: Import Getting Started Content] INFO  o.e.m.c.i.e.AbstractTransferListenerAdapter - Downloading https://repo.maven.apache.org/maven2/org/springframework/boot/spring-boot-starter/3.5.5/spring-boot-starter-3.5.5.pom
2025-09-08 20:53:05,799 [Worker-33: Import Getting Started Content] INFO  o.e.m.c.i.e.AbstractTransferListenerAdapter - Downloaded https://repo.maven.apache.org/maven2/org/springframework/boot/spring-boot-starter/3.5.5/spring-boot-starter-3.5.5.pom
2025-09-08 20:53:05,936 [Worker-33: Import Getting Started Content] INFO  o.e.m.c.i.e.AbstractTransferListenerAdapter - Downloading https://repo.maven.apache.org/maven2/org/springframework/boot/spring-boot/3.5.5/spring-boot-3.5.5.pom
2025-09-08 20:53:05,966 [Worker-33: Import Getting Started Content] INFO  o.e.m.c.i.e.AbstractTransferListenerAdapter - Downloaded https://repo.maven.apache.org/maven2/org/springframework/boot/spring-boot/3.5.5/spring-boot-3.5.5.pom
2025-09-08 20:53:06,297 [Worker-33: Import Getting Started Content] INFO  o.e.m.c.i.e.AbstractTransferListenerAdapter - Downloading https://repo.maven.apache.org/maven2/org/springframework/spring-core/6.2.10/spring-core-6.2.10.pom
2025-09-08 20:53:06,307 [Worker-33: Import Getting Started Content] INFO  o.e.m.c.i.e.AbstractTransferListenerAdapter - Downloaded https://repo.maven.apache.org/maven2/org/springframework/spring-core/6.2.10/spring-core-6.2.10.pom
2025-09-08 20:53:06,402 [Worker-33: Import Getting Started Content] INFO  o.e.m.c.i.e.AbstractTransferListenerAdapter - Downloading https://repo.maven.apache.org/maven2/org/springframework/spring-jcl/6.2.10/spring-jcl-6.2.10.pom
2025-09-08 20:53:06,414 [Worker-33: Import Getting Started Content] INFO  o.e.m.c.i.e.AbstractTransferListenerAdapter - Downloaded https://repo.maven.apache.org/maven2/org/springframework/spring-jcl/6.2.10/spring-jcl-6.2.10.pom
2025-09-08 20:53:06,558 [Worker-33: Import Getting Started Content] INFO  o.e.m.c.i.e.AbstractTransferListenerAdapter - Downloading https://repo.maven.apache.org/maven2/org/springframework/spring-context/6.2.10/spring-context-6.2.10.pom
2025-09-08 20:53:06,589 [Worker-33: Import Getting Started Content] INFO  o.e.m.c.i.e.AbstractTransferListenerAdapter - Downloaded https://repo.maven.apache.org/maven2/org/springframework/spring-context/6.2.10/spring-context-6.2.10.pom
2025-09-08 20:53:06,709 [Worker-33: Import Getting Started Content] INFO  o.e.m.c.i.e.AbstractTransferListenerAdapter - Downloading https://repo.maven.apache.org/maven2/org/springframework/spring-aop/6.2.10/spring-aop-6.2.10.pom
2025-09-08 20:53:06,740 [Worker-33: Import Getting Started Content] INFO  o.e.m.c.i.e.AbstractTransferListenerAdapter - Downloaded https://repo.maven.apache.org/maven2/org/springframework/spring-aop/6.2.10/spring-aop-6.2.10.pom
2025-09-08 20:53:06,917 [Worker-33: Import Getting Started Content] INFO  o.e.m.c.i.e.AbstractTransferListenerAdapter - Downloading https://repo.maven.apache.org/maven2/org/springframework/spring-beans/6.2.10/spring-beans-6.2.10.pom
2025-09-08 20:53:06,947 [Worker-33: Import Getting Started Content] INFO  o.e.m.c.i.e.AbstractTransferListenerAdapter - Downloaded https://repo.maven.apache.org/maven2/org/springframework/spring-beans/6.2.10/spring-beans-6.2.10.pom
2025-09-08 20:53:07,077 [Worker-33: Import Getting Started Content] INFO  o.e.m.c.i.e.AbstractTransferListenerAdapter - Downloading https://repo.maven.apache.org/maven2/org/springframework/spring-expression/6.2.10/spring-expression-6.2.10.pom
2025-09-08 20:53:07,112 [Worker-33: Import Getting Started Content] INFO  o.e.m.c.i.e.AbstractTransferListenerAdapter - Downloaded https://repo.maven.apache.org/maven2/org/springframework/spring-expression/6.2.10/spring-expression-6.2.10.pom
2025-09-08 20:53:07,249 [Worker-33: Import Getting Started Content] INFO  o.e.m.c.i.e.AbstractTransferListenerAdapter - Downloading https://repo.maven.apache.org/maven2/io/micrometer/micrometer-observation/1.15.3/micrometer-observation-1.15.3.pom
2025-09-08 20:53:07,279 [Worker-33: Import Getting Started Content] INFO  o.e.m.c.i.e.AbstractTransferListenerAdapter - Downloaded https://repo.maven.apache.org/maven2/io/micrometer/micrometer-observation/1.15.3/micrometer-observation-1.15.3.pom
2025-09-08 20:53:07,398 [Worker-33: Import Getting Started Content] INFO  o.e.m.c.i.e.AbstractTransferListenerAdapter - Downloading https://repo.maven.apache.org/maven2/io/micrometer/micrometer-commons/1.15.3/micrometer-commons-1.15.3.pom
2025-09-08 20:53:07,439 [Worker-33: Import Getting Started Content] INFO  o.e.m.c.i.e.AbstractTransferListenerAdapter - Downloaded https://repo.maven.apache.org/maven2/io/micrometer/micrometer-commons/1.15.3/micrometer-commons-1.15.3.pom
2025-09-08 20:53:07,616 [Worker-33: Import Getting Started Content] INFO  o.e.m.c.i.e.AbstractTransferListenerAdapter - Downloading https://repo.maven.apache.org/maven2/org/springframework/boot/spring-boot-autoconfigure/3.5.5/spring-boot-autoconfigure-3.5.5.pom
2025-09-08 20:53:07,633 [Worker-33: Import Getting Started Content] INFO  o.e.m.c.i.e.AbstractTransferListenerAdapter - Downloaded https://repo.maven.apache.org/maven2/org/springframework/boot/spring-boot-autoconfigure/3.5.5/spring-boot-autoconfigure-3.5.5.pom
2025-09-08 20:53:07,768 [Worker-33: Import Getting Started Content] INFO  o.e.m.c.i.e.AbstractTransferListenerAdapter - Downloading https://repo.maven.apache.org/maven2/org/springframework/boot/spring-boot-starter-logging/3.5.5/spring-boot-starter-logging-3.5.5.pom
2025-09-08 20:53:07,801 [Worker-33: Import Getting Started Content] INFO  o.e.m.c.i.e.AbstractTransferListenerAdapter - Downloaded https://repo.maven.apache.org/maven2/org/springframework/boot/spring-boot-starter-logging/3.5.5/spring-boot-starter-logging-3.5.5.pom
2025-09-08 20:53:08,086 [Worker-33: Import Getting Started Content] INFO  o.e.m.c.i.e.AbstractTransferListenerAdapter - Downloading https://repo.maven.apache.org/maven2/org/yaml/snakeyaml/2.4/snakeyaml-2.4.pom
2025-09-08 20:53:08,121 [Worker-33: Import Getting Started Content] INFO  o.e.m.c.i.e.AbstractTransferListenerAdapter - Downloaded https://repo.maven.apache.org/maven2/org/yaml/snakeyaml/2.4/snakeyaml-2.4.pom
2025-09-08 20:53:08,237 [Worker-33: Import Getting Started Content] INFO  o.e.m.c.i.e.AbstractTransferListenerAdapter - Downloading https://repo.maven.apache.org/maven2/org/springframework/boot/spring-boot-starter-jdbc/3.5.5/spring-boot-starter-jdbc-3.5.5.pom
2025-09-08 20:53:08,261 [Worker-33: Import Getting Started Content] INFO  o.e.m.c.i.e.AbstractTransferListenerAdapter - Downloaded https://repo.maven.apache.org/maven2/org/springframework/boot/spring-boot-starter-jdbc/3.5.5/spring-boot-starter-jdbc-3.5.5.pom
2025-09-08 20:53:08,368 [Worker-33: Import Getting Started Content] INFO  o.e.m.c.i.e.AbstractTransferListenerAdapter - Downloading https://repo.maven.apache.org/maven2/com/zaxxer/HikariCP/6.3.2/HikariCP-6.3.2.pom
2025-09-08 20:53:08,439 [Worker-33: Import Getting Started Content] INFO  o.e.m.c.i.e.AbstractTransferListenerAdapter - Downloaded https://repo.maven.apache.org/maven2/com/zaxxer/HikariCP/6.3.2/HikariCP-6.3.2.pom
2025-09-08 20:53:08,551 [Worker-33: Import Getting Started Content] INFO  o.e.m.c.i.e.AbstractTransferListenerAdapter - Downloading https://repo.maven.apache.org/maven2/org/springframework/spring-jdbc/6.2.10/spring-jdbc-6.2.10.pom
2025-09-08 20:53:08,585 [Worker-33: Import Getting Started Content] INFO  o.e.m.c.i.e.AbstractTransferListenerAdapter - Downloaded https://repo.maven.apache.org/maven2/org/springframework/spring-jdbc/6.2.10/spring-jdbc-6.2.10.pom
2025-09-08 20:53:08,714 [Worker-33: Import Getting Started Content] INFO  o.e.m.c.i.e.AbstractTransferListenerAdapter - Downloading https://repo.maven.apache.org/maven2/org/springframework/spring-tx/6.2.10/spring-tx-6.2.10.pom
2025-09-08 20:53:08,723 [Worker-33: Import Getting Started Content] INFO  o.e.m.c.i.e.AbstractTransferListenerAdapter - Downloaded https://repo.maven.apache.org/maven2/org/springframework/spring-tx/6.2.10/spring-tx-6.2.10.pom
2025-09-08 20:53:08,839 [Worker-33: Import Getting Started Content] INFO  o.e.m.c.i.e.AbstractTransferListenerAdapter - Downloading https://repo.maven.apache.org/maven2/org/hibernate/orm/hibernate-core/6.6.26.Final/hibernate-core-6.6.26.Final.pom
2025-09-08 20:53:08,885 [Worker-33: Import Getting Started Content] INFO  o.e.m.c.i.e.AbstractTransferListenerAdapter - Downloaded https://repo.maven.apache.org/maven2/org/hibernate/orm/hibernate-core/6.6.26.Final/hibernate-core-6.6.26.Final.pom
2025-09-08 20:53:09,092 [Worker-33: Import Getting Started Content] INFO  o.e.m.c.i.e.AbstractTransferListenerAdapter - Downloading https://repo.maven.apache.org/maven2/net/bytebuddy/byte-buddy/1.17.7/byte-buddy-1.17.7.pom
2025-09-08 20:53:09,141 [Worker-33: Import Getting Started Content] INFO  o.e.m.c.i.e.AbstractTransferListenerAdapter - Downloaded https://repo.maven.apache.org/maven2/net/bytebuddy/byte-buddy/1.17.7/byte-buddy-1.17.7.pom
2025-09-08 20:53:09,244 [Worker-33: Import Getting Started Content] INFO  o.e.m.c.i.e.AbstractTransferListenerAdapter - Downloading https://repo.maven.apache.org/maven2/net/bytebuddy/byte-buddy-parent/1.17.7/byte-buddy-parent-1.17.7.pom
2025-09-08 20:53:09,336 [Worker-33: Import Getting Started Content] INFO  o.e.m.c.i.e.AbstractTransferListenerAdapter - Downloaded https://repo.maven.apache.org/maven2/net/bytebuddy/byte-buddy-parent/1.17.7/byte-buddy-parent-1.17.7.pom
2025-09-08 20:53:09,570 [Worker-33: Import Getting Started Content] INFO  o.e.m.c.i.e.AbstractTransferListenerAdapter - Downloading https://repo.maven.apache.org/maven2/org/springframework/data/spring-data-jpa/3.5.3/spring-data-jpa-3.5.3.pom
2025-09-08 20:53:09,601 [Worker-33: Import Getting Started Content] INFO  o.e.m.c.i.e.AbstractTransferListenerAdapter - Downloaded https://repo.maven.apache.org/maven2/org/springframework/data/spring-data-jpa/3.5.3/spring-data-jpa-3.5.3.pom
2025-09-08 20:53:09,717 [Worker-33: Import Getting Started Content] INFO  o.e.m.c.i.e.AbstractTransferListenerAdapter - Downloading https://repo.maven.apache.org/maven2/org/springframework/data/spring-data-jpa-parent/3.5.3/spring-data-jpa-parent-3.5.3.pom
2025-09-08 20:53:09,739 [Worker-33: Import Getting Started Content] INFO  o.e.m.c.i.e.AbstractTransferListenerAdapter - Downloaded https://repo.maven.apache.org/maven2/org/springframework/data/spring-data-jpa-parent/3.5.3/spring-data-jpa-parent-3.5.3.pom
2025-09-08 20:53:09,836 [Worker-33: Import Getting Started Content] INFO  o.e.m.c.i.e.AbstractTransferListenerAdapter - Downloading https://repo.maven.apache.org/maven2/org/springframework/data/build/spring-data-parent/3.5.3/spring-data-parent-3.5.3.pom
2025-09-08 20:53:09,907 [Worker-33: Import Getting Started Content] INFO  o.e.m.c.i.e.AbstractTransferListenerAdapter - Downloaded https://repo.maven.apache.org/maven2/org/springframework/data/build/spring-data-parent/3.5.3/spring-data-parent-3.5.3.pom
2025-09-08 20:53:10,053 [Worker-33: Import Getting Started Content] INFO  o.e.m.c.i.e.AbstractTransferListenerAdapter - Downloading https://repo.maven.apache.org/maven2/org/springframework/data/build/spring-data-build/3.5.3/spring-data-build-3.5.3.pom
2025-09-08 20:53:10,096 [Worker-33: Import Getting Started Content] INFO  o.e.m.c.i.e.AbstractTransferListenerAdapter - Downloaded https://repo.maven.apache.org/maven2/org/springframework/data/build/spring-data-build/3.5.3/spring-data-build-3.5.3.pom
2025-09-08 20:53:10,246 [Worker-33: Import Getting Started Content] INFO  o.e.m.c.i.e.AbstractTransferListenerAdapter - Downloading https://repo.maven.apache.org/maven2/com/fasterxml/jackson/jackson-bom/2.19.0/jackson-bom-2.19.0.pom
2025-09-08 20:53:10,300 [Worker-33: Import Getting Started Content] INFO  o.e.m.c.i.e.AbstractTransferListenerAdapter - Downloaded https://repo.maven.apache.org/maven2/com/fasterxml/jackson/jackson-bom/2.19.0/jackson-bom-2.19.0.pom
2025-09-08 20:53:10,458 [Worker-33: Import Getting Started Content] INFO  o.e.m.c.i.e.AbstractTransferListenerAdapter - Downloading https://repo.maven.apache.org/maven2/com/fasterxml/jackson/jackson-parent/2.19/jackson-parent-2.19.pom
2025-09-08 20:53:10,486 [Worker-33: Import Getting Started Content] INFO  o.e.m.c.i.e.AbstractTransferListenerAdapter - Downloaded https://repo.maven.apache.org/maven2/com/fasterxml/jackson/jackson-parent/2.19/jackson-parent-2.19.pom
2025-09-08 20:53:10,622 [Worker-33: Import Getting Started Content] INFO  o.e.m.c.i.e.AbstractTransferListenerAdapter - Downloading https://repo.maven.apache.org/maven2/com/fasterxml/oss-parent/65/oss-parent-65.pom
2025-09-08 20:53:10,679 [Worker-33: Import Getting Started Content] INFO  o.e.m.c.i.e.AbstractTransferListenerAdapter - Downloaded https://repo.maven.apache.org/maven2/com/fasterxml/oss-parent/65/oss-parent-65.pom
2025-09-08 20:53:10,797 [Worker-33: Import Getting Started Content] INFO  o.e.m.c.i.e.AbstractTransferListenerAdapter - Downloading https://repo.maven.apache.org/maven2/org/springframework/data/spring-data-commons/3.5.3/spring-data-commons-3.5.3.pom
2025-09-08 20:53:10,834 [Worker-33: Import Getting Started Content] INFO  o.e.m.c.i.e.AbstractTransferListenerAdapter - Downloaded https://repo.maven.apache.org/maven2/org/springframework/data/spring-data-commons/3.5.3/spring-data-commons-3.5.3.pom
2025-09-08 20:53:10,956 [Worker-33: Import Getting Started Content] INFO  o.e.m.c.i.e.AbstractTransferListenerAdapter - Downloading https://repo.maven.apache.org/maven2/org/springframework/spring-orm/6.2.10/spring-orm-6.2.10.pom
2025-09-08 20:53:10,979 [Worker-33: Import Getting Started Content] INFO  o.e.m.c.i.e.AbstractTransferListenerAdapter - Downloaded https://repo.maven.apache.org/maven2/org/springframework/spring-orm/6.2.10/spring-orm-6.2.10.pom
2025-09-08 20:53:11,092 [Worker-33: Import Getting Started Content] INFO  o.e.m.c.i.e.AbstractTransferListenerAdapter - Downloading https://repo.maven.apache.org/maven2/org/springframework/spring-aspects/6.2.10/spring-aspects-6.2.10.pom
2025-09-08 20:53:11,121 [Worker-33: Import Getting Started Content] INFO  o.e.m.c.i.e.AbstractTransferListenerAdapter - Downloaded https://repo.maven.apache.org/maven2/org/springframework/spring-aspects/6.2.10/spring-aspects-6.2.10.pom
2025-09-08 20:53:11,251 [Worker-33: Import Getting Started Content] INFO  o.e.m.c.i.e.AbstractTransferListenerAdapter - Downloading https://repo.maven.apache.org/maven2/org/aspectj/aspectjweaver/1.9.24/aspectjweaver-1.9.24.pom
2025-09-08 20:53:11,275 [Worker-33: Import Getting Started Content] INFO  o.e.m.c.i.e.AbstractTransferListenerAdapter - Downloaded https://repo.maven.apache.org/maven2/org/aspectj/aspectjweaver/1.9.24/aspectjweaver-1.9.24.pom
2025-09-08 20:53:11,412 [Worker-33: Import Getting Started Content] INFO  o.e.m.c.i.e.AbstractTransferListenerAdapter - Downloading https://repo.maven.apache.org/maven2/org/springframework/boot/spring-boot-starter-security/3.5.5/spring-boot-starter-security-3.5.5.pom
2025-09-08 20:53:11,425 [Worker-33: Import Getting Started Content] INFO  o.e.m.c.i.e.AbstractTransferListenerAdapter - Downloaded https://repo.maven.apache.org/maven2/org/springframework/boot/spring-boot-starter-security/3.5.5/spring-boot-starter-security-3.5.5.pom
2025-09-08 20:53:11,518 [Worker-33: Import Getting Started Content] INFO  o.e.m.c.i.e.AbstractTransferListenerAdapter - Downloading https://repo.maven.apache.org/maven2/org/springframework/security/spring-security-config/6.5.3/spring-security-config-6.5.3.pom
2025-09-08 20:53:11,526 [Worker-33: Import Getting Started Content] INFO  o.e.m.c.i.e.AbstractTransferListenerAdapter - Downloaded https://repo.maven.apache.org/maven2/org/springframework/security/spring-security-config/6.5.3/spring-security-config-6.5.3.pom
2025-09-08 20:53:11,635 [Worker-33: Import Getting Started Content] INFO  o.e.m.c.i.e.AbstractTransferListenerAdapter - Downloading https://repo.maven.apache.org/maven2/org/springframework/security/spring-security-core/6.5.3/spring-security-core-6.5.3.pom
2025-09-08 20:53:11,669 [Worker-33: Import Getting Started Content] INFO  o.e.m.c.i.e.AbstractTransferListenerAdapter - Downloaded https://repo.maven.apache.org/maven2/org/springframework/security/spring-security-core/6.5.3/spring-security-core-6.5.3.pom
2025-09-08 20:53:11,798 [Worker-33: Import Getting Started Content] INFO  o.e.m.c.i.e.AbstractTransferListenerAdapter - Downloading https://repo.maven.apache.org/maven2/org/springframework/security/spring-security-crypto/6.5.3/spring-security-crypto-6.5.3.pom
2025-09-08 20:53:11,833 [Worker-33: Import Getting Started Content] INFO  o.e.m.c.i.e.AbstractTransferListenerAdapter - Downloaded https://repo.maven.apache.org/maven2/org/springframework/security/spring-security-crypto/6.5.3/spring-security-crypto-6.5.3.pom
2025-09-08 20:53:11,953 [Worker-33: Import Getting Started Content] INFO  o.e.m.c.i.e.AbstractTransferListenerAdapter - Downloading https://repo.maven.apache.org/maven2/org/springframework/security/spring-security-web/6.5.3/spring-security-web-6.5.3.pom
2025-09-08 20:53:11,990 [Worker-33: Import Getting Started Content] INFO  o.e.m.c.i.e.AbstractTransferListenerAdapter - Downloaded https://repo.maven.apache.org/maven2/org/springframework/security/spring-security-web/6.5.3/spring-security-web-6.5.3.pom
2025-09-08 20:53:12,119 [Worker-33: Import Getting Started Content] INFO  o.e.m.c.i.e.AbstractTransferListenerAdapter - Downloading https://repo.maven.apache.org/maven2/org/springframework/spring-web/6.2.10/spring-web-6.2.10.pom
2025-09-08 20:53:12,136 [Worker-33: Import Getting Started Content] INFO  o.e.m.c.i.e.AbstractTransferListenerAdapter - Downloaded https://repo.maven.apache.org/maven2/org/springframework/spring-web/6.2.10/spring-web-6.2.10.pom
2025-09-08 20:53:12,229 [Worker-33: Import Getting Started Content] INFO  o.e.m.c.i.e.AbstractTransferListenerAdapter - Downloading https://repo.maven.apache.org/maven2/org/springframework/boot/spring-boot-starter-web/3.5.5/spring-boot-starter-web-3.5.5.pom
2025-09-08 20:53:12,236 [Worker-33: Import Getting Started Content] INFO  o.e.m.c.i.e.AbstractTransferListenerAdapter - Downloaded https://repo.maven.apache.org/maven2/org/springframework/boot/spring-boot-starter-web/3.5.5/spring-boot-starter-web-3.5.5.pom
2025-09-08 20:53:12,324 [Worker-33: Import Getting Started Content] INFO  o.e.m.c.i.e.AbstractTransferListenerAdapter - Downloading https://repo.maven.apache.org/maven2/org/springframework/boot/spring-boot-starter-json/3.5.5/spring-boot-starter-json-3.5.5.pom
2025-09-08 20:53:12,356 [Worker-33: Import Getting Started Content] INFO  o.e.m.c.i.e.AbstractTransferListenerAdapter - Downloaded https://repo.maven.apache.org/maven2/org/springframework/boot/spring-boot-starter-json/3.5.5/spring-boot-starter-json-3.5.5.pom
2025-09-08 20:53:12,485 [Worker-33: Import Getting Started Content] INFO  o.e.m.c.i.e.AbstractTransferListenerAdapter - Downloading https://repo.maven.apache.org/maven2/com/fasterxml/jackson/core/jackson-databind/2.19.2/jackson-databind-2.19.2.pom
2025-09-08 20:53:12,518 [Worker-33: Import Getting Started Content] INFO  o.e.m.c.i.e.AbstractTransferListenerAdapter - Downloaded https://repo.maven.apache.org/maven2/com/fasterxml/jackson/core/jackson-databind/2.19.2/jackson-databind-2.19.2.pom
2025-09-08 20:53:12,628 [Worker-33: Import Getting Started Content] INFO  o.e.m.c.i.e.AbstractTransferListenerAdapter - Downloading https://repo.maven.apache.org/maven2/com/fasterxml/jackson/jackson-base/2.19.2/jackson-base-2.19.2.pom
2025-09-08 20:53:12,663 [Worker-33: Import Getting Started Content] INFO  o.e.m.c.i.e.AbstractTransferListenerAdapter - Downloaded https://repo.maven.apache.org/maven2/com/fasterxml/jackson/jackson-base/2.19.2/jackson-base-2.19.2.pom
2025-09-08 20:53:12,801 [Worker-33: Import Getting Started Content] INFO  o.e.m.c.i.e.AbstractTransferListenerAdapter - Downloading https://repo.maven.apache.org/maven2/com/fasterxml/jackson/core/jackson-annotations/2.19.2/jackson-annotations-2.19.2.pom
2025-09-08 20:53:12,814 [Worker-33: Import Getting Started Content] INFO  o.e.m.c.i.e.AbstractTransferListenerAdapter - Downloaded https://repo.maven.apache.org/maven2/com/fasterxml/jackson/core/jackson-annotations/2.19.2/jackson-annotations-2.19.2.pom
2025-09-08 20:53:12,911 [Worker-33: Import Getting Started Content] INFO  o.e.m.c.i.e.AbstractTransferListenerAdapter - Downloading https://repo.maven.apache.org/maven2/com/fasterxml/jackson/core/jackson-core/2.19.2/jackson-core-2.19.2.pom
2025-09-08 20:53:12,952 [Worker-33: Import Getting Started Content] INFO  o.e.m.c.i.e.AbstractTransferListenerAdapter - Downloaded https://repo.maven.apache.org/maven2/com/fasterxml/jackson/core/jackson-core/2.19.2/jackson-core-2.19.2.pom
2025-09-08 20:53:13,091 [Worker-33: Import Getting Started Content] INFO  o.e.m.c.i.e.AbstractTransferListenerAdapter - Downloading https://repo.maven.apache.org/maven2/com/fasterxml/jackson/datatype/jackson-datatype-jdk8/2.19.2/jackson-datatype-jdk8-2.19.2.pom
2025-09-08 20:53:13,108 [Worker-33: Import Getting Started Content] INFO  o.e.m.c.i.e.AbstractTransferListenerAdapter - Downloaded https://repo.maven.apache.org/maven2/com/fasterxml/jackson/datatype/jackson-datatype-jdk8/2.19.2/jackson-datatype-jdk8-2.19.2.pom
2025-09-08 20:53:13,233 [Worker-33: Import Getting Started Content] INFO  o.e.m.c.i.e.AbstractTransferListenerAdapter - Downloading https://repo.maven.apache.org/maven2/com/fasterxml/jackson/module/jackson-modules-java8/2.19.2/jackson-modules-java8-2.19.2.pom
2025-09-08 20:53:13,264 [Worker-33: Import Getting Started Content] INFO  o.e.m.c.i.e.AbstractTransferListenerAdapter - Downloaded https://repo.maven.apache.org/maven2/com/fasterxml/jackson/module/jackson-modules-java8/2.19.2/jackson-modules-java8-2.19.2.pom
2025-09-08 20:53:13,385 [Worker-33: Import Getting Started Content] INFO  o.e.m.c.i.e.AbstractTransferListenerAdapter - Downloading https://repo.maven.apache.org/maven2/com/fasterxml/jackson/datatype/jackson-datatype-jsr310/2.19.2/jackson-datatype-jsr310-2.19.2.pom
2025-09-08 20:53:13,394 [Worker-33: Import Getting Started Content] INFO  o.e.m.c.i.e.AbstractTransferListenerAdapter - Downloaded https://repo.maven.apache.org/maven2/com/fasterxml/jackson/datatype/jackson-datatype-jsr310/2.19.2/jackson-datatype-jsr310-2.19.2.pom
2025-09-08 20:53:13,501 [Worker-33: Import Getting Started Content] INFO  o.e.m.c.i.e.AbstractTransferListenerAdapter - Downloading https://repo.maven.apache.org/maven2/com/fasterxml/jackson/module/jackson-module-parameter-names/2.19.2/jackson-module-parameter-names-2.19.2.pom
2025-09-08 20:53:13,521 [Worker-33: Import Getting Started Content] INFO  o.e.m.c.i.e.AbstractTransferListenerAdapter - Downloaded https://repo.maven.apache.org/maven2/com/fasterxml/jackson/module/jackson-module-parameter-names/2.19.2/jackson-module-parameter-names-2.19.2.pom
2025-09-08 20:53:13,670 [Worker-33: Import Getting Started Content] INFO  o.e.m.c.i.e.AbstractTransferListenerAdapter - Downloading https://repo.maven.apache.org/maven2/org/springframework/boot/spring-boot-starter-tomcat/3.5.5/spring-boot-starter-tomcat-3.5.5.pom
2025-09-08 20:53:13,708 [Worker-33: Import Getting Started Content] INFO  o.e.m.c.i.e.AbstractTransferListenerAdapter - Downloaded https://repo.maven.apache.org/maven2/org/springframework/boot/spring-boot-starter-tomcat/3.5.5/spring-boot-starter-tomcat-3.5.5.pom
2025-09-08 20:53:13,831 [Worker-33: Import Getting Started Content] INFO  o.e.m.c.i.e.AbstractTransferListenerAdapter - Downloading https://repo.maven.apache.org/maven2/org/apache/tomcat/embed/tomcat-embed-core/10.1.44/tomcat-embed-core-10.1.44.pom
2025-09-08 20:53:13,863 [Worker-33: Import Getting Started Content] INFO  o.e.m.c.i.e.AbstractTransferListenerAdapter - Downloaded https://repo.maven.apache.org/maven2/org/apache/tomcat/embed/tomcat-embed-core/10.1.44/tomcat-embed-core-10.1.44.pom
2025-09-08 20:53:13,999 [Worker-33: Import Getting Started Content] INFO  o.e.m.c.i.e.AbstractTransferListenerAdapter - Downloading https://repo.maven.apache.org/maven2/org/apache/tomcat/embed/tomcat-embed-el/10.1.44/tomcat-embed-el-10.1.44.pom
2025-09-08 20:53:14,030 [Worker-33: Import Getting Started Content] INFO  o.e.m.c.i.e.AbstractTransferListenerAdapter - Downloaded https://repo.maven.apache.org/maven2/org/apache/tomcat/embed/tomcat-embed-el/10.1.44/tomcat-embed-el-10.1.44.pom
2025-09-08 20:53:14,163 [Worker-33: Import Getting Started Content] INFO  o.e.m.c.i.e.AbstractTransferListenerAdapter - Downloading https://repo.maven.apache.org/maven2/org/apache/tomcat/embed/tomcat-embed-websocket/10.1.44/tomcat-embed-websocket-10.1.44.pom
2025-09-08 20:53:14,186 [Worker-33: Import Getting Started Content] INFO  o.e.m.c.i.e.AbstractTransferListenerAdapter - Downloaded https://repo.maven.apache.org/maven2/org/apache/tomcat/embed/tomcat-embed-websocket/10.1.44/tomcat-embed-websocket-10.1.44.pom
2025-09-08 20:53:14,296 [Worker-33: Import Getting Started Content] INFO  o.e.m.c.i.e.AbstractTransferListenerAdapter - Downloading https://repo.maven.apache.org/maven2/org/springframework/spring-webmvc/6.2.10/spring-webmvc-6.2.10.pom
2025-09-08 20:53:14,328 [Worker-33: Import Getting Started Content] INFO  o.e.m.c.i.e.AbstractTransferListenerAdapter - Downloaded https://repo.maven.apache.org/maven2/org/springframework/spring-webmvc/6.2.10/spring-webmvc-6.2.10.pom
2025-09-08 20:53:14,444 [Worker-33: Import Getting Started Content] INFO  o.e.m.c.i.e.AbstractTransferListenerAdapter - Downloading https://repo.maven.apache.org/maven2/com/mysql/mysql-connector-j/9.4.0/mysql-connector-j-9.4.0.pom
2025-09-08 20:53:14,479 [Worker-33: Import Getting Started Content] INFO  o.e.m.c.i.e.AbstractTransferListenerAdapter - Downloaded https://repo.maven.apache.org/maven2/com/mysql/mysql-connector-j/9.4.0/mysql-connector-j-9.4.0.pom
2025-09-08 20:53:14,592 [Worker-33: Import Getting Started Content] INFO  o.e.m.c.i.e.AbstractTransferListenerAdapter - Downloading https://repo.maven.apache.org/maven2/org/springframework/boot/spring-boot-starter-test/3.5.5/spring-boot-starter-test-3.5.5.pom
2025-09-08 20:53:14,617 [Worker-33: Import Getting Started Content] INFO  o.e.m.c.i.e.AbstractTransferListenerAdapter - Downloaded https://repo.maven.apache.org/maven2/org/springframework/boot/spring-boot-starter-test/3.5.5/spring-boot-starter-test-3.5.5.pom
2025-09-08 20:53:14,747 [Worker-33: Import Getting Started Content] INFO  o.e.m.c.i.e.AbstractTransferListenerAdapter - Downloading https://repo.maven.apache.org/maven2/org/springframework/boot/spring-boot-test/3.5.5/spring-boot-test-3.5.5.pom
2025-09-08 20:53:14,789 [Worker-33: Import Getting Started Content] INFO  o.e.m.c.i.e.AbstractTransferListenerAdapter - Downloaded https://repo.maven.apache.org/maven2/org/springframework/boot/spring-boot-test/3.5.5/spring-boot-test-3.5.5.pom
2025-09-08 20:53:14,903 [Worker-33: Import Getting Started Content] INFO  o.e.m.c.i.e.AbstractTransferListenerAdapter - Downloading https://repo.maven.apache.org/maven2/org/springframework/spring-test/6.2.10/spring-test-6.2.10.pom
2025-09-08 20:53:14,943 [Worker-33: Import Getting Started Content] INFO  o.e.m.c.i.e.AbstractTransferListenerAdapter - Downloaded https://repo.maven.apache.org/maven2/org/springframework/spring-test/6.2.10/spring-test-6.2.10.pom
2025-09-08 20:53:15,072 [Worker-33: Import Getting Started Content] INFO  o.e.m.c.i.e.AbstractTransferListenerAdapter - Downloading https://repo.maven.apache.org/maven2/org/springframework/boot/spring-boot-test-autoconfigure/3.5.5/spring-boot-test-autoconfigure-3.5.5.pom
2025-09-08 20:53:15,085 [Worker-33: Import Getting Started Content] INFO  o.e.m.c.i.e.AbstractTransferListenerAdapter - Downloaded https://repo.maven.apache.org/maven2/org/springframework/boot/spring-boot-test-autoconfigure/3.5.5/spring-boot-test-autoconfigure-3.5.5.pom
2025-09-08 20:53:15,225 [Worker-33: Import Getting Started Content] INFO  o.e.m.c.i.e.AbstractTransferListenerAdapter - Downloading https://repo.maven.apache.org/maven2/org/assertj/assertj-core/3.27.4/assertj-core-3.27.4.pom
2025-09-08 20:53:15,275 [Worker-33: Import Getting Started Content] INFO  o.e.m.c.i.e.AbstractTransferListenerAdapter - Downloaded https://repo.maven.apache.org/maven2/org/assertj/assertj-core/3.27.4/assertj-core-3.27.4.pom
2025-09-08 20:53:15,443 [Worker-33: Import Getting Started Content] INFO  o.e.m.c.i.e.AbstractTransferListenerAdapter - Downloading https://repo.maven.apache.org/maven2/org/hamcrest/hamcrest/3.0/hamcrest-3.0.pom
2025-09-08 20:53:15,471 [Worker-33: Import Getting Started Content] INFO  o.e.m.c.i.e.AbstractTransferListenerAdapter - Downloaded https://repo.maven.apache.org/maven2/org/hamcrest/hamcrest/3.0/hamcrest-3.0.pom
2025-09-08 20:53:15,586 [Worker-33: Import Getting Started Content] INFO  o.e.m.c.i.e.AbstractTransferListenerAdapter - Downloading https://repo.maven.apache.org/maven2/org/junit/jupiter/junit-jupiter/5.12.2/junit-jupiter-5.12.2.pom
2025-09-08 20:53:15,612 [Worker-33: Import Getting Started Content] INFO  o.e.m.c.i.e.AbstractTransferListenerAdapter - Downloaded https://repo.maven.apache.org/maven2/org/junit/jupiter/junit-jupiter/5.12.2/junit-jupiter-5.12.2.pom
2025-09-08 20:53:15,721 [Worker-33: Import Getting Started Content] INFO  o.e.m.c.i.e.AbstractTransferListenerAdapter - Downloading https://repo.maven.apache.org/maven2/org/junit/jupiter/junit-jupiter-api/5.12.2/junit-jupiter-api-5.12.2.pom
2025-09-08 20:53:15,750 [Worker-33: Import Getting Started Content] INFO  o.e.m.c.i.e.AbstractTransferListenerAdapter - Downloaded https://repo.maven.apache.org/maven2/org/junit/jupiter/junit-jupiter-api/5.12.2/junit-jupiter-api-5.12.2.pom
2025-09-08 20:53:15,849 [Worker-33: Import Getting Started Content] INFO  o.e.m.c.i.e.AbstractTransferListenerAdapter - Downloading https://repo.maven.apache.org/maven2/org/junit/platform/junit-platform-commons/1.12.2/junit-platform-commons-1.12.2.pom
2025-09-08 20:53:15,869 [Worker-33: Import Getting Started Content] INFO  o.e.m.c.i.e.AbstractTransferListenerAdapter - Downloaded https://repo.maven.apache.org/maven2/org/junit/platform/junit-platform-commons/1.12.2/junit-platform-commons-1.12.2.pom
2025-09-08 20:53:16,004 [Worker-33: Import Getting Started Content] INFO  o.e.m.c.i.e.AbstractTransferListenerAdapter - Downloading https://repo.maven.apache.org/maven2/org/junit/jupiter/junit-jupiter-params/5.12.2/junit-jupiter-params-5.12.2.pom
2025-09-08 20:53:16,030 [Worker-33: Import Getting Started Content] INFO  o.e.m.c.i.e.AbstractTransferListenerAdapter - Downloaded https://repo.maven.apache.org/maven2/org/junit/jupiter/junit-jupiter-params/5.12.2/junit-jupiter-params-5.12.2.pom
2025-09-08 20:53:16,167 [Worker-33: Import Getting Started Content] INFO  o.e.m.c.i.e.AbstractTransferListenerAdapter - Downloading https://repo.maven.apache.org/maven2/org/junit/jupiter/junit-jupiter-engine/5.12.2/junit-jupiter-engine-5.12.2.pom
2025-09-08 20:53:16,189 [Worker-33: Import Getting Started Content] INFO  o.e.m.c.i.e.AbstractTransferListenerAdapter - Downloaded https://repo.maven.apache.org/maven2/org/junit/jupiter/junit-jupiter-engine/5.12.2/junit-jupiter-engine-5.12.2.pom
2025-09-08 20:53:16,309 [Worker-33: Import Getting Started Content] INFO  o.e.m.c.i.e.AbstractTransferListenerAdapter - Downloading https://repo.maven.apache.org/maven2/org/junit/platform/junit-platform-engine/1.12.2/junit-platform-engine-1.12.2.pom
2025-09-08 20:53:16,349 [Worker-33: Import Getting Started Content] INFO  o.e.m.c.i.e.AbstractTransferListenerAdapter - Downloaded https://repo.maven.apache.org/maven2/org/junit/platform/junit-platform-engine/1.12.2/junit-platform-engine-1.12.2.pom
2025-09-08 20:53:16,541 [Worker-33: Import Getting Started Content] INFO  o.e.m.c.i.e.AbstractTransferListenerAdapter - Downloading https://repo.maven.apache.org/maven2/org/mockito/mockito-core/5.17.0/mockito-core-5.17.0.pom
2025-09-08 20:53:16,578 [Worker-33: Import Getting Started Content] INFO  o.e.m.c.i.e.AbstractTransferListenerAdapter - Downloaded https://repo.maven.apache.org/maven2/org/mockito/mockito-core/5.17.0/mockito-core-5.17.0.pom
2025-09-08 20:53:16,704 [Worker-33: Import Getting Started Content] INFO  o.e.m.c.i.e.AbstractTransferListenerAdapter - Downloading https://repo.maven.apache.org/maven2/net/bytebuddy/byte-buddy-agent/1.17.7/byte-buddy-agent-1.17.7.pom
2025-09-08 20:53:16,790 [Worker-33: Import Getting Started Content] INFO  o.e.m.c.i.e.AbstractTransferListenerAdapter - Downloaded https://repo.maven.apache.org/maven2/net/bytebuddy/byte-buddy-agent/1.17.7/byte-buddy-agent-1.17.7.pom
2025-09-08 20:53:16,923 [Worker-33: Import Getting Started Content] INFO  o.e.m.c.i.e.AbstractTransferListenerAdapter - Downloading https://repo.maven.apache.org/maven2/org/mockito/mockito-junit-jupiter/5.17.0/mockito-junit-jupiter-5.17.0.pom
2025-09-08 20:53:16,945 [Worker-33: Import Getting Started Content] INFO  o.e.m.c.i.e.AbstractTransferListenerAdapter - Downloaded https://repo.maven.apache.org/maven2/org/mockito/mockito-junit-jupiter/5.17.0/mockito-junit-jupiter-5.17.0.pom
2025-09-08 20:53:17,188 [Worker-33: Import Getting Started Content] INFO  o.e.m.c.i.e.AbstractTransferListenerAdapter - Downloading https://repo.maven.apache.org/maven2/org/xmlunit/xmlunit-core/2.10.3/xmlunit-core-2.10.3.pom
2025-09-08 20:53:17,226 [Worker-33: Import Getting Started Content] INFO  o.e.m.c.i.e.AbstractTransferListenerAdapter - Downloaded https://repo.maven.apache.org/maven2/org/xmlunit/xmlunit-core/2.10.3/xmlunit-core-2.10.3.pom
2025-09-08 20:53:17,352 [Worker-33: Import Getting Started Content] INFO  o.e.m.c.i.e.AbstractTransferListenerAdapter - Downloading https://repo.maven.apache.org/maven2/org/xmlunit/xmlunit-parent/2.10.3/xmlunit-parent-2.10.3.pom
2025-09-08 20:53:17,381 [Worker-33: Import Getting Started Content] INFO  o.e.m.c.i.e.AbstractTransferListenerAdapter - Downloaded https://repo.maven.apache.org/maven2/org/xmlunit/xmlunit-parent/2.10.3/xmlunit-parent-2.10.3.pom
2025-09-08 20:53:17,554 [Worker-33: Import Getting Started Content] INFO  o.e.m.c.i.e.AbstractTransferListenerAdapter - Downloading https://repo.maven.apache.org/maven2/org/springframework/security/spring-security-test/6.5.3/spring-security-test-6.5.3.pom
2025-09-08 20:53:17,570 [Worker-33: Import Getting Started Content] INFO  o.e.m.c.i.e.AbstractTransferListenerAdapter - Downloaded https://repo.maven.apache.org/maven2/org/springframework/security/spring-security-test/6.5.3/spring-security-test-6.5.3.pom
2025-09-08 20:53:17,934 [Worker-33: Import Getting Started Content] INFO  o.e.m.c.i.e.AbstractTransferListenerAdapter - Downloading https://repo.maven.apache.org/maven2/org/springframework/boot/spring-boot-starter-data-jpa/3.5.5/spring-boot-starter-data-jpa-3.5.5.jar
2025-09-08 20:53:17,942 [Worker-33: Import Getting Started Content] INFO  o.e.m.c.i.e.AbstractTransferListenerAdapter - Downloaded https://repo.maven.apache.org/maven2/org/springframework/boot/spring-boot-starter-data-jpa/3.5.5/spring-boot-starter-data-jpa-3.5.5.jar
2025-09-08 20:53:18,038 [BasicRepositoryConnector-repo.maven.apache.org-1-1] INFO  o.e.m.c.i.e.AbstractTransferListenerAdapter - Downloading https://repo.maven.apache.org/maven2/org/springframework/boot/spring-boot/3.5.5/spring-boot-3.5.5.jar
2025-09-08 20:53:18,277 [BasicRepositoryConnector-repo.maven.apache.org-1-4] INFO  o.e.m.c.i.e.AbstractTransferListenerAdapter - Downloading https://repo.maven.apache.org/maven2/org/yaml/snakeyaml/2.4/snakeyaml-2.4.jar
2025-09-08 20:53:18,298 [BasicRepositoryConnector-repo.maven.apache.org-1-2] INFO  o.e.m.c.i.e.AbstractTransferListenerAdapter - Downloading https://repo.maven.apache.org/maven2/org/springframework/boot/spring-boot-autoconfigure/3.5.5/spring-boot-autoconfigure-3.5.5.jar
2025-09-08 20:53:18,317 [BasicRepositoryConnector-repo.maven.apache.org-1-0] INFO  o.e.m.c.i.e.AbstractTransferListenerAdapter - Downloading https://repo.maven.apache.org/maven2/org/springframework/boot/spring-boot-starter/3.5.5/spring-boot-starter-3.5.5.jar
2025-09-08 20:53:18,349 [BasicRepositoryConnector-repo.maven.apache.org-1-0] INFO  o.e.m.c.i.e.AbstractTransferListenerAdapter - Downloaded https://repo.maven.apache.org/maven2/org/springframework/boot/spring-boot-starter/3.5.5/spring-boot-starter-3.5.5.jar
2025-09-08 20:53:18,349 [BasicRepositoryConnector-repo.maven.apache.org-1-3] INFO  o.e.m.c.i.e.AbstractTransferListenerAdapter - Downloading https://repo.maven.apache.org/maven2/org/springframework/boot/spring-boot-starter-logging/3.5.5/spring-boot-starter-logging-3.5.5.jar
2025-09-08 20:53:18,373 [BasicRepositoryConnector-repo.maven.apache.org-1-3] INFO  o.e.m.c.i.e.AbstractTransferListenerAdapter - Downloaded https://repo.maven.apache.org/maven2/org/springframework/boot/spring-boot-starter-logging/3.5.5/spring-boot-starter-logging-3.5.5.jar
2025-09-08 20:53:18,486 [BasicRepositoryConnector-repo.maven.apache.org-1-0] INFO  o.e.m.c.i.e.AbstractTransferListenerAdapter - Downloading https://repo.maven.apache.org/maven2/org/springframework/boot/spring-boot-starter-jdbc/3.5.5/spring-boot-starter-jdbc-3.5.5.jar
2025-09-08 20:53:18,509 [BasicRepositoryConnector-repo.maven.apache.org-1-0] INFO  o.e.m.c.i.e.AbstractTransferListenerAdapter - Downloaded https://repo.maven.apache.org/maven2/org/springframework/boot/spring-boot-starter-jdbc/3.5.5/spring-boot-starter-jdbc-3.5.5.jar
2025-09-08 20:53:18,518 [BasicRepositoryConnector-repo.maven.apache.org-1-3] INFO  o.e.m.c.i.e.AbstractTransferListenerAdapter - Downloading https://repo.maven.apache.org/maven2/com/zaxxer/HikariCP/6.3.2/HikariCP-6.3.2.jar
2025-09-08 20:53:18,986 [BasicRepositoryConnector-repo.maven.apache.org-1-0] INFO  o.e.m.c.i.e.AbstractTransferListenerAdapter - Downloading https://repo.maven.apache.org/maven2/org/springframework/spring-jdbc/6.2.10/spring-jdbc-6.2.10.jar
2025-09-08 20:53:19,663 [BasicRepositoryConnector-repo.maven.apache.org-1-4] INFO  o.e.m.c.i.e.AbstractTransferListenerAdapter - Downloaded https://repo.maven.apache.org/maven2/org/yaml/snakeyaml/2.4/snakeyaml-2.4.jar
2025-09-08 20:53:19,672 [BasicRepositoryConnector-repo.maven.apache.org-1-3] INFO  o.e.m.c.i.e.AbstractTransferListenerAdapter - Downloaded https://repo.maven.apache.org/maven2/com/zaxxer/HikariCP/6.3.2/HikariCP-6.3.2.jar
2025-09-08 20:53:19,916 [BasicRepositoryConnector-repo.maven.apache.org-1-3] INFO  o.e.m.c.i.e.AbstractTransferListenerAdapter - Downloading https://repo.maven.apache.org/maven2/net/bytebuddy/byte-buddy/1.17.7/byte-buddy-1.17.7.jar
2025-09-08 20:53:19,942 [BasicRepositoryConnector-repo.maven.apache.org-1-4] INFO  o.e.m.c.i.e.AbstractTransferListenerAdapter - Downloading https://repo.maven.apache.org/maven2/org/hibernate/orm/hibernate-core/6.6.26.Final/hibernate-core-6.6.26.Final.jar
2025-09-08 20:53:24,039 [BasicRepositoryConnector-repo.maven.apache.org-1-0] INFO  o.e.m.c.i.e.AbstractTransferListenerAdapter - Downloaded https://repo.maven.apache.org/maven2/org/springframework/spring-jdbc/6.2.10/spring-jdbc-6.2.10.jar
2025-09-08 20:53:24,508 [BasicRepositoryConnector-repo.maven.apache.org-1-0] INFO  o.e.m.c.i.e.AbstractTransferListenerAdapter - Downloading https://repo.maven.apache.org/maven2/org/springframework/data/spring-data-jpa/3.5.3/spring-data-jpa-3.5.3.jar
2025-09-08 20:53:27,079 [BasicRepositoryConnector-repo.maven.apache.org-1-1] INFO  o.e.m.c.i.e.AbstractTransferListenerAdapter - Downloaded https://repo.maven.apache.org/maven2/org/springframework/boot/spring-boot/3.5.5/spring-boot-3.5.5.jar
2025-09-08 20:53:27,151 [BasicRepositoryConnector-repo.maven.apache.org-1-2] INFO  o.e.m.c.i.e.AbstractTransferListenerAdapter - Downloaded https://repo.maven.apache.org/maven2/org/springframework/boot/spring-boot-autoconfigure/3.5.5/spring-boot-autoconfigure-3.5.5.jar
2025-09-08 20:53:27,189 [BasicRepositoryConnector-repo.maven.apache.org-1-1] INFO  o.e.m.c.i.e.AbstractTransferListenerAdapter - Downloading https://repo.maven.apache.org/maven2/org/springframework/data/spring-data-commons/3.5.3/spring-data-commons-3.5.3.jar
2025-09-08 20:53:27,290 [BasicRepositoryConnector-repo.maven.apache.org-1-2] INFO  o.e.m.c.i.e.AbstractTransferListenerAdapter - Downloading https://repo.maven.apache.org/maven2/org/springframework/spring-orm/6.2.10/spring-orm-6.2.10.jar
2025-09-08 20:53:28,238 [BasicRepositoryConnector-repo.maven.apache.org-1-2] INFO  o.e.m.c.i.e.AbstractTransferListenerAdapter - Downloaded https://repo.maven.apache.org/maven2/org/springframework/spring-orm/6.2.10/spring-orm-6.2.10.jar
2025-09-08 20:53:28,355 [BasicRepositoryConnector-repo.maven.apache.org-1-2] INFO  o.e.m.c.i.e.AbstractTransferListenerAdapter - Downloading https://repo.maven.apache.org/maven2/org/springframework/spring-context/6.2.10/spring-context-6.2.10.jar
2025-09-08 20:53:33,371 [BasicRepositoryConnector-repo.maven.apache.org-1-2] INFO  o.e.m.c.i.e.AbstractTransferListenerAdapter - Downloaded https://repo.maven.apache.org/maven2/org/springframework/spring-context/6.2.10/spring-context-6.2.10.jar
2025-09-08 20:53:33,559 [BasicRepositoryConnector-repo.maven.apache.org-1-2] INFO  o.e.m.c.i.e.AbstractTransferListenerAdapter - Downloading https://repo.maven.apache.org/maven2/org/springframework/spring-tx/6.2.10/spring-tx-6.2.10.jar
2025-09-08 20:53:33,751 [BasicRepositoryConnector-repo.maven.apache.org-1-1] INFO  o.e.m.c.i.e.AbstractTransferListenerAdapter - Downloaded https://repo.maven.apache.org/maven2/org/springframework/data/spring-data-commons/3.5.3/spring-data-commons-3.5.3.jar
2025-09-08 20:53:33,966 [BasicRepositoryConnector-repo.maven.apache.org-1-1] INFO  o.e.m.c.i.e.AbstractTransferListenerAdapter - Downloading https://repo.maven.apache.org/maven2/org/springframework/spring-beans/6.2.10/spring-beans-6.2.10.jar
2025-09-08 20:53:35,015 [BasicRepositoryConnector-repo.maven.apache.org-1-2] INFO  o.e.m.c.i.e.AbstractTransferListenerAdapter - Downloaded https://repo.maven.apache.org/maven2/org/springframework/spring-tx/6.2.10/spring-tx-6.2.10.jar
2025-09-08 20:53:35,445 [BasicRepositoryConnector-repo.maven.apache.org-1-2] INFO  o.e.m.c.i.e.AbstractTransferListenerAdapter - Downloading https://repo.maven.apache.org/maven2/org/springframework/spring-aspects/6.2.10/spring-aspects-6.2.10.jar
2025-09-08 20:53:35,718 [BasicRepositoryConnector-repo.maven.apache.org-1-2] INFO  o.e.m.c.i.e.AbstractTransferListenerAdapter - Downloaded https://repo.maven.apache.org/maven2/org/springframework/spring-aspects/6.2.10/spring-aspects-6.2.10.jar
2025-09-08 20:53:36,074 [BasicRepositoryConnector-repo.maven.apache.org-1-2] INFO  o.e.m.c.i.e.AbstractTransferListenerAdapter - Downloading https://repo.maven.apache.org/maven2/org/aspectj/aspectjweaver/1.9.24/aspectjweaver-1.9.24.jar
2025-09-08 20:53:36,150 [BasicRepositoryConnector-repo.maven.apache.org-1-1] INFO  o.e.m.c.i.e.AbstractTransferListenerAdapter - Downloaded https://repo.maven.apache.org/maven2/org/springframework/spring-beans/6.2.10/spring-beans-6.2.10.jar
2025-09-08 20:53:36,395 [BasicRepositoryConnector-repo.maven.apache.org-1-1] INFO  o.e.m.c.i.e.AbstractTransferListenerAdapter - Downloading https://repo.maven.apache.org/maven2/org/springframework/boot/spring-boot-starter-security/3.5.5/spring-boot-starter-security-3.5.5.jar
2025-09-08 20:53:36,406 [BasicRepositoryConnector-repo.maven.apache.org-1-1] INFO  o.e.m.c.i.e.AbstractTransferListenerAdapter - Downloaded https://repo.maven.apache.org/maven2/org/springframework/boot/spring-boot-starter-security/3.5.5/spring-boot-starter-security-3.5.5.jar
2025-09-08 20:53:36,824 [BasicRepositoryConnector-repo.maven.apache.org-1-1] INFO  o.e.m.c.i.e.AbstractTransferListenerAdapter - Downloading https://repo.maven.apache.org/maven2/org/springframework/spring-aop/6.2.10/spring-aop-6.2.10.jar
2025-09-08 20:53:39,040 [BasicRepositoryConnector-repo.maven.apache.org-1-1] INFO  o.e.m.c.i.e.AbstractTransferListenerAdapter - Downloaded https://repo.maven.apache.org/maven2/org/springframework/spring-aop/6.2.10/spring-aop-6.2.10.jar
2025-09-08 20:53:39,197 [BasicRepositoryConnector-repo.maven.apache.org-1-1] INFO  o.e.m.c.i.e.AbstractTransferListenerAdapter - Downloading https://repo.maven.apache.org/maven2/org/springframework/security/spring-security-config/6.5.3/spring-security-config-6.5.3.jar
2025-09-08 20:53:40,846 [BasicRepositoryConnector-repo.maven.apache.org-1-0] INFO  o.e.m.c.i.e.AbstractTransferListenerAdapter - Downloaded https://repo.maven.apache.org/maven2/org/springframework/data/spring-data-jpa/3.5.3/spring-data-jpa-3.5.3.jar
2025-09-08 20:53:41,026 [BasicRepositoryConnector-repo.maven.apache.org-1-0] INFO  o.e.m.c.i.e.AbstractTransferListenerAdapter - Downloading https://repo.maven.apache.org/maven2/org/springframework/security/spring-security-web/6.5.3/spring-security-web-6.5.3.jar
2025-09-08 20:53:46,172 [BasicRepositoryConnector-repo.maven.apache.org-1-1] INFO  o.e.m.c.i.e.AbstractTransferListenerAdapter - Downloaded https://repo.maven.apache.org/maven2/org/springframework/security/spring-security-config/6.5.3/spring-security-config-6.5.3.jar
2025-09-08 20:53:46,468 [BasicRepositoryConnector-repo.maven.apache.org-1-1] INFO  o.e.m.c.i.e.AbstractTransferListenerAdapter - Downloading https://repo.maven.apache.org/maven2/org/springframework/spring-expression/6.2.10/spring-expression-6.2.10.jar
2025-09-08 20:53:48,147 [BasicRepositoryConnector-repo.maven.apache.org-1-1] INFO  o.e.m.c.i.e.AbstractTransferListenerAdapter - Downloaded https://repo.maven.apache.org/maven2/org/springframework/spring-expression/6.2.10/spring-expression-6.2.10.jar
2025-09-08 20:53:48,436 [BasicRepositoryConnector-repo.maven.apache.org-1-0] INFO  o.e.m.c.i.e.AbstractTransferListenerAdapter - Downloaded https://repo.maven.apache.org/maven2/org/springframework/security/spring-security-web/6.5.3/spring-security-web-6.5.3.jar
2025-09-08 20:53:48,632 [BasicRepositoryConnector-repo.maven.apache.org-1-1] INFO  o.e.m.c.i.e.AbstractTransferListenerAdapter - Downloading https://repo.maven.apache.org/maven2/org/springframework/boot/spring-boot-starter-web/3.5.5/spring-boot-starter-web-3.5.5.jar
2025-09-08 20:53:48,689 [BasicRepositoryConnector-repo.maven.apache.org-1-1] INFO  o.e.m.c.i.e.AbstractTransferListenerAdapter - Downloaded https://repo.maven.apache.org/maven2/org/springframework/boot/spring-boot-starter-web/3.5.5/spring-boot-starter-web-3.5.5.jar
2025-09-08 20:53:48,880 [BasicRepositoryConnector-repo.maven.apache.org-1-0] INFO  o.e.m.c.i.e.AbstractTransferListenerAdapter - Downloading https://repo.maven.apache.org/maven2/org/springframework/boot/spring-boot-starter-json/3.5.5/spring-boot-starter-json-3.5.5.jar
2025-09-08 20:53:48,930 [BasicRepositoryConnector-repo.maven.apache.org-1-0] INFO  o.e.m.c.i.e.AbstractTransferListenerAdapter - Downloaded https://repo.maven.apache.org/maven2/org/springframework/boot/spring-boot-starter-json/3.5.5/spring-boot-starter-json-3.5.5.jar
2025-09-08 20:53:49,025 [BasicRepositoryConnector-repo.maven.apache.org-1-1] INFO  o.e.m.c.i.e.AbstractTransferListenerAdapter - Downloading https://repo.maven.apache.org/maven2/com/fasterxml/jackson/core/jackson-databind/2.19.2/jackson-databind-2.19.2.jar
2025-09-08 20:53:49,439 [BasicRepositoryConnector-repo.maven.apache.org-1-0] INFO  o.e.m.c.i.e.AbstractTransferListenerAdapter - Downloading https://repo.maven.apache.org/maven2/com/fasterxml/jackson/core/jackson-annotations/2.19.2/jackson-annotations-2.19.2.jar
2025-09-08 20:53:50,704 [BasicRepositoryConnector-repo.maven.apache.org-1-0] INFO  o.e.m.c.i.e.AbstractTransferListenerAdapter - Downloaded https://repo.maven.apache.org/maven2/com/fasterxml/jackson/core/jackson-annotations/2.19.2/jackson-annotations-2.19.2.jar
2025-09-08 20:53:51,055 [BasicRepositoryConnector-repo.maven.apache.org-1-0] INFO  o.e.m.c.i.e.AbstractTransferListenerAdapter - Downloading https://repo.maven.apache.org/maven2/com/fasterxml/jackson/core/jackson-core/2.19.2/jackson-core-2.19.2.jar
2025-09-08 20:53:54,326 [BasicRepositoryConnector-repo.maven.apache.org-1-2] INFO  o.e.m.c.i.e.AbstractTransferListenerAdapter - Downloaded https://repo.maven.apache.org/maven2/org/aspectj/aspectjweaver/1.9.24/aspectjweaver-1.9.24.jar
2025-09-08 20:53:54,617 [BasicRepositoryConnector-repo.maven.apache.org-1-2] INFO  o.e.m.c.i.e.AbstractTransferListenerAdapter - Downloading https://repo.maven.apache.org/maven2/com/fasterxml/jackson/datatype/jackson-datatype-jdk8/2.19.2/jackson-datatype-jdk8-2.19.2.jar
2025-09-08 20:53:55,021 [BasicRepositoryConnector-repo.maven.apache.org-1-2] INFO  o.e.m.c.i.e.AbstractTransferListenerAdapter - Downloaded https://repo.maven.apache.org/maven2/com/fasterxml/jackson/datatype/jackson-datatype-jdk8/2.19.2/jackson-datatype-jdk8-2.19.2.jar
2025-09-08 20:53:55,399 [BasicRepositoryConnector-repo.maven.apache.org-1-2] INFO  o.e.m.c.i.e.AbstractTransferListenerAdapter - Downloading https://repo.maven.apache.org/maven2/com/fasterxml/jackson/datatype/jackson-datatype-jsr310/2.19.2/jackson-datatype-jsr310-2.19.2.jar
2025-09-08 20:53:55,676 [BasicRepositoryConnector-repo.maven.apache.org-1-0] INFO  o.e.m.c.i.e.AbstractTransferListenerAdapter - Downloaded https://repo.maven.apache.org/maven2/com/fasterxml/jackson/core/jackson-core/2.19.2/jackson-core-2.19.2.jar
2025-09-08 20:53:56,069 [BasicRepositoryConnector-repo.maven.apache.org-1-0] INFO  o.e.m.c.i.e.AbstractTransferListenerAdapter - Downloading https://repo.maven.apache.org/maven2/com/fasterxml/jackson/module/jackson-module-parameter-names/2.19.2/jackson-module-parameter-names-2.19.2.jar
2025-09-08 20:53:56,156 [BasicRepositoryConnector-repo.maven.apache.org-1-0] INFO  o.e.m.c.i.e.AbstractTransferListenerAdapter - Downloaded https://repo.maven.apache.org/maven2/com/fasterxml/jackson/module/jackson-module-parameter-names/2.19.2/jackson-module-parameter-names-2.19.2.jar
2025-09-08 20:53:56,390 [BasicRepositoryConnector-repo.maven.apache.org-1-2] INFO  o.e.m.c.i.e.AbstractTransferListenerAdapter - Downloaded https://repo.maven.apache.org/maven2/com/fasterxml/jackson/datatype/jackson-datatype-jsr310/2.19.2/jackson-datatype-jsr310-2.19.2.jar
2025-09-08 20:53:56,598 [BasicRepositoryConnector-repo.maven.apache.org-1-0] INFO  o.e.m.c.i.e.AbstractTransferListenerAdapter - Downloading https://repo.maven.apache.org/maven2/org/springframework/boot/spring-boot-starter-tomcat/3.5.5/spring-boot-starter-tomcat-3.5.5.jar
2025-09-08 20:53:56,663 [BasicRepositoryConnector-repo.maven.apache.org-1-0] INFO  o.e.m.c.i.e.AbstractTransferListenerAdapter - Downloaded https://repo.maven.apache.org/maven2/org/springframework/boot/spring-boot-starter-tomcat/3.5.5/spring-boot-starter-tomcat-3.5.5.jar
2025-09-08 20:53:56,755 [BasicRepositoryConnector-repo.maven.apache.org-1-2] INFO  o.e.m.c.i.e.AbstractTransferListenerAdapter - Downloading https://repo.maven.apache.org/maven2/org/apache/tomcat/embed/tomcat-embed-core/10.1.44/tomcat-embed-core-10.1.44.jar
2025-09-08 20:53:57,033 [BasicRepositoryConnector-repo.maven.apache.org-1-0] INFO  o.e.m.c.i.e.AbstractTransferListenerAdapter - Downloading https://repo.maven.apache.org/maven2/org/apache/tomcat/embed/tomcat-embed-el/10.1.44/tomcat-embed-el-10.1.44.jar
2025-09-08 20:53:58,945 [BasicRepositoryConnector-repo.maven.apache.org-1-0] INFO  o.e.m.c.i.e.AbstractTransferListenerAdapter - Downloaded https://repo.maven.apache.org/maven2/org/apache/tomcat/embed/tomcat-embed-el/10.1.44/tomcat-embed-el-10.1.44.jar
2025-09-08 20:53:59,284 [BasicRepositoryConnector-repo.maven.apache.org-1-0] INFO  o.e.m.c.i.e.AbstractTransferListenerAdapter - Downloading https://repo.maven.apache.org/maven2/org/apache/tomcat/embed/tomcat-embed-websocket/10.1.44/tomcat-embed-websocket-10.1.44.jar
2025-09-08 20:54:01,257 [BasicRepositoryConnector-repo.maven.apache.org-1-0] INFO  o.e.m.c.i.e.AbstractTransferListenerAdapter - Downloaded https://repo.maven.apache.org/maven2/org/apache/tomcat/embed/tomcat-embed-websocket/10.1.44/tomcat-embed-websocket-10.1.44.jar
2025-09-08 20:54:01,556 [BasicRepositoryConnector-repo.maven.apache.org-1-0] INFO  o.e.m.c.i.e.AbstractTransferListenerAdapter - Downloading https://repo.maven.apache.org/maven2/org/springframework/spring-web/6.2.10/spring-web-6.2.10.jar
2025-09-08 20:54:01,661 [BasicRepositoryConnector-repo.maven.apache.org-1-1] INFO  o.e.m.c.i.e.AbstractTransferListenerAdapter - Downloaded https://repo.maven.apache.org/maven2/com/fasterxml/jackson/core/jackson-databind/2.19.2/jackson-databind-2.19.2.jar
2025-09-08 20:54:01,857 [BasicRepositoryConnector-repo.maven.apache.org-1-3] INFO  o.e.m.c.i.e.AbstractTransferListenerAdapter - Downloaded https://repo.maven.apache.org/maven2/net/bytebuddy/byte-buddy/1.17.7/byte-buddy-1.17.7.jar
2025-09-08 20:54:01,927 [BasicRepositoryConnector-repo.maven.apache.org-1-1] INFO  o.e.m.c.i.e.AbstractTransferListenerAdapter - Downloading https://repo.maven.apache.org/maven2/io/micrometer/micrometer-observation/1.15.3/micrometer-observation-1.15.3.jar
2025-09-08 20:54:02,144 [BasicRepositoryConnector-repo.maven.apache.org-1-3] INFO  o.e.m.c.i.e.AbstractTransferListenerAdapter - Downloading https://repo.maven.apache.org/maven2/io/micrometer/micrometer-commons/1.15.3/micrometer-commons-1.15.3.jar
2025-09-08 20:54:02,247 [BasicRepositoryConnector-repo.maven.apache.org-1-1] INFO  o.e.m.c.i.e.AbstractTransferListenerAdapter - Downloaded https://repo.maven.apache.org/maven2/io/micrometer/micrometer-observation/1.15.3/micrometer-observation-1.15.3.jar
2025-09-08 20:54:02,458 [BasicRepositoryConnector-repo.maven.apache.org-1-3] INFO  o.e.m.c.i.e.AbstractTransferListenerAdapter - Downloaded https://repo.maven.apache.org/maven2/io/micrometer/micrometer-commons/1.15.3/micrometer-commons-1.15.3.jar
2025-09-08 20:54:02,589 [BasicRepositoryConnector-repo.maven.apache.org-1-1] INFO  o.e.m.c.i.e.AbstractTransferListenerAdapter - Downloading https://repo.maven.apache.org/maven2/org/springframework/spring-webmvc/6.2.10/spring-webmvc-6.2.10.jar
2025-09-08 20:54:02,779 [BasicRepositoryConnector-repo.maven.apache.org-1-3] INFO  o.e.m.c.i.e.AbstractTransferListenerAdapter - Downloading https://repo.maven.apache.org/maven2/com/mysql/mysql-connector-j/9.4.0/mysql-connector-j-9.4.0.jar
2025-09-08 20:54:12,799 [BasicRepositoryConnector-repo.maven.apache.org-1-1] INFO  o.e.m.c.i.e.AbstractTransferListenerAdapter - Downloaded https://repo.maven.apache.org/maven2/org/springframework/spring-webmvc/6.2.10/spring-webmvc-6.2.10.jar
2025-09-08 20:54:13,612 [BasicRepositoryConnector-repo.maven.apache.org-1-1] INFO  o.e.m.c.i.e.AbstractTransferListenerAdapter - Downloading https://repo.maven.apache.org/maven2/org/springframework/boot/spring-boot-starter-test/3.5.5/spring-boot-starter-test-3.5.5.jar
2025-09-08 20:54:14,969 [BasicRepositoryConnector-repo.maven.apache.org-1-1] INFO  o.e.m.c.i.e.AbstractTransferListenerAdapter - Downloaded https://repo.maven.apache.org/maven2/org/springframework/boot/spring-boot-starter-test/3.5.5/spring-boot-starter-test-3.5.5.jar
2025-09-08 20:54:15,361 [BasicRepositoryConnector-repo.maven.apache.org-1-1] INFO  o.e.m.c.i.e.AbstractTransferListenerAdapter - Downloading https://repo.maven.apache.org/maven2/org/springframework/boot/spring-boot-test/3.5.5/spring-boot-test-3.5.5.jar
2025-09-08 20:54:16,568 [BasicRepositoryConnector-repo.maven.apache.org-1-2] INFO  o.e.m.c.i.e.AbstractTransferListenerAdapter - Downloaded https://repo.maven.apache.org/maven2/org/apache/tomcat/embed/tomcat-embed-core/10.1.44/tomcat-embed-core-10.1.44.jar
2025-09-08 20:54:16,700 [BasicRepositoryConnector-repo.maven.apache.org-1-2] INFO  o.e.m.c.i.e.AbstractTransferListenerAdapter - Downloading https://repo.maven.apache.org/maven2/org/springframework/boot/spring-boot-test-autoconfigure/3.5.5/spring-boot-test-autoconfigure-3.5.5.jar
2025-09-08 20:54:17,031 [BasicRepositoryConnector-repo.maven.apache.org-1-2] INFO  o.e.m.c.i.e.AbstractTransferListenerAdapter - Downloaded https://repo.maven.apache.org/maven2/org/springframework/boot/spring-boot-test-autoconfigure/3.5.5/spring-boot-test-autoconfigure-3.5.5.jar
2025-09-08 20:54:17,132 [BasicRepositoryConnector-repo.maven.apache.org-1-2] INFO  o.e.m.c.i.e.AbstractTransferListenerAdapter - Downloading https://repo.maven.apache.org/maven2/org/assertj/assertj-core/3.27.4/assertj-core-3.27.4.jar
2025-09-08 20:54:18,262 [BasicRepositoryConnector-repo.maven.apache.org-1-1] INFO  o.e.m.c.i.e.AbstractTransferListenerAdapter - Downloaded https://repo.maven.apache.org/maven2/org/springframework/boot/spring-boot-test/3.5.5/spring-boot-test-3.5.5.jar
2025-09-08 20:54:18,377 [BasicRepositoryConnector-repo.maven.apache.org-1-1] INFO  o.e.m.c.i.e.AbstractTransferListenerAdapter - Downloading https://repo.maven.apache.org/maven2/org/hamcrest/hamcrest/3.0/hamcrest-3.0.jar
2025-09-08 20:54:19,036 [BasicRepositoryConnector-repo.maven.apache.org-1-0] INFO  o.e.m.c.i.e.AbstractTransferListenerAdapter - Downloaded https://repo.maven.apache.org/maven2/org/springframework/spring-web/6.2.10/spring-web-6.2.10.jar
2025-09-08 20:54:19,135 [BasicRepositoryConnector-repo.maven.apache.org-1-0] INFO  o.e.m.c.i.e.AbstractTransferListenerAdapter - Downloading https://repo.maven.apache.org/maven2/org/junit/jupiter/junit-jupiter/5.12.2/junit-jupiter-5.12.2.jar
2025-09-08 20:54:19,196 [BasicRepositoryConnector-repo.maven.apache.org-1-0] INFO  o.e.m.c.i.e.AbstractTransferListenerAdapter - Downloaded https://repo.maven.apache.org/maven2/org/junit/jupiter/junit-jupiter/5.12.2/junit-jupiter-5.12.2.jar
2025-09-08 20:54:19,361 [BasicRepositoryConnector-repo.maven.apache.org-1-0] INFO  o.e.m.c.i.e.AbstractTransferListenerAdapter - Downloading https://repo.maven.apache.org/maven2/org/junit/jupiter/junit-jupiter-api/5.12.2/junit-jupiter-api-5.12.2.jar
2025-09-08 20:54:19,441 [BasicRepositoryConnector-repo.maven.apache.org-1-3] INFO  o.e.m.c.i.e.AbstractTransferListenerAdapter - Downloaded https://repo.maven.apache.org/maven2/com/mysql/mysql-connector-j/9.4.0/mysql-connector-j-9.4.0.jar
2025-09-08 20:54:19,448 [BasicRepositoryConnector-repo.maven.apache.org-1-1] INFO  o.e.m.c.i.e.AbstractTransferListenerAdapter - Downloaded https://repo.maven.apache.org/maven2/org/hamcrest/hamcrest/3.0/hamcrest-3.0.jar
2025-09-08 20:54:19,611 [BasicRepositoryConnector-repo.maven.apache.org-1-3] INFO  o.e.m.c.i.e.AbstractTransferListenerAdapter - Downloading https://repo.maven.apache.org/maven2/org/junit/platform/junit-platform-commons/1.12.2/junit-platform-commons-1.12.2.jar
2025-09-08 20:54:19,620 [BasicRepositoryConnector-repo.maven.apache.org-1-1] INFO  o.e.m.c.i.e.AbstractTransferListenerAdapter - Downloading https://repo.maven.apache.org/maven2/org/junit/jupiter/junit-jupiter-params/5.12.2/junit-jupiter-params-5.12.2.jar
2025-09-08 20:54:19,923 [BasicRepositoryConnector-repo.maven.apache.org-1-2] INFO  o.e.m.c.i.e.AbstractTransferListenerAdapter - Downloaded https://repo.maven.apache.org/maven2/org/assertj/assertj-core/3.27.4/assertj-core-3.27.4.jar
2025-09-08 20:54:20,035 [BasicRepositoryConnector-repo.maven.apache.org-1-2] INFO  o.e.m.c.i.e.AbstractTransferListenerAdapter - Downloading https://repo.maven.apache.org/maven2/org/junit/jupiter/junit-jupiter-engine/5.12.2/junit-jupiter-engine-5.12.2.jar
2025-09-08 20:54:20,454 [BasicRepositoryConnector-repo.maven.apache.org-1-0] INFO  o.e.m.c.i.e.AbstractTransferListenerAdapter - Downloaded https://repo.maven.apache.org/maven2/org/junit/jupiter/junit-jupiter-api/5.12.2/junit-jupiter-api-5.12.2.jar
2025-09-08 20:54:20,733 [BasicRepositoryConnector-repo.maven.apache.org-1-3] INFO  o.e.m.c.i.e.AbstractTransferListenerAdapter - Downloaded https://repo.maven.apache.org/maven2/org/junit/platform/junit-platform-commons/1.12.2/junit-platform-commons-1.12.2.jar
2025-09-08 20:54:20,736 [BasicRepositoryConnector-repo.maven.apache.org-1-0] INFO  o.e.m.c.i.e.AbstractTransferListenerAdapter - Downloading https://repo.maven.apache.org/maven2/org/junit/platform/junit-platform-engine/1.12.2/junit-platform-engine-1.12.2.jar
2025-09-08 20:54:20,932 [BasicRepositoryConnector-repo.maven.apache.org-1-2] INFO  o.e.m.c.i.e.AbstractTransferListenerAdapter - Downloaded https://repo.maven.apache.org/maven2/org/junit/jupiter/junit-jupiter-engine/5.12.2/junit-jupiter-engine-5.12.2.jar
2025-09-08 20:54:21,029 [BasicRepositoryConnector-repo.maven.apache.org-1-3] INFO  o.e.m.c.i.e.AbstractTransferListenerAdapter - Downloading https://repo.maven.apache.org/maven2/org/mockito/mockito-core/5.17.0/mockito-core-5.17.0.jar
2025-09-08 20:54:21,164 [BasicRepositoryConnector-repo.maven.apache.org-1-2] INFO  o.e.m.c.i.e.AbstractTransferListenerAdapter - Downloading https://repo.maven.apache.org/maven2/net/bytebuddy/byte-buddy-agent/1.17.7/byte-buddy-agent-1.17.7.jar
2025-09-08 20:54:21,776 [BasicRepositoryConnector-repo.maven.apache.org-1-2] INFO  o.e.m.c.i.e.AbstractTransferListenerAdapter - Downloaded https://repo.maven.apache.org/maven2/net/bytebuddy/byte-buddy-agent/1.17.7/byte-buddy-agent-1.17.7.jar
2025-09-08 20:54:21,877 [BasicRepositoryConnector-repo.maven.apache.org-1-2] INFO  o.e.m.c.i.e.AbstractTransferListenerAdapter - Downloading https://repo.maven.apache.org/maven2/org/mockito/mockito-junit-jupiter/5.17.0/mockito-junit-jupiter-5.17.0.jar
2025-09-08 20:54:21,878 [BasicRepositoryConnector-repo.maven.apache.org-1-0] INFO  o.e.m.c.i.e.AbstractTransferListenerAdapter - Downloaded https://repo.maven.apache.org/maven2/org/junit/platform/junit-platform-engine/1.12.2/junit-platform-engine-1.12.2.jar
2025-09-08 20:54:21,896 [BasicRepositoryConnector-repo.maven.apache.org-1-2] INFO  o.e.m.c.i.e.AbstractTransferListenerAdapter - Downloaded https://repo.maven.apache.org/maven2/org/mockito/mockito-junit-jupiter/5.17.0/mockito-junit-jupiter-5.17.0.jar
2025-09-08 20:54:21,926 [BasicRepositoryConnector-repo.maven.apache.org-1-1] INFO  o.e.m.c.i.e.AbstractTransferListenerAdapter - Downloaded https://repo.maven.apache.org/maven2/org/junit/jupiter/junit-jupiter-params/5.12.2/junit-jupiter-params-5.12.2.jar
2025-09-08 20:54:21,970 [BasicRepositoryConnector-repo.maven.apache.org-1-0] INFO  o.e.m.c.i.e.AbstractTransferListenerAdapter - Downloading https://repo.maven.apache.org/maven2/org/springframework/spring-core/6.2.10/spring-core-6.2.10.jar
2025-09-08 20:54:21,998 [BasicRepositoryConnector-repo.maven.apache.org-1-2] INFO  o.e.m.c.i.e.AbstractTransferListenerAdapter - Downloading https://repo.maven.apache.org/maven2/org/springframework/spring-jcl/6.2.10/spring-jcl-6.2.10.jar
2025-09-08 20:54:22,029 [BasicRepositoryConnector-repo.maven.apache.org-1-1] INFO  o.e.m.c.i.e.AbstractTransferListenerAdapter - Downloading https://repo.maven.apache.org/maven2/org/springframework/spring-test/6.2.10/spring-test-6.2.10.jar
2025-09-08 20:54:22,125 [BasicRepositoryConnector-repo.maven.apache.org-1-2] INFO  o.e.m.c.i.e.AbstractTransferListenerAdapter - Downloaded https://repo.maven.apache.org/maven2/org/springframework/spring-jcl/6.2.10/spring-jcl-6.2.10.jar
2025-09-08 20:54:22,259 [BasicRepositoryConnector-repo.maven.apache.org-1-2] INFO  o.e.m.c.i.e.AbstractTransferListenerAdapter - Downloading https://repo.maven.apache.org/maven2/org/xmlunit/xmlunit-core/2.10.3/xmlunit-core-2.10.3.jar
2025-09-08 20:54:22,711 [BasicRepositoryConnector-repo.maven.apache.org-1-2] INFO  o.e.m.c.i.e.AbstractTransferListenerAdapter - Downloaded https://repo.maven.apache.org/maven2/org/xmlunit/xmlunit-core/2.10.3/xmlunit-core-2.10.3.jar
2025-09-08 20:54:22,870 [BasicRepositoryConnector-repo.maven.apache.org-1-2] INFO  o.e.m.c.i.e.AbstractTransferListenerAdapter - Downloading https://repo.maven.apache.org/maven2/org/springframework/security/spring-security-test/6.5.3/spring-security-test-6.5.3.jar
2025-09-08 20:54:23,174 [BasicRepositoryConnector-repo.maven.apache.org-1-3] INFO  o.e.m.c.i.e.AbstractTransferListenerAdapter - Downloaded https://repo.maven.apache.org/maven2/org/mockito/mockito-core/5.17.0/mockito-core-5.17.0.jar
2025-09-08 20:54:23,196 [BasicRepositoryConnector-repo.maven.apache.org-1-2] INFO  o.e.m.c.i.e.AbstractTransferListenerAdapter - Downloaded https://repo.maven.apache.org/maven2/org/springframework/security/spring-security-test/6.5.3/spring-security-test-6.5.3.jar
2025-09-08 20:54:23,300 [BasicRepositoryConnector-repo.maven.apache.org-1-3] INFO  o.e.m.c.i.e.AbstractTransferListenerAdapter - Downloading https://repo.maven.apache.org/maven2/org/springframework/security/spring-security-core/6.5.3/spring-security-core-6.5.3.jar
2025-09-08 20:54:23,321 [BasicRepositoryConnector-repo.maven.apache.org-1-2] INFO  o.e.m.c.i.e.AbstractTransferListenerAdapter - Downloading https://repo.maven.apache.org/maven2/org/springframework/security/spring-security-crypto/6.5.3/spring-security-crypto-6.5.3.jar
2025-09-08 20:54:23,603 [BasicRepositoryConnector-repo.maven.apache.org-1-2] INFO  o.e.m.c.i.e.AbstractTransferListenerAdapter - Downloaded https://repo.maven.apache.org/maven2/org/springframework/security/spring-security-crypto/6.5.3/spring-security-crypto-6.5.3.jar
2025-09-08 20:54:23,886 [BasicRepositoryConnector-repo.maven.apache.org-1-1] INFO  o.e.m.c.i.e.AbstractTransferListenerAdapter - Downloaded https://repo.maven.apache.org/maven2/org/springframework/spring-test/6.2.10/spring-test-6.2.10.jar
2025-09-08 20:54:24,206 [BasicRepositoryConnector-repo.maven.apache.org-1-4] INFO  o.e.m.c.i.e.AbstractTransferListenerAdapter - Downloaded https://repo.maven.apache.org/maven2/org/hibernate/orm/hibernate-core/6.6.26.Final/hibernate-core-6.6.26.Final.jar
2025-09-08 20:54:24,537 [BasicRepositoryConnector-repo.maven.apache.org-1-3] INFO  o.e.m.c.i.e.AbstractTransferListenerAdapter - Downloaded https://repo.maven.apache.org/maven2/org/springframework/security/spring-security-core/6.5.3/spring-security-core-6.5.3.jar
2025-09-08 20:54:25,078 [BasicRepositoryConnector-repo.maven.apache.org-1-0] INFO  o.e.m.c.i.e.AbstractTransferListenerAdapter - Downloaded https://repo.maven.apache.org/maven2/org/springframework/spring-core/6.2.10/spring-core-6.2.10.jar
2025-09-08 20:54:25,440 [Worker-33: Import Getting Started Content] INFO  o.e.m.c.i.e.AbstractTransferListenerAdapter - Downloading https://repo.maven.apache.org/maven2/org/apache/maven/plugins/maven-surefire-plugin/3.5.3/maven-surefire-plugin-3.5.3.pom
2025-09-08 20:54:25,476 [Worker-33: Import Getting Started Content] INFO  o.e.m.c.i.e.AbstractTransferListenerAdapter - Downloaded https://repo.maven.apache.org/maven2/org/apache/maven/plugins/maven-surefire-plugin/3.5.3/maven-surefire-plugin-3.5.3.pom
2025-09-08 20:54:25,727 [Worker-33: Import Getting Started Content] INFO  o.e.m.c.i.e.AbstractTransferListenerAdapter - Downloading https://repo.maven.apache.org/maven2/org/apache/maven/surefire/surefire/3.5.3/surefire-3.5.3.pom
2025-09-08 20:54:25,783 [Worker-33: Import Getting Started Content] INFO  o.e.m.c.i.e.AbstractTransferListenerAdapter - Downloaded https://repo.maven.apache.org/maven2/org/apache/maven/surefire/surefire/3.5.3/surefire-3.5.3.pom
2025-09-08 20:54:25,895 [Worker-33: Import Getting Started Content] INFO  o.e.m.c.i.e.AbstractTransferListenerAdapter - Downloading https://repo.maven.apache.org/maven2/org/apache/maven/maven-parent/44/maven-parent-44.pom
2025-09-08 20:54:25,977 [Worker-33: Import Getting Started Content] INFO  o.e.m.c.i.e.AbstractTransferListenerAdapter - Downloaded https://repo.maven.apache.org/maven2/org/apache/maven/maven-parent/44/maven-parent-44.pom
2025-09-08 20:54:26,081 [Worker-33: Import Getting Started Content] INFO  o.e.m.c.i.e.AbstractTransferListenerAdapter - Downloading https://repo.maven.apache.org/maven2/org/apache/apache/34/apache-34.pom
2025-09-08 20:54:26,127 [Worker-33: Import Getting Started Content] INFO  o.e.m.c.i.e.AbstractTransferListenerAdapter - Downloaded https://repo.maven.apache.org/maven2/org/apache/apache/34/apache-34.pom
2025-09-08 20:54:26,262 [Worker-33: Import Getting Started Content] INFO  o.e.m.c.i.e.AbstractTransferListenerAdapter - Downloading https://repo.maven.apache.org/maven2/org/junit/junit-bom/5.12.1/junit-bom-5.12.1.pom
2025-09-08 20:54:26,291 [Worker-33: Import Getting Started Content] INFO  o.e.m.c.i.e.AbstractTransferListenerAdapter - Downloaded https://repo.maven.apache.org/maven2/org/junit/junit-bom/5.12.1/junit-bom-5.12.1.pom
2025-09-08 20:54:27,123 [Worker-33: Import Getting Started Content] INFO  o.e.m.j.i.AbstractJavaProjectConfigurator - Adding source folder /lostAndFoundApplication/src/main/java
2025-09-08 20:54:27,124 [Worker-33: Import Getting Started Content] INFO  o.e.m.j.i.AbstractJavaProjectConfigurator - Adding resource folder /lostAndFoundApplication/src/main/resources
2025-09-08 20:54:27,129 [Worker-33: Import Getting Started Content] INFO  o.e.m.j.i.AbstractJavaProjectConfigurator - Adding resource folder /lostAndFoundApplication/src/main/resources
2025-09-08 20:54:27,135 [Worker-33: Import Getting Started Content] INFO  o.e.m.j.i.AbstractJavaProjectConfigurator - Adding source folder /lostAndFoundApplication/src/test/java
2025-09-08 20:54:27,136 [Worker-33: Import Getting Started Content] INFO  o.e.m.j.i.AbstractJavaProjectConfigurator - Adding resource folder /lostAndFoundApplication/src/test/resources
2025-09-08 20:54:28,035 [Worker-33: Import Getting Started Content] INFO  o.e.m.c.i.p.ProjectConfigurationManager - Imported and configured 1 project(s) in 97 sec
2025-09-08 20:54:28,038 [Worker-33: Import Getting Started Content] INFO  o.e.m.c.i.p.ProjectConfigurationManager - Update started
2025-09-08 20:54:28,104 [Worker-36: Download sources and javadoc] INFO  o.e.m.c.i.e.AbstractTransferListenerAdapter - Downloading https://repo.maven.apache.org/maven2/org/springframework/boot/spring-boot-starter-data-jpa/3.5.5/spring-boot-starter-data-jpa-3.5.5-sources.jar
2025-09-08 20:54:28,113 [Worker-36: Download sources and javadoc] INFO  o.e.m.c.i.e.AbstractTransferListenerAdapter - Downloaded https://repo.maven.apache.org/maven2/org/springframework/boot/spring-boot-starter-data-jpa/3.5.5/spring-boot-starter-data-jpa-3.5.5-sources.jar
2025-09-08 20:54:28,117 [Worker-36: Download sources and javadoc] INFO  o.e.m.j.internal.DownloadSourcesJob - Downloaded sources for org.springframework.boot:spring-boot-starter-data-jpa:3.5.5
2025-09-08 20:54:29,585 [Worker-33: Import Getting Started Content] INFO  o.e.m.c.i.l.LifecycleMappingFactory - Using org.eclipse.m2e.jdt.JarLifecycleMapping lifecycle mapping for MavenProject: edu.infosys:lostAndFoundApplication:0.0.1-SNAPSHOT @ C:\Users\Dhaswan\Desktop\Infosys Project\CampusManagement\lostAndFoundApplication\pom.xml.
2025-09-08 20:54:29,729 [Worker-36: Download sources and javadoc] INFO  o.e.m.c.i.e.AbstractTransferListenerAdapter - Downloading https://repo.maven.apache.org/maven2/org/springframework/boot/spring-boot-starter/3.5.5/spring-boot-starter-3.5.5-sources.jar
2025-09-08 20:54:29,745 [Worker-36: Download sources and javadoc] INFO  o.e.m.c.i.e.AbstractTransferListenerAdapter - Downloaded https://repo.maven.apache.org/maven2/org/springframework/boot/spring-boot-starter/3.5.5/spring-boot-starter-3.5.5-sources.jar
2025-09-08 20:54:29,751 [Worker-36: Download sources and javadoc] INFO  o.e.m.j.internal.DownloadSourcesJob - Downloaded sources for org.springframework.boot:spring-boot-starter:3.5.5
2025-09-08 20:54:30,039 [Worker-36: Download sources and javadoc] INFO  o.e.m.c.i.e.AbstractTransferListenerAdapter - Downloading https://repo.maven.apache.org/maven2/org/springframework/boot/spring-boot/3.5.5/spring-boot-3.5.5-sources.jar
2025-09-08 20:54:31,063 [Worker-33: Import Getting Started Content] INFO  o.e.m.j.i.AbstractJavaProjectConfigurator - Adding source folder /lostAndFoundApplication/src/main/java
2025-09-08 20:54:31,064 [Worker-33: Import Getting Started Content] INFO  o.e.m.j.i.AbstractJavaProjectConfigurator - Adding resource folder /lostAndFoundApplication/src/main/resources
2025-09-08 20:54:31,064 [Worker-33: Import Getting Started Content] INFO  o.e.m.j.i.AbstractJavaProjectConfigurator - Adding resource folder /lostAndFoundApplication/src/main/resources
2025-09-08 20:54:31,065 [Worker-33: Import Getting Started Content] INFO  o.e.m.j.i.AbstractJavaProjectConfigurator - Adding source folder /lostAndFoundApplication/src/test/java
2025-09-08 20:54:31,066 [Worker-33: Import Getting Started Content] INFO  o.e.m.j.i.AbstractJavaProjectConfigurator - Adding resource folder /lostAndFoundApplication/src/test/resources
2025-09-08 20:54:31,926 [Worker-36: Download sources and javadoc] INFO  o.e.m.c.i.e.AbstractTransferListenerAdapter - Downloaded https://repo.maven.apache.org/maven2/org/springframework/boot/spring-boot/3.5.5/spring-boot-3.5.5-sources.jar
2025-09-08 20:54:31,936 [Worker-36: Download sources and javadoc] INFO  o.e.m.j.internal.DownloadSourcesJob - Downloaded sources for org.springframework.boot:spring-boot:3.5.5
2025-09-08 20:54:31,987 [Worker-33: Import Getting Started Content] INFO  o.e.m.c.i.p.ProjectConfigurationManager - Update completed for 1 poms: local refresh takes 0.00 sec, refresh facades takes 2.00 sec, update config takes 0.00 sec 
2025-09-08 20:54:32,074 [Worker-32: Updating Maven Project] INFO  o.e.m.c.i.p.ProjectConfigurationManager - Update started
2025-09-08 20:54:32,196 [Worker-36: Download sources and javadoc] INFO  o.e.m.c.i.e.AbstractTransferListenerAdapter - Downloading https://repo.maven.apache.org/maven2/org/springframework/boot/spring-boot-autoconfigure/3.5.5/spring-boot-autoconfigure-3.5.5-sources.jar
2025-09-08 20:54:32,828 [Worker-32: Updating Maven Project] INFO  o.e.m.c.i.l.LifecycleMappingFactory - Using org.eclipse.m2e.jdt.JarLifecycleMapping lifecycle mapping for MavenProject: edu.infosys:lostAndFoundApplication:0.0.1-SNAPSHOT @ C:\Users\Dhaswan\Desktop\Infosys Project\CampusManagement\lostAndFoundApplication\pom.xml.
2025-09-08 20:54:34,128 [Worker-32: Updating Maven Project] INFO  o.e.m.j.i.AbstractJavaProjectConfigurator - Adding source folder /lostAndFoundApplication/src/main/java
2025-09-08 20:54:34,129 [Worker-32: Updating Maven Project] INFO  o.e.m.j.i.AbstractJavaProjectConfigurator - Adding resource folder /lostAndFoundApplication/src/main/resources
2025-09-08 20:54:34,131 [Worker-32: Updating Maven Project] INFO  o.e.m.j.i.AbstractJavaProjectConfigurator - Adding resource folder /lostAndFoundApplication/src/main/resources
2025-09-08 20:54:34,131 [Worker-32: Updating Maven Project] INFO  o.e.m.j.i.AbstractJavaProjectConfigurator - Adding source folder /lostAndFoundApplication/src/test/java
2025-09-08 20:54:34,132 [Worker-32: Updating Maven Project] INFO  o.e.m.j.i.AbstractJavaProjectConfigurator - Adding resource folder /lostAndFoundApplication/src/test/resources
2025-09-08 20:54:34,163 [Worker-36: Download sources and javadoc] INFO  o.e.m.c.i.e.AbstractTransferListenerAdapter - Downloaded https://repo.maven.apache.org/maven2/org/springframework/boot/spring-boot-autoconfigure/3.5.5/spring-boot-autoconfigure-3.5.5-sources.jar
2025-09-08 20:54:34,171 [Worker-36: Download sources and javadoc] INFO  o.e.m.j.internal.DownloadSourcesJob - Downloaded sources for org.springframework.boot:spring-boot-autoconfigure:3.5.5
2025-09-08 20:54:34,664 [Worker-32: Updating Maven Project] INFO  o.e.m.c.i.p.ProjectConfigurationManager - Update completed for 1 poms: local refresh takes 0.00 sec, refresh facades takes 1.00 sec, update config takes 0.00 sec 
2025-09-08 20:54:34,863 [Worker-36: Download sources and javadoc] INFO  o.e.m.c.i.e.AbstractTransferListenerAdapter - Downloading https://repo.maven.apache.org/maven2/org/springframework/boot/spring-boot-starter-logging/3.5.5/spring-boot-starter-logging-3.5.5-sources.jar
2025-09-08 20:54:34,885 [Worker-36: Download sources and javadoc] INFO  o.e.m.c.i.e.AbstractTransferListenerAdapter - Downloaded https://repo.maven.apache.org/maven2/org/springframework/boot/spring-boot-starter-logging/3.5.5/spring-boot-starter-logging-3.5.5-sources.jar
2025-09-08 20:54:34,891 [Worker-36: Download sources and javadoc] INFO  o.e.m.j.internal.DownloadSourcesJob - Downloaded sources for org.springframework.boot:spring-boot-starter-logging:3.5.5
2025-09-08 20:54:35,292 [Worker-36: Download sources and javadoc] INFO  o.e.m.c.i.e.AbstractTransferListenerAdapter - Downloading https://repo.maven.apache.org/maven2/org/yaml/snakeyaml/2.4/snakeyaml-2.4-sources.jar
2025-09-08 20:54:35,677 [Worker-36: Download sources and javadoc] INFO  o.e.m.c.i.e.AbstractTransferListenerAdapter - Downloaded https://repo.maven.apache.org/maven2/org/yaml/snakeyaml/2.4/snakeyaml-2.4-sources.jar
2025-09-08 20:54:35,686 [Worker-36: Download sources and javadoc] INFO  o.e.m.j.internal.DownloadSourcesJob - Downloaded sources for org.yaml:snakeyaml:2.4
2025-09-08 20:54:35,747 [Worker-32: Building] INFO  o.a.m.s.f.DefaultMavenResourcesFiltering - Copying 1 resource from src\main\resources to target\classes
2025-09-08 20:54:35,779 [Worker-32: Building] INFO  o.a.m.s.f.DefaultMavenResourcesFiltering - Copying 0 resource from src\main\resources to target\classes
2025-09-08 20:54:35,788 [Worker-32: Building] INFO  o.a.m.s.f.DefaultMavenResourcesFiltering - skip non existing resourceDirectory C:\Users\Dhaswan\Desktop\Infosys Project\CampusManagement\lostAndFoundApplication\src\test\resources
2025-09-08 20:54:35,951 [Worker-36: Download sources and javadoc] INFO  o.e.m.c.i.e.AbstractTransferListenerAdapter - Downloading https://repo.maven.apache.org/maven2/org/springframework/boot/spring-boot-starter-jdbc/3.5.5/spring-boot-starter-jdbc-3.5.5-sources.jar
2025-09-08 20:54:35,963 [Worker-36: Download sources and javadoc] INFO  o.e.m.c.i.e.AbstractTransferListenerAdapter - Downloaded https://repo.maven.apache.org/maven2/org/springframework/boot/spring-boot-starter-jdbc/3.5.5/spring-boot-starter-jdbc-3.5.5-sources.jar
2025-09-08 20:54:35,969 [Worker-36: Download sources and javadoc] INFO  o.e.m.j.internal.DownloadSourcesJob - Downloaded sources for org.springframework.boot:spring-boot-starter-jdbc:3.5.5
2025-09-08 20:54:36,289 [Worker-36: Download sources and javadoc] INFO  o.e.m.c.i.e.AbstractTransferListenerAdapter - Downloading https://repo.maven.apache.org/maven2/com/zaxxer/HikariCP/6.3.2/HikariCP-6.3.2-sources.jar
2025-09-08 20:54:36,551 [Worker-36: Download sources and javadoc] INFO  o.e.m.c.i.e.AbstractTransferListenerAdapter - Downloaded https://repo.maven.apache.org/maven2/com/zaxxer/HikariCP/6.3.2/HikariCP-6.3.2-sources.jar
2025-09-08 20:54:36,557 [Worker-36: Download sources and javadoc] INFO  o.e.m.j.internal.DownloadSourcesJob - Downloaded sources for com.zaxxer:HikariCP:6.3.2
2025-09-08 20:54:36,858 [Worker-36: Download sources and javadoc] INFO  o.e.m.c.i.e.AbstractTransferListenerAdapter - Downloading https://repo.maven.apache.org/maven2/org/springframework/spring-jdbc/6.2.10/spring-jdbc-6.2.10-sources.jar
2025-09-08 20:54:37,655 [Worker-36: Download sources and javadoc] INFO  o.e.m.c.i.e.AbstractTransferListenerAdapter - Downloaded https://repo.maven.apache.org/maven2/org/springframework/spring-jdbc/6.2.10/spring-jdbc-6.2.10-sources.jar
2025-09-08 20:54:37,662 [Worker-36: Download sources and javadoc] INFO  o.e.m.j.internal.DownloadSourcesJob - Downloaded sources for org.springframework:spring-jdbc:6.2.10
2025-09-08 20:54:37,989 [Worker-36: Download sources and javadoc] INFO  o.e.m.c.i.e.AbstractTransferListenerAdapter - Downloading https://repo.maven.apache.org/maven2/org/hibernate/orm/hibernate-core/6.6.26.Final/hibernate-core-6.6.26.Final-sources.jar
2025-09-08 20:54:50,061 [Worker-36: Download sources and javadoc] INFO  o.e.m.c.i.e.AbstractTransferListenerAdapter - Downloaded https://repo.maven.apache.org/maven2/org/hibernate/orm/hibernate-core/6.6.26.Final/hibernate-core-6.6.26.Final-sources.jar
2025-09-08 20:54:50,068 [Worker-36: Download sources and javadoc] INFO  o.e.m.j.internal.DownloadSourcesJob - Downloaded sources for org.hibernate.orm:hibernate-core:6.6.26.Final
2025-09-08 20:54:50,661 [Worker-36: Download sources and javadoc] INFO  o.e.m.c.i.e.AbstractTransferListenerAdapter - Downloading https://repo.maven.apache.org/maven2/net/bytebuddy/byte-buddy/1.17.7/byte-buddy-1.17.7-sources.jar
2025-09-08 20:54:55,018 [Worker-36: Download sources and javadoc] INFO  o.e.m.c.i.e.AbstractTransferListenerAdapter - Downloaded https://repo.maven.apache.org/maven2/net/bytebuddy/byte-buddy/1.17.7/byte-buddy-1.17.7-sources.jar
2025-09-08 20:54:55,031 [Worker-36: Download sources and javadoc] INFO  o.e.m.j.internal.DownloadSourcesJob - Downloaded sources for net.bytebuddy:byte-buddy:1.17.7
2025-09-08 20:54:55,319 [Worker-36: Download sources and javadoc] INFO  o.e.m.c.i.e.AbstractTransferListenerAdapter - Downloading https://repo.maven.apache.org/maven2/org/springframework/data/spring-data-jpa/3.5.3/spring-data-jpa-3.5.3-sources.jar
2025-09-08 20:54:56,061 [Worker-36: Download sources and javadoc] INFO  o.e.m.c.i.e.AbstractTransferListenerAdapter - Downloaded https://repo.maven.apache.org/maven2/org/springframework/data/spring-data-jpa/3.5.3/spring-data-jpa-3.5.3-sources.jar
2025-09-08 20:54:56,083 [Worker-36: Download sources and javadoc] INFO  o.e.m.j.internal.DownloadSourcesJob - Downloaded sources for org.springframework.data:spring-data-jpa:3.5.3
2025-09-08 20:54:56,364 [Worker-36: Download sources and javadoc] INFO  o.e.m.c.i.e.AbstractTransferListenerAdapter - Downloading https://repo.maven.apache.org/maven2/org/springframework/data/spring-data-commons/3.5.3/spring-data-commons-3.5.3-sources.jar
2025-09-08 20:54:57,467 [Worker-36: Download sources and javadoc] INFO  o.e.m.c.i.e.AbstractTransferListenerAdapter - Downloaded https://repo.maven.apache.org/maven2/org/springframework/data/spring-data-commons/3.5.3/spring-data-commons-3.5.3-sources.jar
2025-09-08 20:54:57,481 [Worker-36: Download sources and javadoc] INFO  o.e.m.j.internal.DownloadSourcesJob - Downloaded sources for org.springframework.data:spring-data-commons:3.5.3
2025-09-08 20:54:57,736 [Worker-36: Download sources and javadoc] INFO  o.e.m.c.i.e.AbstractTransferListenerAdapter - Downloading https://repo.maven.apache.org/maven2/org/springframework/spring-orm/6.2.10/spring-orm-6.2.10-sources.jar
2025-09-08 20:54:58,019 [Worker-36: Download sources and javadoc] INFO  o.e.m.c.i.e.AbstractTransferListenerAdapter - Downloaded https://repo.maven.apache.org/maven2/org/springframework/spring-orm/6.2.10/spring-orm-6.2.10-sources.jar
2025-09-08 20:54:58,029 [Worker-36: Download sources and javadoc] INFO  o.e.m.j.internal.DownloadSourcesJob - Downloaded sources for org.springframework:spring-orm:6.2.10
2025-09-08 20:54:58,354 [Worker-36: Download sources and javadoc] INFO  o.e.m.c.i.e.AbstractTransferListenerAdapter - Downloading https://repo.maven.apache.org/maven2/org/springframework/spring-context/6.2.10/spring-context-6.2.10-sources.jar
2025-09-08 20:55:00,242 [Worker-36: Download sources and javadoc] INFO  o.e.m.c.i.e.AbstractTransferListenerAdapter - Downloaded https://repo.maven.apache.org/maven2/org/springframework/spring-context/6.2.10/spring-context-6.2.10-sources.jar
2025-09-08 20:55:00,262 [Worker-36: Download sources and javadoc] INFO  o.e.m.j.internal.DownloadSourcesJob - Downloaded sources for org.springframework:spring-context:6.2.10
2025-09-08 20:55:00,545 [Worker-36: Download sources and javadoc] INFO  o.e.m.c.i.e.AbstractTransferListenerAdapter - Downloading https://repo.maven.apache.org/maven2/org/springframework/spring-tx/6.2.10/spring-tx-6.2.10-sources.jar
2025-09-08 20:55:00,958 [Worker-36: Download sources and javadoc] INFO  o.e.m.c.i.e.AbstractTransferListenerAdapter - Downloaded https://repo.maven.apache.org/maven2/org/springframework/spring-tx/6.2.10/spring-tx-6.2.10-sources.jar
2025-09-08 20:55:00,973 [Worker-36: Download sources and javadoc] INFO  o.e.m.j.internal.DownloadSourcesJob - Downloaded sources for org.springframework:spring-tx:6.2.10
2025-09-08 20:55:01,240 [Worker-36: Download sources and javadoc] INFO  o.e.m.c.i.e.AbstractTransferListenerAdapter - Downloading https://repo.maven.apache.org/maven2/org/springframework/spring-beans/6.2.10/spring-beans-6.2.10-sources.jar
2025-09-08 20:55:03,080 [Worker-36: Download sources and javadoc] INFO  o.e.m.c.i.e.AbstractTransferListenerAdapter - Downloaded https://repo.maven.apache.org/maven2/org/springframework/spring-beans/6.2.10/spring-beans-6.2.10-sources.jar
2025-09-08 20:55:03,090 [Worker-36: Download sources and javadoc] INFO  o.e.m.j.internal.DownloadSourcesJob - Downloaded sources for org.springframework:spring-beans:6.2.10
2025-09-08 20:55:03,390 [Worker-36: Download sources and javadoc] INFO  o.e.m.c.i.e.AbstractTransferListenerAdapter - Downloading https://repo.maven.apache.org/maven2/org/springframework/spring-aspects/6.2.10/spring-aspects-6.2.10-sources.jar
2025-09-08 20:55:03,438 [Worker-36: Download sources and javadoc] INFO  o.e.m.c.i.e.AbstractTransferListenerAdapter - Downloaded https://repo.maven.apache.org/maven2/org/springframework/spring-aspects/6.2.10/spring-aspects-6.2.10-sources.jar
2025-09-08 20:55:03,453 [Worker-36: Download sources and javadoc] INFO  o.e.m.j.internal.DownloadSourcesJob - Downloaded sources for org.springframework:spring-aspects:6.2.10
2025-09-08 20:55:03,770 [Worker-36: Download sources and javadoc] INFO  o.e.m.c.i.e.AbstractTransferListenerAdapter - Downloading https://repo.maven.apache.org/maven2/org/aspectj/aspectjweaver/1.9.24/aspectjweaver-1.9.24-sources.jar
2025-09-08 20:55:05,864 [Worker-36: Download sources and javadoc] INFO  o.e.m.c.i.e.AbstractTransferListenerAdapter - Downloaded https://repo.maven.apache.org/maven2/org/aspectj/aspectjweaver/1.9.24/aspectjweaver-1.9.24-sources.jar
2025-09-08 20:55:05,882 [Worker-36: Download sources and javadoc] INFO  o.e.m.j.internal.DownloadSourcesJob - Downloaded sources for org.aspectj:aspectjweaver:1.9.24
2025-09-08 20:55:06,197 [Worker-36: Download sources and javadoc] INFO  o.e.m.c.i.e.AbstractTransferListenerAdapter - Downloading https://repo.maven.apache.org/maven2/org/springframework/boot/spring-boot-starter-security/3.5.5/spring-boot-starter-security-3.5.5-sources.jar
2025-09-08 20:55:06,226 [Worker-36: Download sources and javadoc] INFO  o.e.m.c.i.e.AbstractTransferListenerAdapter - Downloaded https://repo.maven.apache.org/maven2/org/springframework/boot/spring-boot-starter-security/3.5.5/spring-boot-starter-security-3.5.5-sources.jar
2025-09-08 20:55:06,248 [Worker-36: Download sources and javadoc] INFO  o.e.m.j.internal.DownloadSourcesJob - Downloaded sources for org.springframework.boot:spring-boot-starter-security:3.5.5
2025-09-08 20:55:06,529 [Worker-36: Download sources and javadoc] INFO  o.e.m.c.i.e.AbstractTransferListenerAdapter - Downloading https://repo.maven.apache.org/maven2/org/springframework/spring-aop/6.2.10/spring-aop-6.2.10-sources.jar
2025-09-08 20:55:06,988 [Worker-36: Download sources and javadoc] INFO  o.e.m.c.i.e.AbstractTransferListenerAdapter - Downloaded https://repo.maven.apache.org/maven2/org/springframework/spring-aop/6.2.10/spring-aop-6.2.10-sources.jar
2025-09-08 20:55:07,004 [Worker-36: Download sources and javadoc] INFO  o.e.m.j.internal.DownloadSourcesJob - Downloaded sources for org.springframework:spring-aop:6.2.10
2025-09-08 20:55:07,281 [Worker-36: Download sources and javadoc] INFO  o.e.m.c.i.e.AbstractTransferListenerAdapter - Downloading https://repo.maven.apache.org/maven2/org/springframework/security/spring-security-config/6.5.3/spring-security-config-6.5.3-sources.jar
2025-09-08 20:55:08,492 [Worker-36: Download sources and javadoc] INFO  o.e.m.c.i.e.AbstractTransferListenerAdapter - Downloaded https://repo.maven.apache.org/maven2/org/springframework/security/spring-security-config/6.5.3/spring-security-config-6.5.3-sources.jar
2025-09-08 20:55:08,497 [Worker-36: Download sources and javadoc] INFO  o.e.m.j.internal.DownloadSourcesJob - Downloaded sources for org.springframework.security:spring-security-config:6.5.3
2025-09-08 20:55:08,793 [Worker-36: Download sources and javadoc] INFO  o.e.m.c.i.e.AbstractTransferListenerAdapter - Downloading https://repo.maven.apache.org/maven2/org/springframework/security/spring-security-web/6.5.3/spring-security-web-6.5.3-sources.jar
2025-09-08 20:55:09,752 [Worker-36: Download sources and javadoc] INFO  o.e.m.c.i.e.AbstractTransferListenerAdapter - Downloaded https://repo.maven.apache.org/maven2/org/springframework/security/spring-security-web/6.5.3/spring-security-web-6.5.3-sources.jar
2025-09-08 20:55:09,778 [Worker-36: Download sources and javadoc] INFO  o.e.m.j.internal.DownloadSourcesJob - Downloaded sources for org.springframework.security:spring-security-web:6.5.3
2025-09-08 20:55:10,044 [Worker-36: Download sources and javadoc] INFO  o.e.m.c.i.e.AbstractTransferListenerAdapter - Downloading https://repo.maven.apache.org/maven2/org/springframework/spring-expression/6.2.10/spring-expression-6.2.10-sources.jar
2025-09-08 20:55:10,460 [Worker-36: Download sources and javadoc] INFO  o.e.m.c.i.e.AbstractTransferListenerAdapter - Downloaded https://repo.maven.apache.org/maven2/org/springframework/spring-expression/6.2.10/spring-expression-6.2.10-sources.jar
2025-09-08 20:55:10,474 [Worker-36: Download sources and javadoc] INFO  o.e.m.j.internal.DownloadSourcesJob - Downloaded sources for org.springframework:spring-expression:6.2.10
2025-09-08 20:55:10,715 [Worker-36: Download sources and javadoc] INFO  o.e.m.c.i.e.AbstractTransferListenerAdapter - Downloading https://repo.maven.apache.org/maven2/org/springframework/boot/spring-boot-starter-web/3.5.5/spring-boot-starter-web-3.5.5-sources.jar
2025-09-08 20:55:10,755 [Worker-36: Download sources and javadoc] INFO  o.e.m.c.i.e.AbstractTransferListenerAdapter - Downloaded https://repo.maven.apache.org/maven2/org/springframework/boot/spring-boot-starter-web/3.5.5/spring-boot-starter-web-3.5.5-sources.jar
2025-09-08 20:55:10,769 [Worker-36: Download sources and javadoc] INFO  o.e.m.j.internal.DownloadSourcesJob - Downloaded sources for org.springframework.boot:spring-boot-starter-web:3.5.5
2025-09-08 20:55:11,027 [Worker-36: Download sources and javadoc] INFO  o.e.m.c.i.e.AbstractTransferListenerAdapter - Downloading https://repo.maven.apache.org/maven2/org/springframework/boot/spring-boot-starter-json/3.5.5/spring-boot-starter-json-3.5.5-sources.jar
2025-09-08 20:55:11,055 [Worker-36: Download sources and javadoc] INFO  o.e.m.c.i.e.AbstractTransferListenerAdapter - Downloaded https://repo.maven.apache.org/maven2/org/springframework/boot/spring-boot-starter-json/3.5.5/spring-boot-starter-json-3.5.5-sources.jar
2025-09-08 20:55:11,069 [Worker-36: Download sources and javadoc] INFO  o.e.m.j.internal.DownloadSourcesJob - Downloaded sources for org.springframework.boot:spring-boot-starter-json:3.5.5
2025-09-08 20:55:11,339 [Worker-36: Download sources and javadoc] INFO  o.e.m.c.i.e.AbstractTransferListenerAdapter - Downloading https://repo.maven.apache.org/maven2/com/fasterxml/jackson/core/jackson-databind/2.19.2/jackson-databind-2.19.2-sources.jar
2025-09-08 20:55:12,833 [Worker-36: Download sources and javadoc] INFO  o.e.m.c.i.e.AbstractTransferListenerAdapter - Downloaded https://repo.maven.apache.org/maven2/com/fasterxml/jackson/core/jackson-databind/2.19.2/jackson-databind-2.19.2-sources.jar
2025-09-08 20:55:12,837 [Worker-36: Download sources and javadoc] INFO  o.e.m.j.internal.DownloadSourcesJob - Downloaded sources for com.fasterxml.jackson.core:jackson-databind:2.19.2
2025-09-08 20:55:13,186 [Worker-36: Download sources and javadoc] INFO  o.e.m.c.i.e.AbstractTransferListenerAdapter - Downloading https://repo.maven.apache.org/maven2/com/fasterxml/jackson/core/jackson-annotations/2.19.2/jackson-annotations-2.19.2-sources.jar
2025-09-08 20:55:13,476 [Worker-36: Download sources and javadoc] INFO  o.e.m.c.i.e.AbstractTransferListenerAdapter - Downloaded https://repo.maven.apache.org/maven2/com/fasterxml/jackson/core/jackson-annotations/2.19.2/jackson-annotations-2.19.2-sources.jar
2025-09-08 20:55:13,480 [Worker-36: Download sources and javadoc] INFO  o.e.m.j.internal.DownloadSourcesJob - Downloaded sources for com.fasterxml.jackson.core:jackson-annotations:2.19.2
2025-09-08 20:55:13,751 [Worker-36: Download sources and javadoc] INFO  o.e.m.c.i.e.AbstractTransferListenerAdapter - Downloading https://repo.maven.apache.org/maven2/com/fasterxml/jackson/core/jackson-core/2.19.2/jackson-core-2.19.2-sources.jar
2025-09-08 20:55:14,549 [Worker-36: Download sources and javadoc] INFO  o.e.m.c.i.e.AbstractTransferListenerAdapter - Downloaded https://repo.maven.apache.org/maven2/com/fasterxml/jackson/core/jackson-core/2.19.2/jackson-core-2.19.2-sources.jar
2025-09-08 20:55:14,570 [Worker-36: Download sources and javadoc] INFO  o.e.m.j.internal.DownloadSourcesJob - Downloaded sources for com.fasterxml.jackson.core:jackson-core:2.19.2
2025-09-08 20:55:14,846 [Worker-36: Download sources and javadoc] INFO  o.e.m.c.i.e.AbstractTransferListenerAdapter - Downloading https://repo.maven.apache.org/maven2/com/fasterxml/jackson/datatype/jackson-datatype-jdk8/2.19.2/jackson-datatype-jdk8-2.19.2-sources.jar
2025-09-08 20:55:14,899 [Worker-36: Download sources and javadoc] INFO  o.e.m.c.i.e.AbstractTransferListenerAdapter - Downloaded https://repo.maven.apache.org/maven2/com/fasterxml/jackson/datatype/jackson-datatype-jdk8/2.19.2/jackson-datatype-jdk8-2.19.2-sources.jar
2025-09-08 20:55:14,923 [Worker-36: Download sources and javadoc] INFO  o.e.m.j.internal.DownloadSourcesJob - Downloaded sources for com.fasterxml.jackson.datatype:jackson-datatype-jdk8:2.19.2
2025-09-08 20:55:15,197 [Worker-36: Download sources and javadoc] INFO  o.e.m.c.i.e.AbstractTransferListenerAdapter - Downloading https://repo.maven.apache.org/maven2/com/fasterxml/jackson/datatype/jackson-datatype-jsr310/2.19.2/jackson-datatype-jsr310-2.19.2-sources.jar
2025-09-08 20:55:15,364 [Worker-36: Download sources and javadoc] INFO  o.e.m.c.i.e.AbstractTransferListenerAdapter - Downloaded https://repo.maven.apache.org/maven2/com/fasterxml/jackson/datatype/jackson-datatype-jsr310/2.19.2/jackson-datatype-jsr310-2.19.2-sources.jar
2025-09-08 20:55:15,378 [Worker-36: Download sources and javadoc] INFO  o.e.m.j.internal.DownloadSourcesJob - Downloaded sources for com.fasterxml.jackson.datatype:jackson-datatype-jsr310:2.19.2
2025-09-08 20:55:15,647 [Worker-36: Download sources and javadoc] INFO  o.e.m.c.i.e.AbstractTransferListenerAdapter - Downloading https://repo.maven.apache.org/maven2/com/fasterxml/jackson/module/jackson-module-parameter-names/2.19.2/jackson-module-parameter-names-2.19.2-sources.jar
2025-09-08 20:55:15,673 [Worker-36: Download sources and javadoc] INFO  o.e.m.c.i.e.AbstractTransferListenerAdapter - Downloaded https://repo.maven.apache.org/maven2/com/fasterxml/jackson/module/jackson-module-parameter-names/2.19.2/jackson-module-parameter-names-2.19.2-sources.jar
2025-09-08 20:55:15,688 [Worker-36: Download sources and javadoc] INFO  o.e.m.j.internal.DownloadSourcesJob - Downloaded sources for com.fasterxml.jackson.module:jackson-module-parameter-names:2.19.2
2025-09-08 20:55:15,936 [Worker-36: Download sources and javadoc] INFO  o.e.m.c.i.e.AbstractTransferListenerAdapter - Downloading https://repo.maven.apache.org/maven2/org/springframework/boot/spring-boot-starter-tomcat/3.5.5/spring-boot-starter-tomcat-3.5.5-sources.jar
2025-09-08 20:55:15,962 [Worker-36: Download sources and javadoc] INFO  o.e.m.c.i.e.AbstractTransferListenerAdapter - Downloaded https://repo.maven.apache.org/maven2/org/springframework/boot/spring-boot-starter-tomcat/3.5.5/spring-boot-starter-tomcat-3.5.5-sources.jar
2025-09-08 20:55:15,969 [Worker-36: Download sources and javadoc] INFO  o.e.m.j.internal.DownloadSourcesJob - Downloaded sources for org.springframework.boot:spring-boot-starter-tomcat:3.5.5
2025-09-08 20:55:16,242 [Worker-36: Download sources and javadoc] INFO  o.e.m.c.i.e.AbstractTransferListenerAdapter - Downloading https://repo.maven.apache.org/maven2/org/apache/tomcat/embed/tomcat-embed-core/10.1.44/tomcat-embed-core-10.1.44-sources.jar
2025-09-08 20:55:20,636 [Worker-36: Download sources and javadoc] INFO  o.e.m.c.i.e.AbstractTransferListenerAdapter - Downloaded https://repo.maven.apache.org/maven2/org/apache/tomcat/embed/tomcat-embed-core/10.1.44/tomcat-embed-core-10.1.44-sources.jar
2025-09-08 20:55:20,642 [Worker-36: Download sources and javadoc] INFO  o.e.m.j.internal.DownloadSourcesJob - Downloaded sources for org.apache.tomcat.embed:tomcat-embed-core:10.1.44
2025-09-08 20:55:20,909 [Worker-36: Download sources and javadoc] INFO  o.e.m.c.i.e.AbstractTransferListenerAdapter - Downloading https://repo.maven.apache.org/maven2/org/apache/tomcat/embed/tomcat-embed-el/10.1.44/tomcat-embed-el-10.1.44-sources.jar
2025-09-08 20:55:21,239 [Worker-36: Download sources and javadoc] INFO  o.e.m.c.i.e.AbstractTransferListenerAdapter - Downloaded https://repo.maven.apache.org/maven2/org/apache/tomcat/embed/tomcat-embed-el/10.1.44/tomcat-embed-el-10.1.44-sources.jar
2025-09-08 20:55:21,261 [Worker-36: Download sources and javadoc] INFO  o.e.m.j.internal.DownloadSourcesJob - Downloaded sources for org.apache.tomcat.embed:tomcat-embed-el:10.1.44
2025-09-08 20:55:21,580 [Worker-36: Download sources and javadoc] INFO  o.e.m.c.i.e.AbstractTransferListenerAdapter - Downloading https://repo.maven.apache.org/maven2/org/apache/tomcat/embed/tomcat-embed-websocket/10.1.44/tomcat-embed-websocket-10.1.44-sources.jar
2025-09-08 20:55:22,121 [Worker-36: Download sources and javadoc] INFO  o.e.m.c.i.e.AbstractTransferListenerAdapter - Downloaded https://repo.maven.apache.org/maven2/org/apache/tomcat/embed/tomcat-embed-websocket/10.1.44/tomcat-embed-websocket-10.1.44-sources.jar
2025-09-08 20:55:22,145 [Worker-36: Download sources and javadoc] INFO  o.e.m.j.internal.DownloadSourcesJob - Downloaded sources for org.apache.tomcat.embed:tomcat-embed-websocket:10.1.44
2025-09-08 20:55:22,530 [Worker-36: Download sources and javadoc] INFO  o.e.m.c.i.e.AbstractTransferListenerAdapter - Downloading https://repo.maven.apache.org/maven2/org/springframework/spring-web/6.2.10/spring-web-6.2.10-sources.jar
2025-09-08 20:55:24,531 [Worker-36: Download sources and javadoc] INFO  o.e.m.c.i.e.AbstractTransferListenerAdapter - Downloaded https://repo.maven.apache.org/maven2/org/springframework/spring-web/6.2.10/spring-web-6.2.10-sources.jar
2025-09-08 20:55:24,538 [Worker-36: Download sources and javadoc] INFO  o.e.m.j.internal.DownloadSourcesJob - Downloaded sources for org.springframework:spring-web:6.2.10
2025-09-08 20:55:24,799 [Worker-36: Download sources and javadoc] INFO  o.e.m.c.i.e.AbstractTransferListenerAdapter - Downloading https://repo.maven.apache.org/maven2/io/micrometer/micrometer-observation/1.15.3/micrometer-observation-1.15.3-sources.jar
2025-09-08 20:55:24,918 [Worker-36: Download sources and javadoc] INFO  o.e.m.c.i.e.AbstractTransferListenerAdapter - Downloaded https://repo.maven.apache.org/maven2/io/micrometer/micrometer-observation/1.15.3/micrometer-observation-1.15.3-sources.jar
2025-09-08 20:55:24,927 [Worker-36: Download sources and javadoc] INFO  o.e.m.j.internal.DownloadSourcesJob - Downloaded sources for io.micrometer:micrometer-observation:1.15.3
2025-09-08 20:55:25,183 [Worker-36: Download sources and javadoc] INFO  o.e.m.c.i.e.AbstractTransferListenerAdapter - Downloading https://repo.maven.apache.org/maven2/io/micrometer/micrometer-commons/1.15.3/micrometer-commons-1.15.3-sources.jar
2025-09-08 20:55:25,311 [Worker-36: Download sources and javadoc] INFO  o.e.m.c.i.e.AbstractTransferListenerAdapter - Downloaded https://repo.maven.apache.org/maven2/io/micrometer/micrometer-commons/1.15.3/micrometer-commons-1.15.3-sources.jar
2025-09-08 20:55:25,328 [Worker-36: Download sources and javadoc] INFO  o.e.m.j.internal.DownloadSourcesJob - Downloaded sources for io.micrometer:micrometer-commons:1.15.3
2025-09-08 20:55:25,576 [Worker-36: Download sources and javadoc] INFO  o.e.m.c.i.e.AbstractTransferListenerAdapter - Downloading https://repo.maven.apache.org/maven2/org/springframework/spring-webmvc/6.2.10/spring-webmvc-6.2.10-sources.jar
2025-09-08 20:55:26,973 [Worker-36: Download sources and javadoc] INFO  o.e.m.c.i.e.AbstractTransferListenerAdapter - Downloaded https://repo.maven.apache.org/maven2/org/springframework/spring-webmvc/6.2.10/spring-webmvc-6.2.10-sources.jar
2025-09-08 20:55:26,978 [Worker-36: Download sources and javadoc] INFO  o.e.m.j.internal.DownloadSourcesJob - Downloaded sources for org.springframework:spring-webmvc:6.2.10
2025-09-08 20:55:27,250 [Worker-36: Download sources and javadoc] INFO  o.e.m.c.i.e.AbstractTransferListenerAdapter - Downloading https://repo.maven.apache.org/maven2/com/mysql/mysql-connector-j/9.4.0/mysql-connector-j-9.4.0-sources.jar
2025-09-08 20:55:30,689 [Worker-36: Download sources and javadoc] INFO  o.e.m.c.i.e.AbstractTransferListenerAdapter - Downloaded https://repo.maven.apache.org/maven2/com/mysql/mysql-connector-j/9.4.0/mysql-connector-j-9.4.0-sources.jar
2025-09-08 20:55:30,699 [Worker-36: Download sources and javadoc] INFO  o.e.m.j.internal.DownloadSourcesJob - Downloaded sources for com.mysql:mysql-connector-j:9.4.0
2025-09-08 20:55:31,138 [Worker-36: Download sources and javadoc] INFO  o.e.m.c.i.e.AbstractTransferListenerAdapter - Downloading https://repo.maven.apache.org/maven2/org/springframework/boot/spring-boot-starter-test/3.5.5/spring-boot-starter-test-3.5.5-sources.jar
2025-09-08 20:55:31,179 [Worker-36: Download sources and javadoc] INFO  o.e.m.c.i.e.AbstractTransferListenerAdapter - Downloaded https://repo.maven.apache.org/maven2/org/springframework/boot/spring-boot-starter-test/3.5.5/spring-boot-starter-test-3.5.5-sources.jar
2025-09-08 20:55:31,208 [Worker-36: Download sources and javadoc] INFO  o.e.m.j.internal.DownloadSourcesJob - Downloaded sources for org.springframework.boot:spring-boot-starter-test:3.5.5
2025-09-08 20:55:31,525 [Worker-36: Download sources and javadoc] INFO  o.e.m.c.i.e.AbstractTransferListenerAdapter - Downloading https://repo.maven.apache.org/maven2/org/springframework/boot/spring-boot-test/3.5.5/spring-boot-test-3.5.5-sources.jar
2025-09-08 20:55:31,832 [Worker-36: Download sources and javadoc] INFO  o.e.m.c.i.e.AbstractTransferListenerAdapter - Downloaded https://repo.maven.apache.org/maven2/org/springframework/boot/spring-boot-test/3.5.5/spring-boot-test-3.5.5-sources.jar
2025-09-08 20:55:31,849 [Worker-36: Download sources and javadoc] INFO  o.e.m.j.internal.DownloadSourcesJob - Downloaded sources for org.springframework.boot:spring-boot-test:3.5.5
2025-09-08 20:55:32,145 [Worker-36: Download sources and javadoc] INFO  o.e.m.c.i.e.AbstractTransferListenerAdapter - Downloading https://repo.maven.apache.org/maven2/org/springframework/boot/spring-boot-test-autoconfigure/3.5.5/spring-boot-test-autoconfigure-3.5.5-sources.jar
2025-09-08 20:55:32,499 [Worker-36: Download sources and javadoc] INFO  o.e.m.c.i.e.AbstractTransferListenerAdapter - Downloaded https://repo.maven.apache.org/maven2/org/springframework/boot/spring-boot-test-autoconfigure/3.5.5/spring-boot-test-autoconfigure-3.5.5-sources.jar
2025-09-08 20:55:32,516 [Worker-36: Download sources and javadoc] INFO  o.e.m.j.internal.DownloadSourcesJob - Downloaded sources for org.springframework.boot:spring-boot-test-autoconfigure:3.5.5
2025-09-08 20:55:32,917 [Worker-36: Download sources and javadoc] INFO  o.e.m.c.i.e.AbstractTransferListenerAdapter - Downloading https://repo.maven.apache.org/maven2/org/assertj/assertj-core/3.27.4/assertj-core-3.27.4-sources.jar
2025-09-08 20:55:34,442 [Worker-36: Download sources and javadoc] INFO  o.e.m.c.i.e.AbstractTransferListenerAdapter - Downloaded https://repo.maven.apache.org/maven2/org/assertj/assertj-core/3.27.4/assertj-core-3.27.4-sources.jar
2025-09-08 20:55:34,446 [Worker-36: Download sources and javadoc] INFO  o.e.m.j.internal.DownloadSourcesJob - Downloaded sources for org.assertj:assertj-core:3.27.4
2025-09-08 20:55:34,729 [Worker-36: Download sources and javadoc] INFO  o.e.m.c.i.e.AbstractTransferListenerAdapter - Downloading https://repo.maven.apache.org/maven2/org/hamcrest/hamcrest/3.0/hamcrest-3.0-sources.jar
2025-09-08 20:55:34,908 [Worker-36: Download sources and javadoc] INFO  o.e.m.c.i.e.AbstractTransferListenerAdapter - Downloaded https://repo.maven.apache.org/maven2/org/hamcrest/hamcrest/3.0/hamcrest-3.0-sources.jar
2025-09-08 20:55:34,918 [Worker-36: Download sources and javadoc] INFO  o.e.m.j.internal.DownloadSourcesJob - Downloaded sources for org.hamcrest:hamcrest:3.0
2025-09-08 20:55:35,197 [Worker-36: Download sources and javadoc] INFO  o.e.m.c.i.e.AbstractTransferListenerAdapter - Downloading https://repo.maven.apache.org/maven2/org/junit/jupiter/junit-jupiter/5.12.2/junit-jupiter-5.12.2-sources.jar
2025-09-08 20:55:35,228 [Worker-36: Download sources and javadoc] INFO  o.e.m.c.i.e.AbstractTransferListenerAdapter - Downloaded https://repo.maven.apache.org/maven2/org/junit/jupiter/junit-jupiter/5.12.2/junit-jupiter-5.12.2-sources.jar
2025-09-08 20:55:35,250 [Worker-36: Download sources and javadoc] INFO  o.e.m.j.internal.DownloadSourcesJob - Downloaded sources for org.junit.jupiter:junit-jupiter:5.12.2
2025-09-08 20:55:35,551 [Worker-36: Download sources and javadoc] INFO  o.e.m.c.i.e.AbstractTransferListenerAdapter - Downloading https://repo.maven.apache.org/maven2/org/junit/jupiter/junit-jupiter-api/5.12.2/junit-jupiter-api-5.12.2-sources.jar
2025-09-08 20:55:35,987 [Worker-36: Download sources and javadoc] INFO  o.e.m.c.i.e.AbstractTransferListenerAdapter - Downloaded https://repo.maven.apache.org/maven2/org/junit/jupiter/junit-jupiter-api/5.12.2/junit-jupiter-api-5.12.2-sources.jar
2025-09-08 20:55:35,999 [Worker-36: Download sources and javadoc] INFO  o.e.m.j.internal.DownloadSourcesJob - Downloaded sources for org.junit.jupiter:junit-jupiter-api:5.12.2
2025-09-08 20:55:36,248 [Worker-36: Download sources and javadoc] INFO  o.e.m.c.i.e.AbstractTransferListenerAdapter - Downloading https://repo.maven.apache.org/maven2/org/junit/platform/junit-platform-commons/1.12.2/junit-platform-commons-1.12.2-sources.jar
2025-09-08 20:55:36,539 [Worker-36: Download sources and javadoc] INFO  o.e.m.c.i.e.AbstractTransferListenerAdapter - Downloaded https://repo.maven.apache.org/maven2/org/junit/platform/junit-platform-commons/1.12.2/junit-platform-commons-1.12.2-sources.jar
2025-09-08 20:55:36,549 [Worker-36: Download sources and javadoc] INFO  o.e.m.j.internal.DownloadSourcesJob - Downloaded sources for org.junit.platform:junit-platform-commons:1.12.2
2025-09-08 20:55:36,811 [Worker-36: Download sources and javadoc] INFO  o.e.m.c.i.e.AbstractTransferListenerAdapter - Downloading https://repo.maven.apache.org/maven2/org/junit/jupiter/junit-jupiter-params/5.12.2/junit-jupiter-params-5.12.2-sources.jar
2025-09-08 20:55:36,979 [Worker-36: Download sources and javadoc] INFO  o.e.m.c.i.e.AbstractTransferListenerAdapter - Downloaded https://repo.maven.apache.org/maven2/org/junit/jupiter/junit-jupiter-params/5.12.2/junit-jupiter-params-5.12.2-sources.jar
2025-09-08 20:55:36,997 [Worker-36: Download sources and javadoc] INFO  o.e.m.j.internal.DownloadSourcesJob - Downloaded sources for org.junit.jupiter:junit-jupiter-params:5.12.2
2025-09-08 20:55:37,416 [Worker-36: Download sources and javadoc] INFO  o.e.m.c.i.e.AbstractTransferListenerAdapter - Downloading https://repo.maven.apache.org/maven2/org/junit/jupiter/junit-jupiter-engine/5.12.2/junit-jupiter-engine-5.12.2-sources.jar
2025-09-08 20:55:37,959 [Worker-36: Download sources and javadoc] INFO  o.e.m.c.i.e.AbstractTransferListenerAdapter - Downloaded https://repo.maven.apache.org/maven2/org/junit/jupiter/junit-jupiter-engine/5.12.2/junit-jupiter-engine-5.12.2-sources.jar
2025-09-08 20:55:37,976 [Worker-36: Download sources and javadoc] INFO  o.e.m.j.internal.DownloadSourcesJob - Downloaded sources for org.junit.jupiter:junit-jupiter-engine:5.12.2
2025-09-08 20:55:38,250 [Worker-36: Download sources and javadoc] INFO  o.e.m.c.i.e.AbstractTransferListenerAdapter - Downloading https://repo.maven.apache.org/maven2/org/junit/platform/junit-platform-engine/1.12.2/junit-platform-engine-1.12.2-sources.jar
2025-09-08 20:55:38,539 [Worker-36: Download sources and javadoc] INFO  o.e.m.c.i.e.AbstractTransferListenerAdapter - Downloaded https://repo.maven.apache.org/maven2/org/junit/platform/junit-platform-engine/1.12.2/junit-platform-engine-1.12.2-sources.jar
2025-09-08 20:55:38,555 [Worker-36: Download sources and javadoc] INFO  o.e.m.j.internal.DownloadSourcesJob - Downloaded sources for org.junit.platform:junit-platform-engine:1.12.2
2025-09-08 20:55:38,837 [Worker-36: Download sources and javadoc] INFO  o.e.m.c.i.e.AbstractTransferListenerAdapter - Downloading https://repo.maven.apache.org/maven2/org/mockito/mockito-core/5.17.0/mockito-core-5.17.0-sources.jar
2025-09-08 20:55:39,741 [Worker-36: Download sources and javadoc] INFO  o.e.m.c.i.e.AbstractTransferListenerAdapter - Downloaded https://repo.maven.apache.org/maven2/org/mockito/mockito-core/5.17.0/mockito-core-5.17.0-sources.jar
2025-09-08 20:55:39,754 [Worker-36: Download sources and javadoc] INFO  o.e.m.j.internal.DownloadSourcesJob - Downloaded sources for org.mockito:mockito-core:5.17.0
2025-09-08 20:55:40,033 [Worker-36: Download sources and javadoc] INFO  o.e.m.c.i.e.AbstractTransferListenerAdapter - Downloading https://repo.maven.apache.org/maven2/net/bytebuddy/byte-buddy-agent/1.17.7/byte-buddy-agent-1.17.7-sources.jar
2025-09-08 20:55:40,387 [Worker-36: Download sources and javadoc] INFO  o.e.m.c.i.e.AbstractTransferListenerAdapter - Downloaded https://repo.maven.apache.org/maven2/net/bytebuddy/byte-buddy-agent/1.17.7/byte-buddy-agent-1.17.7-sources.jar
2025-09-08 20:55:40,408 [Worker-36: Download sources and javadoc] INFO  o.e.m.j.internal.DownloadSourcesJob - Downloaded sources for net.bytebuddy:byte-buddy-agent:1.17.7
2025-09-08 20:55:40,698 [Worker-36: Download sources and javadoc] INFO  o.e.m.c.i.e.AbstractTransferListenerAdapter - Downloading https://repo.maven.apache.org/maven2/org/mockito/mockito-junit-jupiter/5.17.0/mockito-junit-jupiter-5.17.0-sources.jar
2025-09-08 20:55:40,728 [Worker-36: Download sources and javadoc] INFO  o.e.m.c.i.e.AbstractTransferListenerAdapter - Downloaded https://repo.maven.apache.org/maven2/org/mockito/mockito-junit-jupiter/5.17.0/mockito-junit-jupiter-5.17.0-sources.jar
2025-09-08 20:55:40,741 [Worker-36: Download sources and javadoc] INFO  o.e.m.j.internal.DownloadSourcesJob - Downloaded sources for org.mockito:mockito-junit-jupiter:5.17.0
2025-09-08 20:55:40,997 [Worker-36: Download sources and javadoc] INFO  o.e.m.c.i.e.AbstractTransferListenerAdapter - Downloading https://repo.maven.apache.org/maven2/org/springframework/spring-core/6.2.10/spring-core-6.2.10-sources.jar
2025-09-08 20:55:44,407 [Worker-36: Download sources and javadoc] INFO  o.e.m.c.i.e.AbstractTransferListenerAdapter - Downloaded https://repo.maven.apache.org/maven2/org/springframework/spring-core/6.2.10/spring-core-6.2.10-sources.jar
2025-09-08 20:55:44,439 [Worker-36: Download sources and javadoc] INFO  o.e.m.j.internal.DownloadSourcesJob - Downloaded sources for org.springframework:spring-core:6.2.10
2025-09-08 20:55:44,728 [Worker-36: Download sources and javadoc] INFO  o.e.m.c.i.e.AbstractTransferListenerAdapter - Downloading https://repo.maven.apache.org/maven2/org/springframework/spring-jcl/6.2.10/spring-jcl-6.2.10-sources.jar
2025-09-08 20:55:44,765 [Worker-36: Download sources and javadoc] INFO  o.e.m.c.i.e.AbstractTransferListenerAdapter - Downloaded https://repo.maven.apache.org/maven2/org/springframework/spring-jcl/6.2.10/spring-jcl-6.2.10-sources.jar
2025-09-08 20:55:44,773 [Worker-36: Download sources and javadoc] INFO  o.e.m.j.internal.DownloadSourcesJob - Downloaded sources for org.springframework:spring-jcl:6.2.10
2025-09-08 20:55:45,045 [Worker-36: Download sources and javadoc] INFO  o.e.m.c.i.e.AbstractTransferListenerAdapter - Downloading https://repo.maven.apache.org/maven2/org/springframework/spring-test/6.2.10/spring-test-6.2.10-sources.jar
2025-09-08 20:55:46,813 [Worker-36: Download sources and javadoc] INFO  o.e.m.c.i.e.AbstractTransferListenerAdapter - Downloaded https://repo.maven.apache.org/maven2/org/springframework/spring-test/6.2.10/spring-test-6.2.10-sources.jar
2025-09-08 20:55:46,825 [Worker-36: Download sources and javadoc] INFO  o.e.m.j.internal.DownloadSourcesJob - Downloaded sources for org.springframework:spring-test:6.2.10
2025-09-08 20:55:47,144 [Worker-36: Download sources and javadoc] INFO  o.e.m.c.i.e.AbstractTransferListenerAdapter - Downloading https://repo.maven.apache.org/maven2/org/xmlunit/xmlunit-core/2.10.3/xmlunit-core-2.10.3-sources.jar
2025-09-08 20:55:47,346 [Worker-36: Download sources and javadoc] INFO  o.e.m.c.i.e.AbstractTransferListenerAdapter - Downloaded https://repo.maven.apache.org/maven2/org/xmlunit/xmlunit-core/2.10.3/xmlunit-core-2.10.3-sources.jar
2025-09-08 20:55:47,372 [Worker-36: Download sources and javadoc] INFO  o.e.m.j.internal.DownloadSourcesJob - Downloaded sources for org.xmlunit:xmlunit-core:2.10.3
2025-09-08 20:55:47,635 [Worker-36: Download sources and javadoc] INFO  o.e.m.c.i.e.AbstractTransferListenerAdapter - Downloading https://repo.maven.apache.org/maven2/org/springframework/security/spring-security-test/6.5.3/spring-security-test-6.5.3-sources.jar
2025-09-08 20:55:47,823 [Worker-36: Download sources and javadoc] INFO  o.e.m.c.i.e.AbstractTransferListenerAdapter - Downloaded https://repo.maven.apache.org/maven2/org/springframework/security/spring-security-test/6.5.3/spring-security-test-6.5.3-sources.jar
2025-09-08 20:55:47,839 [Worker-36: Download sources and javadoc] INFO  o.e.m.j.internal.DownloadSourcesJob - Downloaded sources for org.springframework.security:spring-security-test:6.5.3
2025-09-08 20:55:48,176 [Worker-36: Download sources and javadoc] INFO  o.e.m.c.i.e.AbstractTransferListenerAdapter - Downloading https://repo.maven.apache.org/maven2/org/springframework/security/spring-security-core/6.5.3/spring-security-core-6.5.3-sources.jar
2025-09-08 20:55:49,093 [Worker-36: Download sources and javadoc] INFO  o.e.m.c.i.e.AbstractTransferListenerAdapter - Downloaded https://repo.maven.apache.org/maven2/org/springframework/security/spring-security-core/6.5.3/spring-security-core-6.5.3-sources.jar
2025-09-08 20:55:49,119 [Worker-36: Download sources and javadoc] INFO  o.e.m.j.internal.DownloadSourcesJob - Downloaded sources for org.springframework.security:spring-security-core:6.5.3
2025-09-08 20:55:49,530 [Worker-36: Download sources and javadoc] INFO  o.e.m.c.i.e.AbstractTransferListenerAdapter - Downloading https://repo.maven.apache.org/maven2/org/springframework/security/spring-security-crypto/6.5.3/spring-security-crypto-6.5.3-sources.jar
2025-09-08 20:55:49,825 [Worker-36: Download sources and javadoc] INFO  o.e.m.c.i.e.AbstractTransferListenerAdapter - Downloaded https://repo.maven.apache.org/maven2/org/springframework/security/spring-security-crypto/6.5.3/spring-security-crypto-6.5.3-sources.jar
2025-09-08 20:55:49,848 [Worker-36: Download sources and javadoc] INFO  o.e.m.j.internal.DownloadSourcesJob - Downloaded sources for org.springframework.security:spring-security-crypto:6.5.3
2025-09-08 20:56:10,259 [Worker-40: Building] INFO  o.e.m.c.i.e.AbstractTransferListenerAdapter - Downloading https://repo.maven.apache.org/maven2/org/springframework/boot/spring-boot-starter-parent/3.3.0/spring-boot-starter-parent-3.3.0.pom
2025-09-08 20:56:10,294 [Worker-40: Building] INFO  o.e.m.c.i.e.AbstractTransferListenerAdapter - Downloaded https://repo.maven.apache.org/maven2/org/springframework/boot/spring-boot-starter-parent/3.3.0/spring-boot-starter-parent-3.3.0.pom
2025-09-08 20:56:10,394 [Worker-40: Building] INFO  o.e.m.c.i.e.AbstractTransferListenerAdapter - Downloading https://repo.maven.apache.org/maven2/org/springframework/boot/spring-boot-dependencies/3.3.0/spring-boot-dependencies-3.3.0.pom
2025-09-08 20:56:10,587 [Worker-40: Building] INFO  o.e.m.c.i.e.AbstractTransferListenerAdapter - Downloaded https://repo.maven.apache.org/maven2/org/springframework/boot/spring-boot-dependencies/3.3.0/spring-boot-dependencies-3.3.0.pom
2025-09-08 20:56:10,706 [Worker-40: Building] INFO  o.e.m.c.i.e.AbstractTransferListenerAdapter - Downloading https://repo.maven.apache.org/maven2/org/apache/activemq/artemis-bom/2.33.0/artemis-bom-2.33.0.pom
2025-09-08 20:56:10,725 [Worker-40: Building] INFO  o.e.m.c.i.e.AbstractTransferListenerAdapter - Downloaded https://repo.maven.apache.org/maven2/org/apache/activemq/artemis-bom/2.33.0/artemis-bom-2.33.0.pom
2025-09-08 20:56:10,835 [Worker-40: Building] INFO  o.e.m.c.i.e.AbstractTransferListenerAdapter - Downloading https://repo.maven.apache.org/maven2/org/apache/activemq/artemis-project/2.33.0/artemis-project-2.33.0.pom
2025-09-08 20:56:10,933 [Worker-40: Building] INFO  o.e.m.c.i.e.AbstractTransferListenerAdapter - Downloaded https://repo.maven.apache.org/maven2/org/apache/activemq/artemis-project/2.33.0/artemis-project-2.33.0.pom
2025-09-08 20:56:11,043 [Worker-40: Building] INFO  o.e.m.c.i.e.AbstractTransferListenerAdapter - Downloading https://repo.maven.apache.org/maven2/org/assertj/assertj-bom/3.25.3/assertj-bom-3.25.3.pom
2025-09-08 20:56:11,056 [Worker-40: Building] INFO  o.e.m.c.i.e.AbstractTransferListenerAdapter - Downloaded https://repo.maven.apache.org/maven2/org/assertj/assertj-bom/3.25.3/assertj-bom-3.25.3.pom
2025-09-08 20:56:11,269 [Worker-40: Building] INFO  o.e.m.c.i.e.AbstractTransferListenerAdapter - Downloading https://repo.maven.apache.org/maven2/io/zipkin/reporter2/zipkin-reporter-bom/3.4.0/zipkin-reporter-bom-3.4.0.pom
2025-09-08 20:56:11,303 [Worker-40: Building] INFO  o.e.m.c.i.e.AbstractTransferListenerAdapter - Downloaded https://repo.maven.apache.org/maven2/io/zipkin/reporter2/zipkin-reporter-bom/3.4.0/zipkin-reporter-bom-3.4.0.pom
2025-09-08 20:56:11,414 [Worker-40: Building] INFO  o.e.m.c.i.e.AbstractTransferListenerAdapter - Downloading https://repo.maven.apache.org/maven2/org/apache/groovy/groovy-bom/4.0.21/groovy-bom-4.0.21.pom
2025-09-08 20:56:11,514 [Worker-40: Building] INFO  o.e.m.c.i.e.AbstractTransferListenerAdapter - Downloaded https://repo.maven.apache.org/maven2/org/apache/groovy/groovy-bom/4.0.21/groovy-bom-4.0.21.pom
2025-09-08 20:56:11,626 [Worker-40: Building] INFO  o.e.m.c.i.e.AbstractTransferListenerAdapter - Downloading https://repo.maven.apache.org/maven2/org/infinispan/infinispan-bom/15.0.4.Final/infinispan-bom-15.0.4.Final.pom
2025-09-08 20:56:11,697 [Worker-40: Building] INFO  o.e.m.c.i.e.AbstractTransferListenerAdapter - Downloaded https://repo.maven.apache.org/maven2/org/infinispan/infinispan-bom/15.0.4.Final/infinispan-bom-15.0.4.Final.pom
2025-09-08 20:56:11,807 [Worker-40: Building] INFO  o.e.m.c.i.e.AbstractTransferListenerAdapter - Downloading https://repo.maven.apache.org/maven2/org/infinispan/infinispan-build-configuration-parent/15.0.4.Final/infinispan-build-configuration-parent-15.0.4.Final.pom
2025-09-08 20:56:11,891 [Worker-40: Building] INFO  o.e.m.c.i.e.AbstractTransferListenerAdapter - Downloaded https://repo.maven.apache.org/maven2/org/infinispan/infinispan-build-configuration-parent/15.0.4.Final/infinispan-build-configuration-parent-15.0.4.Final.pom
2025-09-08 20:56:12,006 [Worker-40: Building] INFO  o.e.m.c.i.e.AbstractTransferListenerAdapter - Downloading https://repo.maven.apache.org/maven2/com/fasterxml/jackson/jackson-bom/2.17.1/jackson-bom-2.17.1.pom
2025-09-08 20:56:12,048 [Worker-40: Building] INFO  o.e.m.c.i.e.AbstractTransferListenerAdapter - Downloaded https://repo.maven.apache.org/maven2/com/fasterxml/jackson/jackson-bom/2.17.1/jackson-bom-2.17.1.pom
2025-09-08 20:56:12,146 [Worker-40: Building] INFO  o.e.m.c.i.e.AbstractTransferListenerAdapter - Downloading https://repo.maven.apache.org/maven2/org/glassfish/jersey/jersey-bom/3.1.6/jersey-bom-3.1.6.pom
2025-09-08 20:56:12,169 [Worker-40: Building] INFO  o.e.m.c.i.e.AbstractTransferListenerAdapter - Downloaded https://repo.maven.apache.org/maven2/org/glassfish/jersey/jersey-bom/3.1.6/jersey-bom-3.1.6.pom
2025-09-08 20:56:12,279 [Worker-40: Building] INFO  o.e.m.c.i.e.AbstractTransferListenerAdapter - Downloading https://repo.maven.apache.org/maven2/org/eclipse/jetty/ee10/jetty-ee10-bom/12.0.9/jetty-ee10-bom-12.0.9.pom
2025-09-08 20:56:12,312 [Worker-40: Building] INFO  o.e.m.c.i.e.AbstractTransferListenerAdapter - Downloaded https://repo.maven.apache.org/maven2/org/eclipse/jetty/ee10/jetty-ee10-bom/12.0.9/jetty-ee10-bom-12.0.9.pom
2025-09-08 20:56:12,435 [Worker-40: Building] INFO  o.e.m.c.i.e.AbstractTransferListenerAdapter - Downloading https://repo.maven.apache.org/maven2/org/eclipse/jetty/jetty-bom/12.0.9/jetty-bom-12.0.9.pom
2025-09-08 20:56:12,478 [Worker-40: Building] INFO  o.e.m.c.i.e.AbstractTransferListenerAdapter - Downloaded https://repo.maven.apache.org/maven2/org/eclipse/jetty/jetty-bom/12.0.9/jetty-bom-12.0.9.pom
2025-09-08 20:56:12,582 [Worker-40: Building] INFO  o.e.m.c.i.e.AbstractTransferListenerAdapter - Downloading https://repo.maven.apache.org/maven2/org/jetbrains/kotlin/kotlin-bom/1.9.24/kotlin-bom-1.9.24.pom
2025-09-08 20:56:12,601 [Worker-40: Building] INFO  o.e.m.c.i.e.AbstractTransferListenerAdapter - Downloaded https://repo.maven.apache.org/maven2/org/jetbrains/kotlin/kotlin-bom/1.9.24/kotlin-bom-1.9.24.pom
2025-09-08 20:56:12,710 [Worker-40: Building] INFO  o.e.m.c.i.e.AbstractTransferListenerAdapter - Downloading https://repo.maven.apache.org/maven2/org/apache/logging/log4j/log4j-bom/2.23.1/log4j-bom-2.23.1.pom
2025-09-08 20:56:12,752 [Worker-40: Building] INFO  o.e.m.c.i.e.AbstractTransferListenerAdapter - Downloaded https://repo.maven.apache.org/maven2/org/apache/logging/log4j/log4j-bom/2.23.1/log4j-bom-2.23.1.pom
2025-09-08 20:56:12,849 [Worker-40: Building] INFO  o.e.m.c.i.e.AbstractTransferListenerAdapter - Downloading https://repo.maven.apache.org/maven2/org/apache/logging/logging-parent/10.6.0/logging-parent-10.6.0.pom
2025-09-08 20:56:12,978 [Worker-40: Building] INFO  o.e.m.c.i.e.AbstractTransferListenerAdapter - Downloaded https://repo.maven.apache.org/maven2/org/apache/logging/logging-parent/10.6.0/logging-parent-10.6.0.pom
2025-09-08 20:56:13,097 [Worker-40: Building] INFO  o.e.m.c.i.e.AbstractTransferListenerAdapter - Downloading https://repo.maven.apache.org/maven2/io/micrometer/micrometer-bom/1.13.0/micrometer-bom-1.13.0.pom
2025-09-08 20:56:13,158 [Worker-40: Building] INFO  o.e.m.c.i.e.AbstractTransferListenerAdapter - Downloaded https://repo.maven.apache.org/maven2/io/micrometer/micrometer-bom/1.13.0/micrometer-bom-1.13.0.pom
2025-09-08 20:56:13,277 [Worker-40: Building] INFO  o.e.m.c.i.e.AbstractTransferListenerAdapter - Downloading https://repo.maven.apache.org/maven2/io/micrometer/micrometer-tracing-bom/1.3.0/micrometer-tracing-bom-1.3.0.pom
2025-09-08 20:56:13,297 [Worker-40: Building] INFO  o.e.m.c.i.e.AbstractTransferListenerAdapter - Downloaded https://repo.maven.apache.org/maven2/io/micrometer/micrometer-tracing-bom/1.3.0/micrometer-tracing-bom-1.3.0.pom
2025-09-08 20:56:13,399 [Worker-40: Building] INFO  o.e.m.c.i.e.AbstractTransferListenerAdapter - Downloading https://repo.maven.apache.org/maven2/org/mockito/mockito-bom/5.11.0/mockito-bom-5.11.0.pom
2025-09-08 20:56:13,438 [Worker-40: Building] INFO  o.e.m.c.i.e.AbstractTransferListenerAdapter - Downloaded https://repo.maven.apache.org/maven2/org/mockito/mockito-bom/5.11.0/mockito-bom-5.11.0.pom
2025-09-08 20:56:13,580 [Worker-40: Building] INFO  o.e.m.c.i.e.AbstractTransferListenerAdapter - Downloading https://repo.maven.apache.org/maven2/io/netty/netty-bom/4.1.110.Final/netty-bom-4.1.110.Final.pom
2025-09-08 20:56:13,585 [Worker-40: Building] INFO  o.e.m.c.i.e.AbstractTransferListenerAdapter - Downloaded https://repo.maven.apache.org/maven2/io/netty/netty-bom/4.1.110.Final/netty-bom-4.1.110.Final.pom
2025-09-08 20:56:13,723 [Worker-40: Building] INFO  o.e.m.c.i.e.AbstractTransferListenerAdapter - Downloading https://repo.maven.apache.org/maven2/io/opentelemetry/opentelemetry-bom/1.37.0/opentelemetry-bom-1.37.0.pom
2025-09-08 20:56:13,737 [Worker-40: Building] INFO  o.e.m.c.i.e.AbstractTransferListenerAdapter - Downloaded https://repo.maven.apache.org/maven2/io/opentelemetry/opentelemetry-bom/1.37.0/opentelemetry-bom-1.37.0.pom
2025-09-08 20:56:13,827 [Worker-40: Building] INFO  o.e.m.c.i.e.AbstractTransferListenerAdapter - Downloading https://repo.maven.apache.org/maven2/io/prometheus/prometheus-metrics-bom/1.2.1/prometheus-metrics-bom-1.2.1.pom
2025-09-08 20:56:13,854 [Worker-40: Building] INFO  o.e.m.c.i.e.AbstractTransferListenerAdapter - Downloaded https://repo.maven.apache.org/maven2/io/prometheus/prometheus-metrics-bom/1.2.1/prometheus-metrics-bom-1.2.1.pom
2025-09-08 20:56:13,942 [Worker-40: Building] INFO  o.e.m.c.i.e.AbstractTransferListenerAdapter - Downloading https://repo.maven.apache.org/maven2/io/prometheus/client_java/1.2.1/client_java-1.2.1.pom
2025-09-08 20:56:13,999 [Worker-40: Building] INFO  o.e.m.c.i.e.AbstractTransferListenerAdapter - Downloaded https://repo.maven.apache.org/maven2/io/prometheus/client_java/1.2.1/client_java-1.2.1.pom
2025-09-08 20:56:14,091 [Worker-40: Building] INFO  o.e.m.c.i.e.AbstractTransferListenerAdapter - Downloading https://repo.maven.apache.org/maven2/org/apache/pulsar/pulsar-bom/3.2.3/pulsar-bom-3.2.3.pom
2025-09-08 20:56:14,145 [Worker-40: Building] INFO  o.e.m.c.i.e.AbstractTransferListenerAdapter - Downloaded https://repo.maven.apache.org/maven2/org/apache/pulsar/pulsar-bom/3.2.3/pulsar-bom-3.2.3.pom
2025-09-08 20:56:14,245 [Worker-40: Building] INFO  o.e.m.c.i.e.AbstractTransferListenerAdapter - Downloading https://repo.maven.apache.org/maven2/io/projectreactor/reactor-bom/2023.0.6/reactor-bom-2023.0.6.pom
2025-09-08 20:56:14,265 [Worker-40: Building] INFO  o.e.m.c.i.e.AbstractTransferListenerAdapter - Downloaded https://repo.maven.apache.org/maven2/io/projectreactor/reactor-bom/2023.0.6/reactor-bom-2023.0.6.pom
2025-09-08 20:56:14,368 [Worker-40: Building] INFO  o.e.m.c.i.e.AbstractTransferListenerAdapter - Downloading https://repo.maven.apache.org/maven2/io/rest-assured/rest-assured-bom/5.4.0/rest-assured-bom-5.4.0.pom
2025-09-08 20:56:14,372 [Worker-40: Building] INFO  o.e.m.c.i.e.AbstractTransferListenerAdapter - Downloaded https://repo.maven.apache.org/maven2/io/rest-assured/rest-assured-bom/5.4.0/rest-assured-bom-5.4.0.pom
2025-09-08 20:56:14,489 [Worker-40: Building] INFO  o.e.m.c.i.e.AbstractTransferListenerAdapter - Downloading https://repo.maven.apache.org/maven2/org/seleniumhq/selenium/selenium-bom/4.19.1/selenium-bom-4.19.1.pom
2025-09-08 20:56:14,510 [Worker-40: Building] INFO  o.e.m.c.i.e.AbstractTransferListenerAdapter - Downloaded https://repo.maven.apache.org/maven2/org/seleniumhq/selenium/selenium-bom/4.19.1/selenium-bom-4.19.1.pom
2025-09-08 20:56:14,607 [Worker-40: Building] INFO  o.e.m.c.i.e.AbstractTransferListenerAdapter - Downloading https://repo.maven.apache.org/maven2/org/springframework/amqp/spring-amqp-bom/3.1.5/spring-amqp-bom-3.1.5.pom
2025-09-08 20:56:14,635 [Worker-40: Building] INFO  o.e.m.c.i.e.AbstractTransferListenerAdapter - Downloaded https://repo.maven.apache.org/maven2/org/springframework/amqp/spring-amqp-bom/3.1.5/spring-amqp-bom-3.1.5.pom
2025-09-08 20:56:14,750 [Worker-40: Building] INFO  o.e.m.c.i.e.AbstractTransferListenerAdapter - Downloading https://repo.maven.apache.org/maven2/org/springframework/batch/spring-batch-bom/5.1.2/spring-batch-bom-5.1.2.pom
2025-09-08 20:56:14,806 [Worker-40: Building] INFO  o.e.m.c.i.e.AbstractTransferListenerAdapter - Downloaded https://repo.maven.apache.org/maven2/org/springframework/batch/spring-batch-bom/5.1.2/spring-batch-bom-5.1.2.pom
2025-09-08 20:56:14,922 [Worker-40: Building] INFO  o.e.m.c.i.e.AbstractTransferListenerAdapter - Downloading https://repo.maven.apache.org/maven2/org/springframework/data/spring-data-bom/2024.0.0/spring-data-bom-2024.0.0.pom
2025-09-08 20:56:14,964 [Worker-40: Building] INFO  o.e.m.c.i.e.AbstractTransferListenerAdapter - Downloaded https://repo.maven.apache.org/maven2/org/springframework/data/spring-data-bom/2024.0.0/spring-data-bom-2024.0.0.pom
2025-09-08 20:56:15,101 [Worker-40: Building] INFO  o.e.m.c.i.e.AbstractTransferListenerAdapter - Downloading https://repo.maven.apache.org/maven2/org/springframework/spring-framework-bom/6.1.8/spring-framework-bom-6.1.8.pom
2025-09-08 20:56:15,129 [Worker-40: Building] INFO  o.e.m.c.i.e.AbstractTransferListenerAdapter - Downloaded https://repo.maven.apache.org/maven2/org/springframework/spring-framework-bom/6.1.8/spring-framework-bom-6.1.8.pom
2025-09-08 20:56:15,240 [Worker-40: Building] INFO  o.e.m.c.i.e.AbstractTransferListenerAdapter - Downloading https://repo.maven.apache.org/maven2/org/springframework/integration/spring-integration-bom/6.3.0/spring-integration-bom-6.3.0.pom
2025-09-08 20:56:15,290 [Worker-40: Building] INFO  o.e.m.c.i.e.AbstractTransferListenerAdapter - Downloaded https://repo.maven.apache.org/maven2/org/springframework/integration/spring-integration-bom/6.3.0/spring-integration-bom-6.3.0.pom
2025-09-08 20:56:15,482 [Worker-40: Building] INFO  o.e.m.c.i.e.AbstractTransferListenerAdapter - Downloading https://repo.maven.apache.org/maven2/org/springframework/pulsar/spring-pulsar-bom/1.1.0/spring-pulsar-bom-1.1.0.pom
2025-09-08 20:56:15,503 [Worker-40: Building] INFO  o.e.m.c.i.e.AbstractTransferListenerAdapter - Downloaded https://repo.maven.apache.org/maven2/org/springframework/pulsar/spring-pulsar-bom/1.1.0/spring-pulsar-bom-1.1.0.pom
2025-09-08 20:56:15,601 [Worker-40: Building] INFO  o.e.m.c.i.e.AbstractTransferListenerAdapter - Downloading https://repo.maven.apache.org/maven2/org/springframework/security/spring-security-bom/6.3.0/spring-security-bom-6.3.0.pom
2025-09-08 20:56:15,652 [Worker-40: Building] INFO  o.e.m.c.i.e.AbstractTransferListenerAdapter - Downloaded https://repo.maven.apache.org/maven2/org/springframework/security/spring-security-bom/6.3.0/spring-security-bom-6.3.0.pom
2025-09-08 20:56:15,794 [Worker-40: Building] INFO  o.e.m.c.i.e.AbstractTransferListenerAdapter - Downloading https://repo.maven.apache.org/maven2/org/springframework/session/spring-session-bom/3.3.0/spring-session-bom-3.3.0.pom
2025-09-08 20:56:15,821 [Worker-40: Building] INFO  o.e.m.c.i.e.AbstractTransferListenerAdapter - Downloaded https://repo.maven.apache.org/maven2/org/springframework/session/spring-session-bom/3.3.0/spring-session-bom-3.3.0.pom
2025-09-08 20:56:15,937 [Worker-40: Building] INFO  o.e.m.c.i.e.AbstractTransferListenerAdapter - Downloading https://repo.maven.apache.org/maven2/org/springframework/ws/spring-ws-bom/4.0.11/spring-ws-bom-4.0.11.pom
2025-09-08 20:56:15,963 [Worker-40: Building] INFO  o.e.m.c.i.e.AbstractTransferListenerAdapter - Downloaded https://repo.maven.apache.org/maven2/org/springframework/ws/spring-ws-bom/4.0.11/spring-ws-bom-4.0.11.pom
2025-09-08 20:56:16,085 [Worker-40: Building] INFO  o.e.m.c.i.e.AbstractTransferListenerAdapter - Downloading https://repo.maven.apache.org/maven2/org/testcontainers/testcontainers-bom/1.19.8/testcontainers-bom-1.19.8.pom
2025-09-08 20:56:16,132 [Worker-40: Building] INFO  o.e.m.c.i.e.AbstractTransferListenerAdapter - Downloaded https://repo.maven.apache.org/maven2/org/testcontainers/testcontainers-bom/1.19.8/testcontainers-bom-1.19.8.pom
2025-09-08 20:56:16,509 [Worker-40: Building] INFO  o.e.m.c.i.e.AbstractTransferListenerAdapter - Downloading https://repo.maven.apache.org/maven2/org/springframework/boot/spring-boot-maven-plugin/3.3.0/spring-boot-maven-plugin-3.3.0.pom
2025-09-08 20:56:16,519 [Worker-40: Building] INFO  o.e.m.c.i.e.AbstractTransferListenerAdapter - Downloaded https://repo.maven.apache.org/maven2/org/springframework/boot/spring-boot-maven-plugin/3.3.0/spring-boot-maven-plugin-3.3.0.pom
2025-09-08 20:56:16,609 [Worker-40: Building] INFO  o.e.m.c.i.e.AbstractTransferListenerAdapter - Downloading https://repo.maven.apache.org/maven2/org/springframework/boot/spring-boot-maven-plugin/3.3.0/spring-boot-maven-plugin-3.3.0.jar
2025-09-08 20:56:16,891 [Worker-40: Building] INFO  o.e.m.c.i.e.AbstractTransferListenerAdapter - Downloaded https://repo.maven.apache.org/maven2/org/springframework/boot/spring-boot-maven-plugin/3.3.0/spring-boot-maven-plugin-3.3.0.jar
2025-09-08 20:56:17,185 [Worker-40: Building] INFO  o.e.m.c.i.l.LifecycleMappingFactory - Using org.eclipse.m2e.jdt.JarLifecycleMapping lifecycle mapping for MavenProject: edu.infosys:lostAndFoundApplication:0.0.1-SNAPSHOT @ C:\Users\Dhaswan\Desktop\Infosys Project\CampusManagement\lostAndFoundApplication\pom.xml.
2025-09-08 20:56:17,275 [Worker-40: Building] INFO  o.e.m.c.i.e.AbstractTransferListenerAdapter - Downloading https://repo.maven.apache.org/maven2/org/springframework/boot/spring-boot-starter-data-jpa/3.3.0/spring-boot-starter-data-jpa-3.3.0.pom
2025-09-08 20:56:17,283 [Worker-40: Building] INFO  o.e.m.c.i.e.AbstractTransferListenerAdapter - Downloaded https://repo.maven.apache.org/maven2/org/springframework/boot/spring-boot-starter-data-jpa/3.3.0/spring-boot-starter-data-jpa-3.3.0.pom
2025-09-08 20:56:17,382 [Worker-40: Building] INFO  o.e.m.c.i.e.AbstractTransferListenerAdapter - Downloading https://repo.maven.apache.org/maven2/org/springframework/boot/spring-boot-starter-aop/3.3.0/spring-boot-starter-aop-3.3.0.pom
2025-09-08 20:56:17,386 [Worker-40: Building] INFO  o.e.m.c.i.e.AbstractTransferListenerAdapter - Downloaded https://repo.maven.apache.org/maven2/org/springframework/boot/spring-boot-starter-aop/3.3.0/spring-boot-starter-aop-3.3.0.pom
2025-09-08 20:56:17,479 [Worker-40: Building] INFO  o.e.m.c.i.e.AbstractTransferListenerAdapter - Downloading https://repo.maven.apache.org/maven2/org/springframework/boot/spring-boot-starter/3.3.0/spring-boot-starter-3.3.0.pom
2025-09-08 20:56:17,487 [Worker-40: Building] INFO  o.e.m.c.i.e.AbstractTransferListenerAdapter - Downloaded https://repo.maven.apache.org/maven2/org/springframework/boot/spring-boot-starter/3.3.0/spring-boot-starter-3.3.0.pom
2025-09-08 20:56:17,582 [Worker-40: Building] INFO  o.e.m.c.i.e.AbstractTransferListenerAdapter - Downloading https://repo.maven.apache.org/maven2/org/springframework/boot/spring-boot/3.3.0/spring-boot-3.3.0.pom
2025-09-08 20:56:17,587 [Worker-40: Building] INFO  o.e.m.c.i.e.AbstractTransferListenerAdapter - Downloaded https://repo.maven.apache.org/maven2/org/springframework/boot/spring-boot/3.3.0/spring-boot-3.3.0.pom
2025-09-08 20:56:17,678 [Worker-40: Building] INFO  o.e.m.c.i.e.AbstractTransferListenerAdapter - Downloading https://repo.maven.apache.org/maven2/org/springframework/spring-core/6.1.8/spring-core-6.1.8.pom
2025-09-08 20:56:17,685 [Worker-40: Building] INFO  o.e.m.c.i.e.AbstractTransferListenerAdapter - Downloaded https://repo.maven.apache.org/maven2/org/springframework/spring-core/6.1.8/spring-core-6.1.8.pom
2025-09-08 20:56:17,919 [Worker-40: Building] INFO  o.e.m.c.i.e.AbstractTransferListenerAdapter - Downloading https://repo.maven.apache.org/maven2/org/springframework/spring-jcl/6.1.8/spring-jcl-6.1.8.pom
2025-09-08 20:56:17,924 [Worker-40: Building] INFO  o.e.m.c.i.e.AbstractTransferListenerAdapter - Downloaded https://repo.maven.apache.org/maven2/org/springframework/spring-jcl/6.1.8/spring-jcl-6.1.8.pom
2025-09-08 20:56:18,017 [Worker-40: Building] INFO  o.e.m.c.i.e.AbstractTransferListenerAdapter - Downloading https://repo.maven.apache.org/maven2/org/springframework/spring-context/6.1.8/spring-context-6.1.8.pom
2025-09-08 20:56:18,022 [Worker-40: Building] INFO  o.e.m.c.i.e.AbstractTransferListenerAdapter - Downloaded https://repo.maven.apache.org/maven2/org/springframework/spring-context/6.1.8/spring-context-6.1.8.pom
2025-09-08 20:56:18,123 [Worker-40: Building] INFO  o.e.m.c.i.e.AbstractTransferListenerAdapter - Downloading https://repo.maven.apache.org/maven2/org/springframework/spring-aop/6.1.8/spring-aop-6.1.8.pom
2025-09-08 20:56:18,127 [Worker-40: Building] INFO  o.e.m.c.i.e.AbstractTransferListenerAdapter - Downloaded https://repo.maven.apache.org/maven2/org/springframework/spring-aop/6.1.8/spring-aop-6.1.8.pom
2025-09-08 20:56:18,241 [Worker-40: Building] INFO  o.e.m.c.i.e.AbstractTransferListenerAdapter - Downloading https://repo.maven.apache.org/maven2/org/springframework/spring-beans/6.1.8/spring-beans-6.1.8.pom
2025-09-08 20:56:18,245 [Worker-40: Building] INFO  o.e.m.c.i.e.AbstractTransferListenerAdapter - Downloaded https://repo.maven.apache.org/maven2/org/springframework/spring-beans/6.1.8/spring-beans-6.1.8.pom
2025-09-08 20:56:18,363 [Worker-40: Building] INFO  o.e.m.c.i.e.AbstractTransferListenerAdapter - Downloading https://repo.maven.apache.org/maven2/org/springframework/spring-expression/6.1.8/spring-expression-6.1.8.pom
2025-09-08 20:56:18,366 [Worker-40: Building] INFO  o.e.m.c.i.e.AbstractTransferListenerAdapter - Downloaded https://repo.maven.apache.org/maven2/org/springframework/spring-expression/6.1.8/spring-expression-6.1.8.pom
2025-09-08 20:56:18,639 [Worker-40: Building] INFO  o.e.m.c.i.e.AbstractTransferListenerAdapter - Downloading https://repo.maven.apache.org/maven2/io/micrometer/micrometer-observation/1.13.0/micrometer-observation-1.13.0.pom
2025-09-08 20:56:18,657 [Worker-40: Building] INFO  o.e.m.c.i.e.AbstractTransferListenerAdapter - Downloaded https://repo.maven.apache.org/maven2/io/micrometer/micrometer-observation/1.13.0/micrometer-observation-1.13.0.pom
2025-09-08 20:56:18,757 [Worker-40: Building] INFO  o.e.m.c.i.e.AbstractTransferListenerAdapter - Downloading https://repo.maven.apache.org/maven2/io/micrometer/micrometer-commons/1.13.0/micrometer-commons-1.13.0.pom
2025-09-08 20:56:18,763 [Worker-40: Building] INFO  o.e.m.c.i.e.AbstractTransferListenerAdapter - Downloaded https://repo.maven.apache.org/maven2/io/micrometer/micrometer-commons/1.13.0/micrometer-commons-1.13.0.pom
2025-09-08 20:56:18,868 [Worker-40: Building] INFO  o.e.m.c.i.e.AbstractTransferListenerAdapter - Downloading https://repo.maven.apache.org/maven2/org/springframework/boot/spring-boot-autoconfigure/3.3.0/spring-boot-autoconfigure-3.3.0.pom
2025-09-08 20:56:18,897 [Worker-40: Building] INFO  o.e.m.c.i.e.AbstractTransferListenerAdapter - Downloaded https://repo.maven.apache.org/maven2/org/springframework/boot/spring-boot-autoconfigure/3.3.0/spring-boot-autoconfigure-3.3.0.pom
2025-09-08 20:56:18,986 [Worker-40: Building] INFO  o.e.m.c.i.e.AbstractTransferListenerAdapter - Downloading https://repo.maven.apache.org/maven2/org/springframework/boot/spring-boot-starter-logging/3.3.0/spring-boot-starter-logging-3.3.0.pom
2025-09-08 20:56:19,003 [Worker-40: Building] INFO  o.e.m.c.i.e.AbstractTransferListenerAdapter - Downloaded https://repo.maven.apache.org/maven2/org/springframework/boot/spring-boot-starter-logging/3.3.0/spring-boot-starter-logging-3.3.0.pom
2025-09-08 20:56:19,099 [Worker-40: Building] INFO  o.e.m.c.i.e.AbstractTransferListenerAdapter - Downloading https://repo.maven.apache.org/maven2/ch/qos/logback/logback-classic/1.5.6/logback-classic-1.5.6.pom
2025-09-08 20:56:19,115 [Worker-40: Building] INFO  o.e.m.c.i.e.AbstractTransferListenerAdapter - Downloaded https://repo.maven.apache.org/maven2/ch/qos/logback/logback-classic/1.5.6/logback-classic-1.5.6.pom
2025-09-08 20:56:19,197 [Worker-40: Building] INFO  o.e.m.c.i.e.AbstractTransferListenerAdapter - Downloading https://repo.maven.apache.org/maven2/ch/qos/logback/logback-parent/1.5.6/logback-parent-1.5.6.pom
2025-09-08 20:56:19,237 [Worker-40: Building] INFO  o.e.m.c.i.e.AbstractTransferListenerAdapter - Downloaded https://repo.maven.apache.org/maven2/ch/qos/logback/logback-parent/1.5.6/logback-parent-1.5.6.pom
2025-09-08 20:56:19,343 [Worker-40: Building] INFO  o.e.m.c.i.e.AbstractTransferListenerAdapter - Downloading https://repo.maven.apache.org/maven2/ch/qos/logback/logback-core/1.5.6/logback-core-1.5.6.pom
2025-09-08 20:56:19,378 [Worker-40: Building] INFO  o.e.m.c.i.e.AbstractTransferListenerAdapter - Downloaded https://repo.maven.apache.org/maven2/ch/qos/logback/logback-core/1.5.6/logback-core-1.5.6.pom
2025-09-08 20:56:19,477 [Worker-40: Building] INFO  o.e.m.c.i.e.AbstractTransferListenerAdapter - Downloading https://repo.maven.apache.org/maven2/org/slf4j/slf4j-api/2.0.13/slf4j-api-2.0.13.pom
2025-09-08 20:56:19,497 [Worker-40: Building] INFO  o.e.m.c.i.e.AbstractTransferListenerAdapter - Downloaded https://repo.maven.apache.org/maven2/org/slf4j/slf4j-api/2.0.13/slf4j-api-2.0.13.pom
2025-09-08 20:56:19,592 [Worker-40: Building] INFO  o.e.m.c.i.e.AbstractTransferListenerAdapter - Downloading https://repo.maven.apache.org/maven2/org/slf4j/slf4j-parent/2.0.13/slf4j-parent-2.0.13.pom
2025-09-08 20:56:19,621 [Worker-40: Building] INFO  o.e.m.c.i.e.AbstractTransferListenerAdapter - Downloaded https://repo.maven.apache.org/maven2/org/slf4j/slf4j-parent/2.0.13/slf4j-parent-2.0.13.pom
2025-09-08 20:56:19,715 [Worker-40: Building] INFO  o.e.m.c.i.e.AbstractTransferListenerAdapter - Downloading https://repo.maven.apache.org/maven2/org/slf4j/slf4j-bom/2.0.13/slf4j-bom-2.0.13.pom
2025-09-08 20:56:19,746 [Worker-40: Building] INFO  o.e.m.c.i.e.AbstractTransferListenerAdapter - Downloaded https://repo.maven.apache.org/maven2/org/slf4j/slf4j-bom/2.0.13/slf4j-bom-2.0.13.pom
2025-09-08 20:56:19,835 [Worker-40: Building] INFO  o.e.m.c.i.e.AbstractTransferListenerAdapter - Downloading https://repo.maven.apache.org/maven2/org/apache/logging/log4j/log4j-to-slf4j/2.23.1/log4j-to-slf4j-2.23.1.pom
2025-09-08 20:56:19,876 [Worker-40: Building] INFO  o.e.m.c.i.e.AbstractTransferListenerAdapter - Downloaded https://repo.maven.apache.org/maven2/org/apache/logging/log4j/log4j-to-slf4j/2.23.1/log4j-to-slf4j-2.23.1.pom
2025-09-08 20:56:19,956 [Worker-40: Building] INFO  o.e.m.c.i.e.AbstractTransferListenerAdapter - Downloading https://repo.maven.apache.org/maven2/org/apache/logging/log4j/log4j/2.23.1/log4j-2.23.1.pom
2025-09-08 20:56:20,027 [Worker-40: Building] INFO  o.e.m.c.i.e.AbstractTransferListenerAdapter - Downloaded https://repo.maven.apache.org/maven2/org/apache/logging/log4j/log4j/2.23.1/log4j-2.23.1.pom
2025-09-08 20:56:20,114 [Worker-40: Building] INFO  o.e.m.c.i.e.AbstractTransferListenerAdapter - Downloading https://repo.maven.apache.org/maven2/org/codehaus/groovy/groovy-bom/3.0.21/groovy-bom-3.0.21.pom
2025-09-08 20:56:20,162 [Worker-40: Building] INFO  o.e.m.c.i.e.AbstractTransferListenerAdapter - Downloaded https://repo.maven.apache.org/maven2/org/codehaus/groovy/groovy-bom/3.0.21/groovy-bom-3.0.21.pom
2025-09-08 20:56:20,267 [Worker-40: Building] INFO  o.e.m.c.i.e.AbstractTransferListenerAdapter - Downloading https://repo.maven.apache.org/maven2/com/fasterxml/jackson/jackson-bom/2.16.1/jackson-bom-2.16.1.pom
2025-09-08 20:56:20,311 [Worker-40: Building] INFO  o.e.m.c.i.e.AbstractTransferListenerAdapter - Downloaded https://repo.maven.apache.org/maven2/com/fasterxml/jackson/jackson-bom/2.16.1/jackson-bom-2.16.1.pom
2025-09-08 20:56:20,408 [Worker-40: Building] INFO  o.e.m.c.i.e.AbstractTransferListenerAdapter - Downloading https://repo.maven.apache.org/maven2/com/fasterxml/jackson/jackson-parent/2.16/jackson-parent-2.16.pom
2025-09-08 20:56:20,428 [Worker-40: Building] INFO  o.e.m.c.i.e.AbstractTransferListenerAdapter - Downloaded https://repo.maven.apache.org/maven2/com/fasterxml/jackson/jackson-parent/2.16/jackson-parent-2.16.pom
2025-09-08 20:56:20,519 [Worker-40: Building] INFO  o.e.m.c.i.e.AbstractTransferListenerAdapter - Downloading https://repo.maven.apache.org/maven2/org/eclipse/jetty/jetty-bom/9.4.54.v20240208/jetty-bom-9.4.54.v20240208.pom
2025-09-08 20:56:20,601 [Worker-40: Building] INFO  o.e.m.c.i.e.AbstractTransferListenerAdapter - Downloaded https://repo.maven.apache.org/maven2/org/eclipse/jetty/jetty-bom/9.4.54.v20240208/jetty-bom-9.4.54.v20240208.pom
2025-09-08 20:56:20,695 [Worker-40: Building] INFO  o.e.m.c.i.e.AbstractTransferListenerAdapter - Downloading https://repo.maven.apache.org/maven2/io/netty/netty-bom/4.1.107.Final/netty-bom-4.1.107.Final.pom
2025-09-08 20:56:20,745 [Worker-40: Building] INFO  o.e.m.c.i.e.AbstractTransferListenerAdapter - Downloaded https://repo.maven.apache.org/maven2/io/netty/netty-bom/4.1.107.Final/netty-bom-4.1.107.Final.pom
2025-09-08 20:56:20,899 [Worker-40: Building] INFO  o.e.m.c.i.e.AbstractTransferListenerAdapter - Downloading https://repo.maven.apache.org/maven2/org/springframework/spring-framework-bom/5.3.32/spring-framework-bom-5.3.32.pom
2025-09-08 20:56:20,913 [Worker-40: Building] INFO  o.e.m.c.i.e.AbstractTransferListenerAdapter - Downloaded https://repo.maven.apache.org/maven2/org/springframework/spring-framework-bom/5.3.32/spring-framework-bom-5.3.32.pom
2025-09-08 20:56:20,987 [Worker-40: Building] INFO  o.e.m.c.i.e.AbstractTransferListenerAdapter - Downloading https://repo.maven.apache.org/maven2/org/apache/logging/log4j/log4j-api/2.23.1/log4j-api-2.23.1.pom
2025-09-08 20:56:20,998 [Worker-40: Building] INFO  o.e.m.c.i.e.AbstractTransferListenerAdapter - Downloaded https://repo.maven.apache.org/maven2/org/apache/logging/log4j/log4j-api/2.23.1/log4j-api-2.23.1.pom
2025-09-08 20:56:21,098 [Worker-40: Building] INFO  o.e.m.c.i.e.AbstractTransferListenerAdapter - Downloading https://repo.maven.apache.org/maven2/org/slf4j/jul-to-slf4j/2.0.13/jul-to-slf4j-2.0.13.pom
2025-09-08 20:56:21,106 [Worker-40: Building] INFO  o.e.m.c.i.e.AbstractTransferListenerAdapter - Downloaded https://repo.maven.apache.org/maven2/org/slf4j/jul-to-slf4j/2.0.13/jul-to-slf4j-2.0.13.pom
2025-09-08 20:56:21,204 [Worker-40: Building] INFO  o.e.m.c.i.e.AbstractTransferListenerAdapter - Downloading https://repo.maven.apache.org/maven2/org/aspectj/aspectjweaver/1.9.22/aspectjweaver-1.9.22.pom
2025-09-08 20:56:21,209 [Worker-40: Building] INFO  o.e.m.c.i.e.AbstractTransferListenerAdapter - Downloaded https://repo.maven.apache.org/maven2/org/aspectj/aspectjweaver/1.9.22/aspectjweaver-1.9.22.pom
2025-09-08 20:56:21,309 [Worker-40: Building] INFO  o.e.m.c.i.e.AbstractTransferListenerAdapter - Downloading https://repo.maven.apache.org/maven2/org/springframework/boot/spring-boot-starter-jdbc/3.3.0/spring-boot-starter-jdbc-3.3.0.pom
2025-09-08 20:56:21,314 [Worker-40: Building] INFO  o.e.m.c.i.e.AbstractTransferListenerAdapter - Downloaded https://repo.maven.apache.org/maven2/org/springframework/boot/spring-boot-starter-jdbc/3.3.0/spring-boot-starter-jdbc-3.3.0.pom
2025-09-08 20:56:21,409 [Worker-40: Building] INFO  o.e.m.c.i.e.AbstractTransferListenerAdapter - Downloading https://repo.maven.apache.org/maven2/org/springframework/spring-jdbc/6.1.8/spring-jdbc-6.1.8.pom
2025-09-08 20:56:21,415 [Worker-40: Building] INFO  o.e.m.c.i.e.AbstractTransferListenerAdapter - Downloaded https://repo.maven.apache.org/maven2/org/springframework/spring-jdbc/6.1.8/spring-jdbc-6.1.8.pom
2025-09-08 20:56:21,512 [Worker-40: Building] INFO  o.e.m.c.i.e.AbstractTransferListenerAdapter - Downloading https://repo.maven.apache.org/maven2/org/springframework/spring-tx/6.1.8/spring-tx-6.1.8.pom
2025-09-08 20:56:21,516 [Worker-40: Building] INFO  o.e.m.c.i.e.AbstractTransferListenerAdapter - Downloaded https://repo.maven.apache.org/maven2/org/springframework/spring-tx/6.1.8/spring-tx-6.1.8.pom
2025-09-08 20:56:21,606 [Worker-40: Building] INFO  o.e.m.c.i.e.AbstractTransferListenerAdapter - Downloading https://repo.maven.apache.org/maven2/org/hibernate/orm/hibernate-core/6.5.2.Final/hibernate-core-6.5.2.Final.pom
2025-09-08 20:56:21,616 [Worker-40: Building] INFO  o.e.m.c.i.e.AbstractTransferListenerAdapter - Downloaded https://repo.maven.apache.org/maven2/org/hibernate/orm/hibernate-core/6.5.2.Final/hibernate-core-6.5.2.Final.pom
2025-09-08 20:56:21,734 [Worker-40: Building] INFO  o.e.m.c.i.e.AbstractTransferListenerAdapter - Downloading https://repo.maven.apache.org/maven2/net/bytebuddy/byte-buddy/1.14.16/byte-buddy-1.14.16.pom
2025-09-08 20:56:21,757 [Worker-40: Building] INFO  o.e.m.c.i.e.AbstractTransferListenerAdapter - Downloaded https://repo.maven.apache.org/maven2/net/bytebuddy/byte-buddy/1.14.16/byte-buddy-1.14.16.pom
2025-09-08 20:56:21,843 [Worker-40: Building] INFO  o.e.m.c.i.e.AbstractTransferListenerAdapter - Downloading https://repo.maven.apache.org/maven2/net/bytebuddy/byte-buddy-parent/1.14.16/byte-buddy-parent-1.14.16.pom
2025-09-08 20:56:21,942 [Worker-40: Building] INFO  o.e.m.c.i.e.AbstractTransferListenerAdapter - Downloaded https://repo.maven.apache.org/maven2/net/bytebuddy/byte-buddy-parent/1.14.16/byte-buddy-parent-1.14.16.pom
2025-09-08 20:56:22,085 [Worker-40: Building] INFO  o.e.m.c.i.e.AbstractTransferListenerAdapter - Downloading https://repo.maven.apache.org/maven2/org/springframework/data/spring-data-jpa/3.3.0/spring-data-jpa-3.3.0.pom
2025-09-08 20:56:22,105 [Worker-40: Building] INFO  o.e.m.c.i.e.AbstractTransferListenerAdapter - Downloaded https://repo.maven.apache.org/maven2/org/springframework/data/spring-data-jpa/3.3.0/spring-data-jpa-3.3.0.pom
2025-09-08 20:56:22,197 [Worker-40: Building] INFO  o.e.m.c.i.e.AbstractTransferListenerAdapter - Downloading https://repo.maven.apache.org/maven2/org/springframework/data/spring-data-jpa-parent/3.3.0/spring-data-jpa-parent-3.3.0.pom
2025-09-08 20:56:22,206 [Worker-40: Building] INFO  o.e.m.c.i.e.AbstractTransferListenerAdapter - Downloaded https://repo.maven.apache.org/maven2/org/springframework/data/spring-data-jpa-parent/3.3.0/spring-data-jpa-parent-3.3.0.pom
2025-09-08 20:56:22,301 [Worker-40: Building] INFO  o.e.m.c.i.e.AbstractTransferListenerAdapter - Downloading https://repo.maven.apache.org/maven2/org/springframework/data/build/spring-data-parent/3.3.0/spring-data-parent-3.3.0.pom
2025-09-08 20:56:22,332 [Worker-40: Building] INFO  o.e.m.c.i.e.AbstractTransferListenerAdapter - Downloaded https://repo.maven.apache.org/maven2/org/springframework/data/build/spring-data-parent/3.3.0/spring-data-parent-3.3.0.pom
2025-09-08 20:56:22,425 [Worker-40: Building] INFO  o.e.m.c.i.e.AbstractTransferListenerAdapter - Downloading https://repo.maven.apache.org/maven2/org/springframework/data/build/spring-data-build/3.3.0/spring-data-build-3.3.0.pom
2025-09-08 20:56:22,436 [Worker-40: Building] INFO  o.e.m.c.i.e.AbstractTransferListenerAdapter - Downloaded https://repo.maven.apache.org/maven2/org/springframework/data/build/spring-data-build/3.3.0/spring-data-build-3.3.0.pom
2025-09-08 20:56:22,573 [Worker-40: Building] INFO  o.e.m.c.i.e.AbstractTransferListenerAdapter - Downloading https://repo.maven.apache.org/maven2/org/springframework/spring-framework-bom/6.1.7/spring-framework-bom-6.1.7.pom
2025-09-08 20:56:22,578 [Worker-40: Building] INFO  o.e.m.c.i.e.AbstractTransferListenerAdapter - Downloaded https://repo.maven.apache.org/maven2/org/springframework/spring-framework-bom/6.1.7/spring-framework-bom-6.1.7.pom
2025-09-08 20:56:22,712 [Worker-40: Building] INFO  o.e.m.c.i.e.AbstractTransferListenerAdapter - Downloading https://repo.maven.apache.org/maven2/org/springframework/data/spring-data-commons/3.3.0/spring-data-commons-3.3.0.pom
2025-09-08 20:56:22,727 [Worker-40: Building] INFO  o.e.m.c.i.e.AbstractTransferListenerAdapter - Downloaded https://repo.maven.apache.org/maven2/org/springframework/data/spring-data-commons/3.3.0/spring-data-commons-3.3.0.pom
2025-09-08 20:56:22,902 [Worker-40: Building] INFO  o.e.m.c.i.e.AbstractTransferListenerAdapter - Downloading https://repo.maven.apache.org/maven2/org/springframework/spring-orm/6.1.8/spring-orm-6.1.8.pom
2025-09-08 20:56:22,909 [Worker-40: Building] INFO  o.e.m.c.i.e.AbstractTransferListenerAdapter - Downloaded https://repo.maven.apache.org/maven2/org/springframework/spring-orm/6.1.8/spring-orm-6.1.8.pom
2025-09-08 20:56:23,104 [Worker-40: Building] INFO  o.e.m.c.i.e.AbstractTransferListenerAdapter - Downloading https://repo.maven.apache.org/maven2/org/springframework/spring-aspects/6.1.8/spring-aspects-6.1.8.pom
2025-09-08 20:56:23,133 [Worker-40: Building] INFO  o.e.m.c.i.e.AbstractTransferListenerAdapter - Downloaded https://repo.maven.apache.org/maven2/org/springframework/spring-aspects/6.1.8/spring-aspects-6.1.8.pom
2025-09-08 20:56:23,376 [Worker-40: Building] INFO  o.e.m.c.i.e.AbstractTransferListenerAdapter - Downloading https://repo.maven.apache.org/maven2/org/springframework/boot/spring-boot-starter-security/3.3.0/spring-boot-starter-security-3.3.0.pom
2025-09-08 20:56:23,411 [Worker-40: Building] INFO  o.e.m.c.i.e.AbstractTransferListenerAdapter - Downloaded https://repo.maven.apache.org/maven2/org/springframework/boot/spring-boot-starter-security/3.3.0/spring-boot-starter-security-3.3.0.pom
2025-09-08 20:56:23,601 [Worker-40: Building] INFO  o.e.m.c.i.e.AbstractTransferListenerAdapter - Downloading https://repo.maven.apache.org/maven2/org/springframework/security/spring-security-config/6.3.0/spring-security-config-6.3.0.pom
2025-09-08 20:56:23,637 [Worker-40: Building] INFO  o.e.m.c.i.e.AbstractTransferListenerAdapter - Downloaded https://repo.maven.apache.org/maven2/org/springframework/security/spring-security-config/6.3.0/spring-security-config-6.3.0.pom
2025-09-08 20:56:24,089 [Worker-40: Building] INFO  o.e.m.c.i.e.AbstractTransferListenerAdapter - Downloading https://repo.maven.apache.org/maven2/org/springframework/security/spring-security-core/6.3.0/spring-security-core-6.3.0.pom
2025-09-08 20:56:24,136 [Worker-40: Building] INFO  o.e.m.c.i.e.AbstractTransferListenerAdapter - Downloaded https://repo.maven.apache.org/maven2/org/springframework/security/spring-security-core/6.3.0/spring-security-core-6.3.0.pom
2025-09-08 20:56:24,522 [Worker-40: Building] INFO  o.e.m.c.i.e.AbstractTransferListenerAdapter - Downloading https://repo.maven.apache.org/maven2/org/springframework/security/spring-security-crypto/6.3.0/spring-security-crypto-6.3.0.pom
2025-09-08 20:56:24,571 [Worker-40: Building] INFO  o.e.m.c.i.e.AbstractTransferListenerAdapter - Downloaded https://repo.maven.apache.org/maven2/org/springframework/security/spring-security-crypto/6.3.0/spring-security-crypto-6.3.0.pom
2025-09-08 20:56:25,019 [Worker-40: Building] INFO  o.e.m.c.i.e.AbstractTransferListenerAdapter - Downloading https://repo.maven.apache.org/maven2/org/springframework/security/spring-security-web/6.3.0/spring-security-web-6.3.0.pom
2025-09-08 20:56:25,029 [Worker-40: Building] INFO  o.e.m.c.i.e.AbstractTransferListenerAdapter - Downloaded https://repo.maven.apache.org/maven2/org/springframework/security/spring-security-web/6.3.0/spring-security-web-6.3.0.pom
2025-09-08 20:56:25,449 [Worker-40: Building] INFO  o.e.m.c.i.e.AbstractTransferListenerAdapter - Downloading https://repo.maven.apache.org/maven2/org/springframework/spring-web/6.1.8/spring-web-6.1.8.pom
2025-09-08 20:56:25,468 [Worker-40: Building] INFO  o.e.m.c.i.e.AbstractTransferListenerAdapter - Downloaded https://repo.maven.apache.org/maven2/org/springframework/spring-web/6.1.8/spring-web-6.1.8.pom
2025-09-08 20:56:25,701 [Worker-40: Building] INFO  o.e.m.c.i.e.AbstractTransferListenerAdapter - Downloading https://repo.maven.apache.org/maven2/org/springframework/boot/spring-boot-starter-web/3.3.0/spring-boot-starter-web-3.3.0.pom
2025-09-08 20:56:25,729 [Worker-40: Building] INFO  o.e.m.c.i.e.AbstractTransferListenerAdapter - Downloaded https://repo.maven.apache.org/maven2/org/springframework/boot/spring-boot-starter-web/3.3.0/spring-boot-starter-web-3.3.0.pom
2025-09-08 20:56:26,142 [Worker-40: Building] INFO  o.e.m.c.i.e.AbstractTransferListenerAdapter - Downloading https://repo.maven.apache.org/maven2/org/springframework/boot/spring-boot-starter-json/3.3.0/spring-boot-starter-json-3.3.0.pom
2025-09-08 20:56:26,198 [Worker-40: Building] INFO  o.e.m.c.i.e.AbstractTransferListenerAdapter - Downloaded https://repo.maven.apache.org/maven2/org/springframework/boot/spring-boot-starter-json/3.3.0/spring-boot-starter-json-3.3.0.pom
2025-09-08 20:56:26,599 [Worker-40: Building] INFO  o.e.m.c.i.e.AbstractTransferListenerAdapter - Downloading https://repo.maven.apache.org/maven2/com/fasterxml/jackson/core/jackson-databind/2.17.1/jackson-databind-2.17.1.pom
2025-09-08 20:56:26,630 [Worker-40: Building] INFO  o.e.m.c.i.e.AbstractTransferListenerAdapter - Downloaded https://repo.maven.apache.org/maven2/com/fasterxml/jackson/core/jackson-databind/2.17.1/jackson-databind-2.17.1.pom
2025-09-08 20:56:26,848 [Worker-40: Building] INFO  o.e.m.c.i.e.AbstractTransferListenerAdapter - Downloading https://repo.maven.apache.org/maven2/com/fasterxml/jackson/jackson-base/2.17.1/jackson-base-2.17.1.pom
2025-09-08 20:56:26,891 [Worker-40: Building] INFO  o.e.m.c.i.e.AbstractTransferListenerAdapter - Downloaded https://repo.maven.apache.org/maven2/com/fasterxml/jackson/jackson-base/2.17.1/jackson-base-2.17.1.pom
2025-09-08 20:56:27,150 [Worker-40: Building] INFO  o.e.m.c.i.e.AbstractTransferListenerAdapter - Downloading https://repo.maven.apache.org/maven2/com/fasterxml/jackson/core/jackson-annotations/2.17.1/jackson-annotations-2.17.1.pom
2025-09-08 20:56:27,180 [Worker-40: Building] INFO  o.e.m.c.i.e.AbstractTransferListenerAdapter - Downloaded https://repo.maven.apache.org/maven2/com/fasterxml/jackson/core/jackson-annotations/2.17.1/jackson-annotations-2.17.1.pom
2025-09-08 20:56:27,451 [Worker-40: Building] INFO  o.e.m.c.i.e.AbstractTransferListenerAdapter - Downloading https://repo.maven.apache.org/maven2/com/fasterxml/jackson/core/jackson-core/2.17.1/jackson-core-2.17.1.pom
2025-09-08 20:56:27,478 [Worker-40: Building] INFO  o.e.m.c.i.e.AbstractTransferListenerAdapter - Downloaded https://repo.maven.apache.org/maven2/com/fasterxml/jackson/core/jackson-core/2.17.1/jackson-core-2.17.1.pom
2025-09-08 20:56:27,588 [Worker-40: Building] INFO  o.e.m.c.i.e.AbstractTransferListenerAdapter - Downloading https://repo.maven.apache.org/maven2/com/fasterxml/jackson/datatype/jackson-datatype-jdk8/2.17.1/jackson-datatype-jdk8-2.17.1.pom
2025-09-08 20:56:27,597 [Worker-40: Building] INFO  o.e.m.c.i.e.AbstractTransferListenerAdapter - Downloaded https://repo.maven.apache.org/maven2/com/fasterxml/jackson/datatype/jackson-datatype-jdk8/2.17.1/jackson-datatype-jdk8-2.17.1.pom
2025-09-08 20:56:27,716 [Worker-40: Building] INFO  o.e.m.c.i.e.AbstractTransferListenerAdapter - Downloading https://repo.maven.apache.org/maven2/com/fasterxml/jackson/module/jackson-modules-java8/2.17.1/jackson-modules-java8-2.17.1.pom
2025-09-08 20:56:27,732 [Worker-40: Building] INFO  o.e.m.c.i.e.AbstractTransferListenerAdapter - Downloaded https://repo.maven.apache.org/maven2/com/fasterxml/jackson/module/jackson-modules-java8/2.17.1/jackson-modules-java8-2.17.1.pom
2025-09-08 20:56:27,836 [Worker-40: Building] INFO  o.e.m.c.i.e.AbstractTransferListenerAdapter - Downloading https://repo.maven.apache.org/maven2/com/fasterxml/jackson/datatype/jackson-datatype-jsr310/2.17.1/jackson-datatype-jsr310-2.17.1.pom
2025-09-08 20:56:27,861 [Worker-40: Building] INFO  o.e.m.c.i.e.AbstractTransferListenerAdapter - Downloaded https://repo.maven.apache.org/maven2/com/fasterxml/jackson/datatype/jackson-datatype-jsr310/2.17.1/jackson-datatype-jsr310-2.17.1.pom
2025-09-08 20:56:27,971 [Worker-40: Building] INFO  o.e.m.c.i.e.AbstractTransferListenerAdapter - Downloading https://repo.maven.apache.org/maven2/com/fasterxml/jackson/module/jackson-module-parameter-names/2.17.1/jackson-module-parameter-names-2.17.1.pom
2025-09-08 20:56:27,980 [Worker-40: Building] INFO  o.e.m.c.i.e.AbstractTransferListenerAdapter - Downloaded https://repo.maven.apache.org/maven2/com/fasterxml/jackson/module/jackson-module-parameter-names/2.17.1/jackson-module-parameter-names-2.17.1.pom
2025-09-08 20:56:28,104 [Worker-40: Building] INFO  o.e.m.c.i.e.AbstractTransferListenerAdapter - Downloading https://repo.maven.apache.org/maven2/org/springframework/boot/spring-boot-starter-tomcat/3.3.0/spring-boot-starter-tomcat-3.3.0.pom
2025-09-08 20:56:28,129 [Worker-40: Building] INFO  o.e.m.c.i.e.AbstractTransferListenerAdapter - Downloaded https://repo.maven.apache.org/maven2/org/springframework/boot/spring-boot-starter-tomcat/3.3.0/spring-boot-starter-tomcat-3.3.0.pom
2025-09-08 20:56:28,266 [Worker-40: Building] INFO  o.e.m.c.i.e.AbstractTransferListenerAdapter - Downloading https://repo.maven.apache.org/maven2/org/apache/tomcat/embed/tomcat-embed-core/10.1.24/tomcat-embed-core-10.1.24.pom
2025-09-08 20:56:28,299 [Worker-40: Building] INFO  o.e.m.c.i.e.AbstractTransferListenerAdapter - Downloaded https://repo.maven.apache.org/maven2/org/apache/tomcat/embed/tomcat-embed-core/10.1.24/tomcat-embed-core-10.1.24.pom
2025-09-08 20:56:28,519 [Worker-40: Building] INFO  o.e.m.c.i.e.AbstractTransferListenerAdapter - Downloading https://repo.maven.apache.org/maven2/org/apache/tomcat/embed/tomcat-embed-el/10.1.24/tomcat-embed-el-10.1.24.pom
2025-09-08 20:56:28,526 [Worker-40: Building] INFO  o.e.m.c.i.e.AbstractTransferListenerAdapter - Downloaded https://repo.maven.apache.org/maven2/org/apache/tomcat/embed/tomcat-embed-el/10.1.24/tomcat-embed-el-10.1.24.pom
2025-09-08 20:56:28,769 [Worker-40: Building] INFO  o.e.m.c.i.e.AbstractTransferListenerAdapter - Downloading https://repo.maven.apache.org/maven2/org/apache/tomcat/embed/tomcat-embed-websocket/10.1.24/tomcat-embed-websocket-10.1.24.pom
2025-09-08 20:56:28,774 [Worker-40: Building] INFO  o.e.m.c.i.e.AbstractTransferListenerAdapter - Downloaded https://repo.maven.apache.org/maven2/org/apache/tomcat/embed/tomcat-embed-websocket/10.1.24/tomcat-embed-websocket-10.1.24.pom
2025-09-08 20:56:28,860 [Worker-40: Building] INFO  o.e.m.c.i.e.AbstractTransferListenerAdapter - Downloading https://repo.maven.apache.org/maven2/org/springframework/spring-webmvc/6.1.8/spring-webmvc-6.1.8.pom
2025-09-08 20:56:28,867 [Worker-40: Building] INFO  o.e.m.c.i.e.AbstractTransferListenerAdapter - Downloaded https://repo.maven.apache.org/maven2/org/springframework/spring-webmvc/6.1.8/spring-webmvc-6.1.8.pom
2025-09-08 20:56:28,968 [Worker-40: Building] INFO  o.e.m.c.i.e.AbstractTransferListenerAdapter - Downloading https://repo.maven.apache.org/maven2/com/mysql/mysql-connector-j/8.3.0/mysql-connector-j-8.3.0.pom
2025-09-08 20:56:28,973 [Worker-40: Building] INFO  o.e.m.c.i.e.AbstractTransferListenerAdapter - Downloaded https://repo.maven.apache.org/maven2/com/mysql/mysql-connector-j/8.3.0/mysql-connector-j-8.3.0.pom
2025-09-08 20:56:29,065 [Worker-40: Building] INFO  o.e.m.c.i.e.AbstractTransferListenerAdapter - Downloading https://repo.maven.apache.org/maven2/org/springframework/boot/spring-boot-starter-test/3.3.0/spring-boot-starter-test-3.3.0.pom
2025-09-08 20:56:29,073 [Worker-40: Building] INFO  o.e.m.c.i.e.AbstractTransferListenerAdapter - Downloaded https://repo.maven.apache.org/maven2/org/springframework/boot/spring-boot-starter-test/3.3.0/spring-boot-starter-test-3.3.0.pom
2025-09-08 20:56:29,158 [Worker-40: Building] INFO  o.e.m.c.i.e.AbstractTransferListenerAdapter - Downloading https://repo.maven.apache.org/maven2/org/springframework/boot/spring-boot-test/3.3.0/spring-boot-test-3.3.0.pom
2025-09-08 20:56:29,163 [Worker-40: Building] INFO  o.e.m.c.i.e.AbstractTransferListenerAdapter - Downloaded https://repo.maven.apache.org/maven2/org/springframework/boot/spring-boot-test/3.3.0/spring-boot-test-3.3.0.pom
2025-09-08 20:56:29,258 [Worker-40: Building] INFO  o.e.m.c.i.e.AbstractTransferListenerAdapter - Downloading https://repo.maven.apache.org/maven2/org/springframework/spring-test/6.1.8/spring-test-6.1.8.pom
2025-09-08 20:56:29,265 [Worker-40: Building] INFO  o.e.m.c.i.e.AbstractTransferListenerAdapter - Downloaded https://repo.maven.apache.org/maven2/org/springframework/spring-test/6.1.8/spring-test-6.1.8.pom
2025-09-08 20:56:29,342 [Worker-40: Building] INFO  o.e.m.c.i.e.AbstractTransferListenerAdapter - Downloading https://repo.maven.apache.org/maven2/org/springframework/boot/spring-boot-test-autoconfigure/3.3.0/spring-boot-test-autoconfigure-3.3.0.pom
2025-09-08 20:56:29,357 [Worker-40: Building] INFO  o.e.m.c.i.e.AbstractTransferListenerAdapter - Downloaded https://repo.maven.apache.org/maven2/org/springframework/boot/spring-boot-test-autoconfigure/3.3.0/spring-boot-test-autoconfigure-3.3.0.pom
2025-09-08 20:56:29,448 [Worker-40: Building] INFO  o.e.m.c.i.e.AbstractTransferListenerAdapter - Downloading https://repo.maven.apache.org/maven2/net/minidev/json-smart/2.5.1/json-smart-2.5.1.pom
2025-09-08 20:56:29,464 [Worker-40: Building] INFO  o.e.m.c.i.e.AbstractTransferListenerAdapter - Downloaded https://repo.maven.apache.org/maven2/net/minidev/json-smart/2.5.1/json-smart-2.5.1.pom
2025-09-08 20:56:29,570 [Worker-40: Building] INFO  o.e.m.c.i.e.AbstractTransferListenerAdapter - Downloading https://repo.maven.apache.org/maven2/net/minidev/accessors-smart/2.5.1/accessors-smart-2.5.1.pom
2025-09-08 20:56:29,601 [Worker-40: Building] INFO  o.e.m.c.i.e.AbstractTransferListenerAdapter - Downloaded https://repo.maven.apache.org/maven2/net/minidev/accessors-smart/2.5.1/accessors-smart-2.5.1.pom
2025-09-08 20:56:29,717 [Worker-40: Building] INFO  o.e.m.c.i.e.AbstractTransferListenerAdapter - Downloading https://repo.maven.apache.org/maven2/org/assertj/assertj-core/3.25.3/assertj-core-3.25.3.pom
2025-09-08 20:56:29,734 [Worker-40: Building] INFO  o.e.m.c.i.e.AbstractTransferListenerAdapter - Downloaded https://repo.maven.apache.org/maven2/org/assertj/assertj-core/3.25.3/assertj-core-3.25.3.pom
2025-09-08 20:56:29,829 [Worker-40: Building] INFO  o.e.m.c.i.e.AbstractTransferListenerAdapter - Downloading https://repo.maven.apache.org/maven2/org/awaitility/awaitility/4.2.1/awaitility-4.2.1.pom
2025-09-08 20:56:29,835 [Worker-40: Building] INFO  o.e.m.c.i.e.AbstractTransferListenerAdapter - Downloaded https://repo.maven.apache.org/maven2/org/awaitility/awaitility/4.2.1/awaitility-4.2.1.pom
2025-09-08 20:56:29,941 [Worker-40: Building] INFO  o.e.m.c.i.e.AbstractTransferListenerAdapter - Downloading https://repo.maven.apache.org/maven2/org/awaitility/awaitility-parent/4.2.1/awaitility-parent-4.2.1.pom
2025-09-08 20:56:29,969 [Worker-40: Building] INFO  o.e.m.c.i.e.AbstractTransferListenerAdapter - Downloaded https://repo.maven.apache.org/maven2/org/awaitility/awaitility-parent/4.2.1/awaitility-parent-4.2.1.pom
2025-09-08 20:56:30,077 [Worker-40: Building] INFO  o.e.m.c.i.e.AbstractTransferListenerAdapter - Downloading https://repo.maven.apache.org/maven2/org/junit/jupiter/junit-jupiter/5.10.2/junit-jupiter-5.10.2.pom
2025-09-08 20:56:30,107 [Worker-40: Building] INFO  o.e.m.c.i.e.AbstractTransferListenerAdapter - Downloaded https://repo.maven.apache.org/maven2/org/junit/jupiter/junit-jupiter/5.10.2/junit-jupiter-5.10.2.pom
2025-09-08 20:56:30,218 [Worker-40: Building] INFO  o.e.m.c.i.e.AbstractTransferListenerAdapter - Downloading https://repo.maven.apache.org/maven2/org/junit/jupiter/junit-jupiter-api/5.10.2/junit-jupiter-api-5.10.2.pom
2025-09-08 20:56:30,249 [Worker-40: Building] INFO  o.e.m.c.i.e.AbstractTransferListenerAdapter - Downloaded https://repo.maven.apache.org/maven2/org/junit/jupiter/junit-jupiter-api/5.10.2/junit-jupiter-api-5.10.2.pom
2025-09-08 20:56:30,358 [Worker-40: Building] INFO  o.e.m.c.i.e.AbstractTransferListenerAdapter - Downloading https://repo.maven.apache.org/maven2/org/junit/platform/junit-platform-commons/1.10.2/junit-platform-commons-1.10.2.pom
2025-09-08 20:56:30,364 [Worker-40: Building] INFO  o.e.m.c.i.e.AbstractTransferListenerAdapter - Downloaded https://repo.maven.apache.org/maven2/org/junit/platform/junit-platform-commons/1.10.2/junit-platform-commons-1.10.2.pom
2025-09-08 20:56:30,459 [Worker-40: Building] INFO  o.e.m.c.i.e.AbstractTransferListenerAdapter - Downloading https://repo.maven.apache.org/maven2/org/junit/jupiter/junit-jupiter-params/5.10.2/junit-jupiter-params-5.10.2.pom
2025-09-08 20:56:30,486 [Worker-40: Building] INFO  o.e.m.c.i.e.AbstractTransferListenerAdapter - Downloaded https://repo.maven.apache.org/maven2/org/junit/jupiter/junit-jupiter-params/5.10.2/junit-jupiter-params-5.10.2.pom
2025-09-08 20:56:30,589 [Worker-40: Building] INFO  o.e.m.c.i.e.AbstractTransferListenerAdapter - Downloading https://repo.maven.apache.org/maven2/org/junit/jupiter/junit-jupiter-engine/5.10.2/junit-jupiter-engine-5.10.2.pom
2025-09-08 20:56:30,595 [Worker-40: Building] INFO  o.e.m.c.i.e.AbstractTransferListenerAdapter - Downloaded https://repo.maven.apache.org/maven2/org/junit/jupiter/junit-jupiter-engine/5.10.2/junit-jupiter-engine-5.10.2.pom
2025-09-08 20:56:30,699 [Worker-40: Building] INFO  o.e.m.c.i.e.AbstractTransferListenerAdapter - Downloading https://repo.maven.apache.org/maven2/org/junit/platform/junit-platform-engine/1.10.2/junit-platform-engine-1.10.2.pom
2025-09-08 20:56:30,707 [Worker-40: Building] INFO  o.e.m.c.i.e.AbstractTransferListenerAdapter - Downloaded https://repo.maven.apache.org/maven2/org/junit/platform/junit-platform-engine/1.10.2/junit-platform-engine-1.10.2.pom
2025-09-08 20:56:30,801 [Worker-40: Building] INFO  o.e.m.c.i.e.AbstractTransferListenerAdapter - Downloading https://repo.maven.apache.org/maven2/org/mockito/mockito-core/5.11.0/mockito-core-5.11.0.pom
2025-09-08 20:56:30,806 [Worker-40: Building] INFO  o.e.m.c.i.e.AbstractTransferListenerAdapter - Downloaded https://repo.maven.apache.org/maven2/org/mockito/mockito-core/5.11.0/mockito-core-5.11.0.pom
2025-09-08 20:56:30,895 [Worker-40: Building] INFO  o.e.m.c.i.e.AbstractTransferListenerAdapter - Downloading https://repo.maven.apache.org/maven2/net/bytebuddy/byte-buddy-agent/1.14.16/byte-buddy-agent-1.14.16.pom
2025-09-08 20:56:30,907 [Worker-40: Building] INFO  o.e.m.c.i.e.AbstractTransferListenerAdapter - Downloaded https://repo.maven.apache.org/maven2/net/bytebuddy/byte-buddy-agent/1.14.16/byte-buddy-agent-1.14.16.pom
2025-09-08 20:56:31,008 [Worker-40: Building] INFO  o.e.m.c.i.e.AbstractTransferListenerAdapter - Downloading https://repo.maven.apache.org/maven2/org/mockito/mockito-junit-jupiter/5.11.0/mockito-junit-jupiter-5.11.0.pom
2025-09-08 20:56:31,022 [Worker-40: Building] INFO  o.e.m.c.i.e.AbstractTransferListenerAdapter - Downloaded https://repo.maven.apache.org/maven2/org/mockito/mockito-junit-jupiter/5.11.0/mockito-junit-jupiter-5.11.0.pom
2025-09-08 20:56:31,147 [Worker-40: Building] INFO  o.e.m.c.i.e.AbstractTransferListenerAdapter - Downloading https://repo.maven.apache.org/maven2/org/springframework/security/spring-security-test/6.3.0/spring-security-test-6.3.0.pom
2025-09-08 20:56:31,179 [Worker-40: Building] INFO  o.e.m.c.i.e.AbstractTransferListenerAdapter - Downloaded https://repo.maven.apache.org/maven2/org/springframework/security/spring-security-test/6.3.0/spring-security-test-6.3.0.pom
2025-09-08 20:56:31,381 [Worker-40: Building] INFO  o.e.m.c.i.e.AbstractTransferListenerAdapter - Downloading https://repo.maven.apache.org/maven2/org/springframework/boot/spring-boot-starter-data-jpa/3.3.0/spring-boot-starter-data-jpa-3.3.0.jar
2025-09-08 20:56:31,388 [Worker-40: Building] INFO  o.e.m.c.i.e.AbstractTransferListenerAdapter - Downloaded https://repo.maven.apache.org/maven2/org/springframework/boot/spring-boot-starter-data-jpa/3.3.0/spring-boot-starter-data-jpa-3.3.0.jar
2025-09-08 20:56:31,449 [BasicRepositoryConnector-repo.maven.apache.org-2-1] INFO  o.e.m.c.i.e.AbstractTransferListenerAdapter - Downloading https://repo.maven.apache.org/maven2/org/aspectj/aspectjweaver/1.9.22/aspectjweaver-1.9.22.jar
2025-09-08 20:56:31,901 [BasicRepositoryConnector-repo.maven.apache.org-2-0] INFO  o.e.m.c.i.e.AbstractTransferListenerAdapter - Downloading https://repo.maven.apache.org/maven2/org/springframework/boot/spring-boot-starter-aop/3.3.0/spring-boot-starter-aop-3.3.0.jar
2025-09-08 20:56:31,907 [BasicRepositoryConnector-repo.maven.apache.org-2-0] INFO  o.e.m.c.i.e.AbstractTransferListenerAdapter - Downloaded https://repo.maven.apache.org/maven2/org/springframework/boot/spring-boot-starter-aop/3.3.0/spring-boot-starter-aop-3.3.0.jar
2025-09-08 20:56:31,943 [BasicRepositoryConnector-repo.maven.apache.org-2-4] INFO  o.e.m.c.i.e.AbstractTransferListenerAdapter - Downloading https://repo.maven.apache.org/maven2/org/hibernate/orm/hibernate-core/6.5.2.Final/hibernate-core-6.5.2.Final.jar
2025-09-08 20:56:31,995 [BasicRepositoryConnector-repo.maven.apache.org-2-3] INFO  o.e.m.c.i.e.AbstractTransferListenerAdapter - Downloading https://repo.maven.apache.org/maven2/org/springframework/spring-jdbc/6.1.8/spring-jdbc-6.1.8.jar
2025-09-08 20:56:31,995 [BasicRepositoryConnector-repo.maven.apache.org-2-2] INFO  o.e.m.c.i.e.AbstractTransferListenerAdapter - Downloading https://repo.maven.apache.org/maven2/org/springframework/boot/spring-boot-starter-jdbc/3.3.0/spring-boot-starter-jdbc-3.3.0.jar
2025-09-08 20:56:32,019 [BasicRepositoryConnector-repo.maven.apache.org-2-2] INFO  o.e.m.c.i.e.AbstractTransferListenerAdapter - Downloaded https://repo.maven.apache.org/maven2/org/springframework/boot/spring-boot-starter-jdbc/3.3.0/spring-boot-starter-jdbc-3.3.0.jar
2025-09-08 20:56:32,352 [BasicRepositoryConnector-repo.maven.apache.org-2-0] INFO  o.e.m.c.i.e.AbstractTransferListenerAdapter - Downloading https://repo.maven.apache.org/maven2/net/bytebuddy/byte-buddy/1.14.16/byte-buddy-1.14.16.jar
2025-09-08 20:56:32,436 [BasicRepositoryConnector-repo.maven.apache.org-2-2] INFO  o.e.m.c.i.e.AbstractTransferListenerAdapter - Downloading https://repo.maven.apache.org/maven2/org/springframework/data/spring-data-jpa/3.3.0/spring-data-jpa-3.3.0.jar
2025-09-08 20:56:36,491 [BasicRepositoryConnector-repo.maven.apache.org-2-3] INFO  o.e.m.c.i.e.AbstractTransferListenerAdapter - Downloaded https://repo.maven.apache.org/maven2/org/springframework/spring-jdbc/6.1.8/spring-jdbc-6.1.8.jar
2025-09-08 20:56:37,080 [BasicRepositoryConnector-repo.maven.apache.org-2-3] INFO  o.e.m.c.i.e.AbstractTransferListenerAdapter - Downloading https://repo.maven.apache.org/maven2/org/springframework/data/spring-data-commons/3.3.0/spring-data-commons-3.3.0.jar
2025-09-08 20:56:40,807 [BasicRepositoryConnector-repo.maven.apache.org-2-1] INFO  o.e.m.c.i.e.AbstractTransferListenerAdapter - Downloaded https://repo.maven.apache.org/maven2/org/aspectj/aspectjweaver/1.9.22/aspectjweaver-1.9.22.jar
2025-09-08 20:56:41,633 [BasicRepositoryConnector-repo.maven.apache.org-2-1] INFO  o.e.m.c.i.e.AbstractTransferListenerAdapter - Downloading https://repo.maven.apache.org/maven2/org/springframework/spring-orm/6.1.8/spring-orm-6.1.8.jar
2025-09-08 20:56:43,052 [BasicRepositoryConnector-repo.maven.apache.org-2-1] INFO  o.e.m.c.i.e.AbstractTransferListenerAdapter - Downloaded https://repo.maven.apache.org/maven2/org/springframework/spring-orm/6.1.8/spring-orm-6.1.8.jar
2025-09-08 20:56:43,426 [BasicRepositoryConnector-repo.maven.apache.org-2-1] INFO  o.e.m.c.i.e.AbstractTransferListenerAdapter - Downloading https://repo.maven.apache.org/maven2/org/springframework/spring-context/6.1.8/spring-context-6.1.8.jar
2025-09-08 20:56:49,759 [BasicRepositoryConnector-repo.maven.apache.org-2-1] INFO  o.e.m.c.i.e.AbstractTransferListenerAdapter - Downloaded https://repo.maven.apache.org/maven2/org/springframework/spring-context/6.1.8/spring-context-6.1.8.jar
2025-09-08 20:56:49,896 [BasicRepositoryConnector-repo.maven.apache.org-2-1] INFO  o.e.m.c.i.e.AbstractTransferListenerAdapter - Downloading https://repo.maven.apache.org/maven2/org/springframework/spring-tx/6.1.8/spring-tx-6.1.8.jar
2025-09-08 20:56:50,434 [BasicRepositoryConnector-repo.maven.apache.org-2-3] INFO  o.e.m.c.i.e.AbstractTransferListenerAdapter - Downloaded https://repo.maven.apache.org/maven2/org/springframework/data/spring-data-commons/3.3.0/spring-data-commons-3.3.0.jar
2025-09-08 20:56:50,617 [BasicRepositoryConnector-repo.maven.apache.org-2-1] INFO  o.e.m.c.i.e.AbstractTransferListenerAdapter - Downloaded https://repo.maven.apache.org/maven2/org/springframework/spring-tx/6.1.8/spring-tx-6.1.8.jar
2025-09-08 20:56:50,682 [BasicRepositoryConnector-repo.maven.apache.org-2-3] INFO  o.e.m.c.i.e.AbstractTransferListenerAdapter - Downloading https://repo.maven.apache.org/maven2/org/springframework/spring-beans/6.1.8/spring-beans-6.1.8.jar
2025-09-08 20:56:50,844 [BasicRepositoryConnector-repo.maven.apache.org-2-1] INFO  o.e.m.c.i.e.AbstractTransferListenerAdapter - Downloading https://repo.maven.apache.org/maven2/org/slf4j/slf4j-api/2.0.13/slf4j-api-2.0.13.jar
2025-09-08 20:56:51,041 [BasicRepositoryConnector-repo.maven.apache.org-2-1] INFO  o.e.m.c.i.e.AbstractTransferListenerAdapter - Downloaded https://repo.maven.apache.org/maven2/org/slf4j/slf4j-api/2.0.13/slf4j-api-2.0.13.jar
2025-09-08 20:56:51,272 [BasicRepositoryConnector-repo.maven.apache.org-2-1] INFO  o.e.m.c.i.e.AbstractTransferListenerAdapter - Downloading https://repo.maven.apache.org/maven2/org/springframework/spring-aspects/6.1.8/spring-aspects-6.1.8.jar
2025-09-08 20:56:51,488 [BasicRepositoryConnector-repo.maven.apache.org-2-1] INFO  o.e.m.c.i.e.AbstractTransferListenerAdapter - Downloaded https://repo.maven.apache.org/maven2/org/springframework/spring-aspects/6.1.8/spring-aspects-6.1.8.jar
2025-09-08 20:56:51,797 [BasicRepositoryConnector-repo.maven.apache.org-2-1] INFO  o.e.m.c.i.e.AbstractTransferListenerAdapter - Downloading https://repo.maven.apache.org/maven2/org/springframework/boot/spring-boot-starter-security/3.3.0/spring-boot-starter-security-3.3.0.jar
2025-09-08 20:56:51,831 [BasicRepositoryConnector-repo.maven.apache.org-2-1] INFO  o.e.m.c.i.e.AbstractTransferListenerAdapter - Downloaded https://repo.maven.apache.org/maven2/org/springframework/boot/spring-boot-starter-security/3.3.0/spring-boot-starter-security-3.3.0.jar
2025-09-08 20:56:52,218 [BasicRepositoryConnector-repo.maven.apache.org-2-1] INFO  o.e.m.c.i.e.AbstractTransferListenerAdapter - Downloading https://repo.maven.apache.org/maven2/org/springframework/boot/spring-boot-starter/3.3.0/spring-boot-starter-3.3.0.jar
2025-09-08 20:56:52,226 [BasicRepositoryConnector-repo.maven.apache.org-2-1] INFO  o.e.m.c.i.e.AbstractTransferListenerAdapter - Downloaded https://repo.maven.apache.org/maven2/org/springframework/boot/spring-boot-starter/3.3.0/spring-boot-starter-3.3.0.jar
2025-09-08 20:56:52,720 [BasicRepositoryConnector-repo.maven.apache.org-2-2] INFO  o.e.m.c.i.e.AbstractTransferListenerAdapter - Downloaded https://repo.maven.apache.org/maven2/org/springframework/data/spring-data-jpa/3.3.0/spring-data-jpa-3.3.0.jar
2025-09-08 20:56:52,747 [BasicRepositoryConnector-repo.maven.apache.org-2-1] INFO  o.e.m.c.i.e.AbstractTransferListenerAdapter - Downloading https://repo.maven.apache.org/maven2/org/springframework/boot/spring-boot/3.3.0/spring-boot-3.3.0.jar
2025-09-08 20:56:53,694 [BasicRepositoryConnector-repo.maven.apache.org-2-2] INFO  o.e.m.c.i.e.AbstractTransferListenerAdapter - Downloading https://repo.maven.apache.org/maven2/org/springframework/boot/spring-boot-autoconfigure/3.3.0/spring-boot-autoconfigure-3.3.0.jar
2025-09-08 20:56:55,928 [BasicRepositoryConnector-repo.maven.apache.org-2-3] INFO  o.e.m.c.i.e.AbstractTransferListenerAdapter - Downloaded https://repo.maven.apache.org/maven2/org/springframework/spring-beans/6.1.8/spring-beans-6.1.8.jar
2025-09-08 20:56:56,136 [BasicRepositoryConnector-repo.maven.apache.org-2-3] INFO  o.e.m.c.i.e.AbstractTransferListenerAdapter - Downloading https://repo.maven.apache.org/maven2/org/springframework/boot/spring-boot-starter-logging/3.3.0/spring-boot-starter-logging-3.3.0.jar
2025-09-08 20:56:56,159 [BasicRepositoryConnector-repo.maven.apache.org-2-3] INFO  o.e.m.c.i.e.AbstractTransferListenerAdapter - Downloaded https://repo.maven.apache.org/maven2/org/springframework/boot/spring-boot-starter-logging/3.3.0/spring-boot-starter-logging-3.3.0.jar
2025-09-08 20:56:56,335 [BasicRepositoryConnector-repo.maven.apache.org-2-3] INFO  o.e.m.c.i.e.AbstractTransferListenerAdapter - Downloading https://repo.maven.apache.org/maven2/ch/qos/logback/logback-classic/1.5.6/logback-classic-1.5.6.jar
2025-09-08 20:56:57,577 [BasicRepositoryConnector-repo.maven.apache.org-2-3] INFO  o.e.m.c.i.e.AbstractTransferListenerAdapter - Downloaded https://repo.maven.apache.org/maven2/ch/qos/logback/logback-classic/1.5.6/logback-classic-1.5.6.jar
2025-09-08 20:56:57,794 [BasicRepositoryConnector-repo.maven.apache.org-2-3] INFO  o.e.m.c.i.e.AbstractTransferListenerAdapter - Downloading https://repo.maven.apache.org/maven2/ch/qos/logback/logback-core/1.5.6/logback-core-1.5.6.jar
2025-09-08 20:56:59,954 [BasicRepositoryConnector-repo.maven.apache.org-2-3] INFO  o.e.m.c.i.e.AbstractTransferListenerAdapter - Downloaded https://repo.maven.apache.org/maven2/ch/qos/logback/logback-core/1.5.6/logback-core-1.5.6.jar
2025-09-08 20:57:00,248 [BasicRepositoryConnector-repo.maven.apache.org-2-3] INFO  o.e.m.c.i.e.AbstractTransferListenerAdapter - Downloading https://repo.maven.apache.org/maven2/org/apache/logging/log4j/log4j-to-slf4j/2.23.1/log4j-to-slf4j-2.23.1.jar
2025-09-08 20:57:00,255 [BasicRepositoryConnector-repo.maven.apache.org-2-1] INFO  o.e.m.c.i.e.AbstractTransferListenerAdapter - Downloaded https://repo.maven.apache.org/maven2/org/springframework/boot/spring-boot/3.3.0/spring-boot-3.3.0.jar
2025-09-08 20:57:00,283 [BasicRepositoryConnector-repo.maven.apache.org-2-3] INFO  o.e.m.c.i.e.AbstractTransferListenerAdapter - Downloaded https://repo.maven.apache.org/maven2/org/apache/logging/log4j/log4j-to-slf4j/2.23.1/log4j-to-slf4j-2.23.1.jar
2025-09-08 20:57:00,486 [BasicRepositoryConnector-repo.maven.apache.org-2-1] INFO  o.e.m.c.i.e.AbstractTransferListenerAdapter - Downloading https://repo.maven.apache.org/maven2/org/apache/logging/log4j/log4j-api/2.23.1/log4j-api-2.23.1.jar
2025-09-08 20:57:00,560 [BasicRepositoryConnector-repo.maven.apache.org-2-3] INFO  o.e.m.c.i.e.AbstractTransferListenerAdapter - Downloading https://repo.maven.apache.org/maven2/org/slf4j/jul-to-slf4j/2.0.13/jul-to-slf4j-2.0.13.jar
2025-09-08 20:57:00,579 [BasicRepositoryConnector-repo.maven.apache.org-2-3] INFO  o.e.m.c.i.e.AbstractTransferListenerAdapter - Downloaded https://repo.maven.apache.org/maven2/org/slf4j/jul-to-slf4j/2.0.13/jul-to-slf4j-2.0.13.jar
2025-09-08 20:57:00,943 [BasicRepositoryConnector-repo.maven.apache.org-2-3] INFO  o.e.m.c.i.e.AbstractTransferListenerAdapter - Downloading https://repo.maven.apache.org/maven2/org/springframework/spring-aop/6.1.8/spring-aop-6.1.8.jar
2025-09-08 20:57:02,157 [BasicRepositoryConnector-repo.maven.apache.org-2-1] INFO  o.e.m.c.i.e.AbstractTransferListenerAdapter - Downloaded https://repo.maven.apache.org/maven2/org/apache/logging/log4j/log4j-api/2.23.1/log4j-api-2.23.1.jar
2025-09-08 20:57:02,261 [BasicRepositoryConnector-repo.maven.apache.org-2-3] INFO  o.e.m.c.i.e.AbstractTransferListenerAdapter - Downloaded https://repo.maven.apache.org/maven2/org/springframework/spring-aop/6.1.8/spring-aop-6.1.8.jar
2025-09-08 20:57:02,567 [BasicRepositoryConnector-repo.maven.apache.org-2-1] INFO  o.e.m.c.i.e.AbstractTransferListenerAdapter - Downloading https://repo.maven.apache.org/maven2/org/springframework/security/spring-security-config/6.3.0/spring-security-config-6.3.0.jar
2025-09-08 20:57:02,592 [BasicRepositoryConnector-repo.maven.apache.org-2-2] INFO  o.e.m.c.i.e.AbstractTransferListenerAdapter - Downloaded https://repo.maven.apache.org/maven2/org/springframework/boot/spring-boot-autoconfigure/3.3.0/spring-boot-autoconfigure-3.3.0.jar
2025-09-08 20:57:02,699 [BasicRepositoryConnector-repo.maven.apache.org-2-3] INFO  o.e.m.c.i.e.AbstractTransferListenerAdapter - Downloading https://repo.maven.apache.org/maven2/org/springframework/security/spring-security-web/6.3.0/spring-security-web-6.3.0.jar
2025-09-08 20:57:03,098 [BasicRepositoryConnector-repo.maven.apache.org-2-2] INFO  o.e.m.c.i.e.AbstractTransferListenerAdapter - Downloading https://repo.maven.apache.org/maven2/org/springframework/spring-expression/6.1.8/spring-expression-6.1.8.jar
2025-09-08 20:57:05,100 [BasicRepositoryConnector-repo.maven.apache.org-2-2] INFO  o.e.m.c.i.e.AbstractTransferListenerAdapter - Downloaded https://repo.maven.apache.org/maven2/org/springframework/spring-expression/6.1.8/spring-expression-6.1.8.jar
2025-09-08 20:57:05,440 [BasicRepositoryConnector-repo.maven.apache.org-2-2] INFO  o.e.m.c.i.e.AbstractTransferListenerAdapter - Downloading https://repo.maven.apache.org/maven2/org/springframework/boot/spring-boot-starter-web/3.3.0/spring-boot-starter-web-3.3.0.jar
2025-09-08 20:57:05,471 [BasicRepositoryConnector-repo.maven.apache.org-2-2] INFO  o.e.m.c.i.e.AbstractTransferListenerAdapter - Downloaded https://repo.maven.apache.org/maven2/org/springframework/boot/spring-boot-starter-web/3.3.0/spring-boot-starter-web-3.3.0.jar
2025-09-08 20:57:05,675 [BasicRepositoryConnector-repo.maven.apache.org-2-2] INFO  o.e.m.c.i.e.AbstractTransferListenerAdapter - Downloading https://repo.maven.apache.org/maven2/org/springframework/boot/spring-boot-starter-json/3.3.0/spring-boot-starter-json-3.3.0.jar
2025-09-08 20:57:05,727 [BasicRepositoryConnector-repo.maven.apache.org-2-2] INFO  o.e.m.c.i.e.AbstractTransferListenerAdapter - Downloaded https://repo.maven.apache.org/maven2/org/springframework/boot/spring-boot-starter-json/3.3.0/spring-boot-starter-json-3.3.0.jar
2025-09-08 20:57:06,027 [BasicRepositoryConnector-repo.maven.apache.org-2-3] INFO  o.e.m.c.i.e.AbstractTransferListenerAdapter - Downloaded https://repo.maven.apache.org/maven2/org/springframework/security/spring-security-web/6.3.0/spring-security-web-6.3.0.jar
2025-09-08 20:57:06,121 [BasicRepositoryConnector-repo.maven.apache.org-2-2] INFO  o.e.m.c.i.e.AbstractTransferListenerAdapter - Downloading https://repo.maven.apache.org/maven2/com/fasterxml/jackson/core/jackson-databind/2.17.1/jackson-databind-2.17.1.jar
2025-09-08 20:57:06,397 [BasicRepositoryConnector-repo.maven.apache.org-2-3] INFO  o.e.m.c.i.e.AbstractTransferListenerAdapter - Downloading https://repo.maven.apache.org/maven2/com/fasterxml/jackson/core/jackson-annotations/2.17.1/jackson-annotations-2.17.1.jar
2025-09-08 20:57:06,500 [BasicRepositoryConnector-repo.maven.apache.org-2-0] INFO  o.e.m.c.i.e.AbstractTransferListenerAdapter - Downloaded https://repo.maven.apache.org/maven2/net/bytebuddy/byte-buddy/1.14.16/byte-buddy-1.14.16.jar
2025-09-08 20:57:06,508 [BasicRepositoryConnector-repo.maven.apache.org-2-3] INFO  o.e.m.c.i.e.AbstractTransferListenerAdapter - Downloaded https://repo.maven.apache.org/maven2/com/fasterxml/jackson/core/jackson-annotations/2.17.1/jackson-annotations-2.17.1.jar
2025-09-08 20:57:06,647 [BasicRepositoryConnector-repo.maven.apache.org-2-0] INFO  o.e.m.c.i.e.AbstractTransferListenerAdapter - Downloading https://repo.maven.apache.org/maven2/com/fasterxml/jackson/core/jackson-core/2.17.1/jackson-core-2.17.1.jar
2025-09-08 20:57:06,654 [BasicRepositoryConnector-repo.maven.apache.org-2-3] INFO  o.e.m.c.i.e.AbstractTransferListenerAdapter - Downloading https://repo.maven.apache.org/maven2/com/fasterxml/jackson/datatype/jackson-datatype-jdk8/2.17.1/jackson-datatype-jdk8-2.17.1.jar
2025-09-08 20:57:06,948 [BasicRepositoryConnector-repo.maven.apache.org-2-3] INFO  o.e.m.c.i.e.AbstractTransferListenerAdapter - Downloaded https://repo.maven.apache.org/maven2/com/fasterxml/jackson/datatype/jackson-datatype-jdk8/2.17.1/jackson-datatype-jdk8-2.17.1.jar
2025-09-08 20:57:07,207 [BasicRepositoryConnector-repo.maven.apache.org-2-3] INFO  o.e.m.c.i.e.AbstractTransferListenerAdapter - Downloading https://repo.maven.apache.org/maven2/com/fasterxml/jackson/datatype/jackson-datatype-jsr310/2.17.1/jackson-datatype-jsr310-2.17.1.jar
2025-09-08 20:57:07,581 [BasicRepositoryConnector-repo.maven.apache.org-2-3] INFO  o.e.m.c.i.e.AbstractTransferListenerAdapter - Downloaded https://repo.maven.apache.org/maven2/com/fasterxml/jackson/datatype/jackson-datatype-jsr310/2.17.1/jackson-datatype-jsr310-2.17.1.jar
2025-09-08 20:57:07,819 [BasicRepositoryConnector-repo.maven.apache.org-2-0] INFO  o.e.m.c.i.e.AbstractTransferListenerAdapter - Downloaded https://repo.maven.apache.org/maven2/com/fasterxml/jackson/core/jackson-core/2.17.1/jackson-core-2.17.1.jar
2025-09-08 20:57:07,883 [BasicRepositoryConnector-repo.maven.apache.org-2-3] INFO  o.e.m.c.i.e.AbstractTransferListenerAdapter - Downloading https://repo.maven.apache.org/maven2/com/fasterxml/jackson/module/jackson-module-parameter-names/2.17.1/jackson-module-parameter-names-2.17.1.jar
2025-09-08 20:57:07,911 [BasicRepositoryConnector-repo.maven.apache.org-2-3] INFO  o.e.m.c.i.e.AbstractTransferListenerAdapter - Downloaded https://repo.maven.apache.org/maven2/com/fasterxml/jackson/module/jackson-module-parameter-names/2.17.1/jackson-module-parameter-names-2.17.1.jar
2025-09-08 20:57:08,053 [BasicRepositoryConnector-repo.maven.apache.org-2-0] INFO  o.e.m.c.i.e.AbstractTransferListenerAdapter - Downloading https://repo.maven.apache.org/maven2/org/springframework/boot/spring-boot-starter-tomcat/3.3.0/spring-boot-starter-tomcat-3.3.0.jar
2025-09-08 20:57:08,092 [BasicRepositoryConnector-repo.maven.apache.org-2-0] INFO  o.e.m.c.i.e.AbstractTransferListenerAdapter - Downloaded https://repo.maven.apache.org/maven2/org/springframework/boot/spring-boot-starter-tomcat/3.3.0/spring-boot-starter-tomcat-3.3.0.jar
2025-09-08 20:57:08,141 [BasicRepositoryConnector-repo.maven.apache.org-2-3] INFO  o.e.m.c.i.e.AbstractTransferListenerAdapter - Downloading https://repo.maven.apache.org/maven2/org/apache/tomcat/embed/tomcat-embed-core/10.1.24/tomcat-embed-core-10.1.24.jar
2025-09-08 20:57:08,445 [BasicRepositoryConnector-repo.maven.apache.org-2-0] INFO  o.e.m.c.i.e.AbstractTransferListenerAdapter - Downloading https://repo.maven.apache.org/maven2/org/apache/tomcat/embed/tomcat-embed-el/10.1.24/tomcat-embed-el-10.1.24.jar
2025-09-08 20:57:09,174 [BasicRepositoryConnector-repo.maven.apache.org-2-0] INFO  o.e.m.c.i.e.AbstractTransferListenerAdapter - Downloaded https://repo.maven.apache.org/maven2/org/apache/tomcat/embed/tomcat-embed-el/10.1.24/tomcat-embed-el-10.1.24.jar
2025-09-08 20:57:09,482 [BasicRepositoryConnector-repo.maven.apache.org-2-0] INFO  o.e.m.c.i.e.AbstractTransferListenerAdapter - Downloading https://repo.maven.apache.org/maven2/org/apache/tomcat/embed/tomcat-embed-websocket/10.1.24/tomcat-embed-websocket-10.1.24.jar
2025-09-08 20:57:10,584 [BasicRepositoryConnector-repo.maven.apache.org-2-0] INFO  o.e.m.c.i.e.AbstractTransferListenerAdapter - Downloaded https://repo.maven.apache.org/maven2/org/apache/tomcat/embed/tomcat-embed-websocket/10.1.24/tomcat-embed-websocket-10.1.24.jar
2025-09-08 20:57:10,781 [BasicRepositoryConnector-repo.maven.apache.org-2-0] INFO  o.e.m.c.i.e.AbstractTransferListenerAdapter - Downloading https://repo.maven.apache.org/maven2/org/springframework/spring-web/6.1.8/spring-web-6.1.8.jar
2025-09-08 20:57:10,907 [BasicRepositoryConnector-repo.maven.apache.org-2-2] INFO  o.e.m.c.i.e.AbstractTransferListenerAdapter - Downloaded https://repo.maven.apache.org/maven2/com/fasterxml/jackson/core/jackson-databind/2.17.1/jackson-databind-2.17.1.jar
2025-09-08 20:57:11,040 [BasicRepositoryConnector-repo.maven.apache.org-2-2] INFO  o.e.m.c.i.e.AbstractTransferListenerAdapter - Downloading https://repo.maven.apache.org/maven2/io/micrometer/micrometer-observation/1.13.0/micrometer-observation-1.13.0.jar
2025-09-08 20:57:11,215 [BasicRepositoryConnector-repo.maven.apache.org-2-2] INFO  o.e.m.c.i.e.AbstractTransferListenerAdapter - Downloaded https://repo.maven.apache.org/maven2/io/micrometer/micrometer-observation/1.13.0/micrometer-observation-1.13.0.jar
2025-09-08 20:57:11,372 [BasicRepositoryConnector-repo.maven.apache.org-2-2] INFO  o.e.m.c.i.e.AbstractTransferListenerAdapter - Downloading https://repo.maven.apache.org/maven2/io/micrometer/micrometer-commons/1.13.0/micrometer-commons-1.13.0.jar
2025-09-08 20:57:11,467 [BasicRepositoryConnector-repo.maven.apache.org-2-2] INFO  o.e.m.c.i.e.AbstractTransferListenerAdapter - Downloaded https://repo.maven.apache.org/maven2/io/micrometer/micrometer-commons/1.13.0/micrometer-commons-1.13.0.jar
2025-09-08 20:57:11,627 [BasicRepositoryConnector-repo.maven.apache.org-2-2] INFO  o.e.m.c.i.e.AbstractTransferListenerAdapter - Downloading https://repo.maven.apache.org/maven2/org/springframework/spring-webmvc/6.1.8/spring-webmvc-6.1.8.jar
2025-09-08 20:57:11,971 [BasicRepositoryConnector-repo.maven.apache.org-2-1] INFO  o.e.m.c.i.e.AbstractTransferListenerAdapter - Downloaded https://repo.maven.apache.org/maven2/org/springframework/security/spring-security-config/6.3.0/spring-security-config-6.3.0.jar
2025-09-08 20:57:12,126 [BasicRepositoryConnector-repo.maven.apache.org-2-1] INFO  o.e.m.c.i.e.AbstractTransferListenerAdapter - Downloading https://repo.maven.apache.org/maven2/com/mysql/mysql-connector-j/8.3.0/mysql-connector-j-8.3.0.jar
2025-09-08 20:57:14,018 [BasicRepositoryConnector-repo.maven.apache.org-2-2] INFO  o.e.m.c.i.e.AbstractTransferListenerAdapter - Downloaded https://repo.maven.apache.org/maven2/org/springframework/spring-webmvc/6.1.8/spring-webmvc-6.1.8.jar
2025-09-08 20:57:14,392 [BasicRepositoryConnector-repo.maven.apache.org-2-2] INFO  o.e.m.c.i.e.AbstractTransferListenerAdapter - Downloading https://repo.maven.apache.org/maven2/org/springframework/boot/spring-boot-starter-test/3.3.0/spring-boot-starter-test-3.3.0.jar
2025-09-08 20:57:14,449 [BasicRepositoryConnector-repo.maven.apache.org-2-2] INFO  o.e.m.c.i.e.AbstractTransferListenerAdapter - Downloaded https://repo.maven.apache.org/maven2/org/springframework/boot/spring-boot-starter-test/3.3.0/spring-boot-starter-test-3.3.0.jar
2025-09-08 20:57:14,634 [BasicRepositoryConnector-repo.maven.apache.org-2-0] INFO  o.e.m.c.i.e.AbstractTransferListenerAdapter - Downloaded https://repo.maven.apache.org/maven2/org/springframework/spring-web/6.1.8/spring-web-6.1.8.jar
2025-09-08 20:57:14,846 [BasicRepositoryConnector-repo.maven.apache.org-2-2] INFO  o.e.m.c.i.e.AbstractTransferListenerAdapter - Downloading https://repo.maven.apache.org/maven2/org/springframework/boot/spring-boot-test/3.3.0/spring-boot-test-3.3.0.jar
2025-09-08 20:57:15,041 [BasicRepositoryConnector-repo.maven.apache.org-2-0] INFO  o.e.m.c.i.e.AbstractTransferListenerAdapter - Downloading https://repo.maven.apache.org/maven2/org/springframework/boot/spring-boot-test-autoconfigure/3.3.0/spring-boot-test-autoconfigure-3.3.0.jar
2025-09-08 20:57:17,344 [BasicRepositoryConnector-repo.maven.apache.org-2-0] INFO  o.e.m.c.i.e.AbstractTransferListenerAdapter - Downloaded https://repo.maven.apache.org/maven2/org/springframework/boot/spring-boot-test-autoconfigure/3.3.0/spring-boot-test-autoconfigure-3.3.0.jar
2025-09-08 20:57:17,386 [BasicRepositoryConnector-repo.maven.apache.org-2-2] INFO  o.e.m.c.i.e.AbstractTransferListenerAdapter - Downloaded https://repo.maven.apache.org/maven2/org/springframework/boot/spring-boot-test/3.3.0/spring-boot-test-3.3.0.jar
2025-09-08 20:57:17,730 [BasicRepositoryConnector-repo.maven.apache.org-2-0] INFO  o.e.m.c.i.e.AbstractTransferListenerAdapter - Downloading https://repo.maven.apache.org/maven2/net/minidev/json-smart/2.5.1/json-smart-2.5.1.jar
2025-09-08 20:57:17,731 [BasicRepositoryConnector-repo.maven.apache.org-2-2] INFO  o.e.m.c.i.e.AbstractTransferListenerAdapter - Downloading https://repo.maven.apache.org/maven2/net/minidev/accessors-smart/2.5.1/accessors-smart-2.5.1.jar
2025-09-08 20:57:17,825 [BasicRepositoryConnector-repo.maven.apache.org-2-2] INFO  o.e.m.c.i.e.AbstractTransferListenerAdapter - Downloaded https://repo.maven.apache.org/maven2/net/minidev/accessors-smart/2.5.1/accessors-smart-2.5.1.jar
2025-09-08 20:57:17,871 [BasicRepositoryConnector-repo.maven.apache.org-2-4] INFO  o.e.m.c.i.e.AbstractTransferListenerAdapter - Downloaded https://repo.maven.apache.org/maven2/org/hibernate/orm/hibernate-core/6.5.2.Final/hibernate-core-6.5.2.Final.jar
2025-09-08 20:57:18,063 [BasicRepositoryConnector-repo.maven.apache.org-2-4] INFO  o.e.m.c.i.e.AbstractTransferListenerAdapter - Downloading https://repo.maven.apache.org/maven2/org/awaitility/awaitility/4.2.1/awaitility-4.2.1.jar
2025-09-08 20:57:18,069 [BasicRepositoryConnector-repo.maven.apache.org-2-2] INFO  o.e.m.c.i.e.AbstractTransferListenerAdapter - Downloading https://repo.maven.apache.org/maven2/org/assertj/assertj-core/3.25.3/assertj-core-3.25.3.jar
2025-09-08 20:57:18,223 [BasicRepositoryConnector-repo.maven.apache.org-2-0] INFO  o.e.m.c.i.e.AbstractTransferListenerAdapter - Downloaded https://repo.maven.apache.org/maven2/net/minidev/json-smart/2.5.1/json-smart-2.5.1.jar
2025-09-08 20:57:18,440 [BasicRepositoryConnector-repo.maven.apache.org-2-4] INFO  o.e.m.c.i.e.AbstractTransferListenerAdapter - Downloaded https://repo.maven.apache.org/maven2/org/awaitility/awaitility/4.2.1/awaitility-4.2.1.jar
2025-09-08 20:57:18,521 [BasicRepositoryConnector-repo.maven.apache.org-2-0] INFO  o.e.m.c.i.e.AbstractTransferListenerAdapter - Downloading https://repo.maven.apache.org/maven2/org/junit/jupiter/junit-jupiter/5.10.2/junit-jupiter-5.10.2.jar
2025-09-08 20:57:18,550 [BasicRepositoryConnector-repo.maven.apache.org-2-0] INFO  o.e.m.c.i.e.AbstractTransferListenerAdapter - Downloaded https://repo.maven.apache.org/maven2/org/junit/jupiter/junit-jupiter/5.10.2/junit-jupiter-5.10.2.jar
2025-09-08 20:57:18,621 [BasicRepositoryConnector-repo.maven.apache.org-2-4] INFO  o.e.m.c.i.e.AbstractTransferListenerAdapter - Downloading https://repo.maven.apache.org/maven2/org/junit/jupiter/junit-jupiter-api/5.10.2/junit-jupiter-api-5.10.2.jar
2025-09-08 20:57:18,748 [BasicRepositoryConnector-repo.maven.apache.org-2-0] INFO  o.e.m.c.i.e.AbstractTransferListenerAdapter - Downloading https://repo.maven.apache.org/maven2/org/junit/platform/junit-platform-commons/1.10.2/junit-platform-commons-1.10.2.jar
2025-09-08 20:57:18,939 [BasicRepositoryConnector-repo.maven.apache.org-2-4] INFO  o.e.m.c.i.e.AbstractTransferListenerAdapter - Downloaded https://repo.maven.apache.org/maven2/org/junit/jupiter/junit-jupiter-api/5.10.2/junit-jupiter-api-5.10.2.jar
2025-09-08 20:57:19,029 [BasicRepositoryConnector-repo.maven.apache.org-2-0] INFO  o.e.m.c.i.e.AbstractTransferListenerAdapter - Downloaded https://repo.maven.apache.org/maven2/org/junit/platform/junit-platform-commons/1.10.2/junit-platform-commons-1.10.2.jar
2025-09-08 20:57:19,098 [BasicRepositoryConnector-repo.maven.apache.org-2-4] INFO  o.e.m.c.i.e.AbstractTransferListenerAdapter - Downloading https://repo.maven.apache.org/maven2/org/junit/jupiter/junit-jupiter-params/5.10.2/junit-jupiter-params-5.10.2.jar
2025-09-08 20:57:19,111 [BasicRepositoryConnector-repo.maven.apache.org-2-1] INFO  o.e.m.c.i.e.AbstractTransferListenerAdapter - Downloaded https://repo.maven.apache.org/maven2/com/mysql/mysql-connector-j/8.3.0/mysql-connector-j-8.3.0.jar
2025-09-08 20:57:19,177 [BasicRepositoryConnector-repo.maven.apache.org-2-0] INFO  o.e.m.c.i.e.AbstractTransferListenerAdapter - Downloading https://repo.maven.apache.org/maven2/org/junit/jupiter/junit-jupiter-engine/5.10.2/junit-jupiter-engine-5.10.2.jar
2025-09-08 20:57:19,303 [BasicRepositoryConnector-repo.maven.apache.org-2-1] INFO  o.e.m.c.i.e.AbstractTransferListenerAdapter - Downloading https://repo.maven.apache.org/maven2/org/junit/platform/junit-platform-engine/1.10.2/junit-platform-engine-1.10.2.jar
2025-09-08 20:57:19,917 [BasicRepositoryConnector-repo.maven.apache.org-2-1] INFO  o.e.m.c.i.e.AbstractTransferListenerAdapter - Downloaded https://repo.maven.apache.org/maven2/org/junit/platform/junit-platform-engine/1.10.2/junit-platform-engine-1.10.2.jar
2025-09-08 20:57:19,945 [BasicRepositoryConnector-repo.maven.apache.org-2-0] INFO  o.e.m.c.i.e.AbstractTransferListenerAdapter - Downloaded https://repo.maven.apache.org/maven2/org/junit/jupiter/junit-jupiter-engine/5.10.2/junit-jupiter-engine-5.10.2.jar
2025-09-08 20:57:19,979 [BasicRepositoryConnector-repo.maven.apache.org-2-4] INFO  o.e.m.c.i.e.AbstractTransferListenerAdapter - Downloaded https://repo.maven.apache.org/maven2/org/junit/jupiter/junit-jupiter-params/5.10.2/junit-jupiter-params-5.10.2.jar
2025-09-08 20:57:20,091 [BasicRepositoryConnector-repo.maven.apache.org-2-1] INFO  o.e.m.c.i.e.AbstractTransferListenerAdapter - Downloading https://repo.maven.apache.org/maven2/org/mockito/mockito-core/5.11.0/mockito-core-5.11.0.jar
2025-09-08 20:57:20,116 [BasicRepositoryConnector-repo.maven.apache.org-2-0] INFO  o.e.m.c.i.e.AbstractTransferListenerAdapter - Downloading https://repo.maven.apache.org/maven2/net/bytebuddy/byte-buddy-agent/1.14.16/byte-buddy-agent-1.14.16.jar
2025-09-08 20:57:20,183 [BasicRepositoryConnector-repo.maven.apache.org-2-4] INFO  o.e.m.c.i.e.AbstractTransferListenerAdapter - Downloading https://repo.maven.apache.org/maven2/org/mockito/mockito-junit-jupiter/5.11.0/mockito-junit-jupiter-5.11.0.jar
2025-09-08 20:57:20,218 [BasicRepositoryConnector-repo.maven.apache.org-2-4] INFO  o.e.m.c.i.e.AbstractTransferListenerAdapter - Downloaded https://repo.maven.apache.org/maven2/org/mockito/mockito-junit-jupiter/5.11.0/mockito-junit-jupiter-5.11.0.jar
2025-09-08 20:57:20,461 [BasicRepositoryConnector-repo.maven.apache.org-2-3] INFO  o.e.m.c.i.e.AbstractTransferListenerAdapter - Downloaded https://repo.maven.apache.org/maven2/org/apache/tomcat/embed/tomcat-embed-core/10.1.24/tomcat-embed-core-10.1.24.jar
2025-09-08 20:57:20,487 [BasicRepositoryConnector-repo.maven.apache.org-2-4] INFO  o.e.m.c.i.e.AbstractTransferListenerAdapter - Downloading https://repo.maven.apache.org/maven2/org/springframework/spring-core/6.1.8/spring-core-6.1.8.jar
2025-09-08 20:57:20,751 [BasicRepositoryConnector-repo.maven.apache.org-2-3] INFO  o.e.m.c.i.e.AbstractTransferListenerAdapter - Downloading https://repo.maven.apache.org/maven2/org/springframework/spring-jcl/6.1.8/spring-jcl-6.1.8.jar
2025-09-08 20:57:20,753 [BasicRepositoryConnector-repo.maven.apache.org-2-0] INFO  o.e.m.c.i.e.AbstractTransferListenerAdapter - Downloaded https://repo.maven.apache.org/maven2/net/bytebuddy/byte-buddy-agent/1.14.16/byte-buddy-agent-1.14.16.jar
2025-09-08 20:57:20,790 [BasicRepositoryConnector-repo.maven.apache.org-2-3] INFO  o.e.m.c.i.e.AbstractTransferListenerAdapter - Downloaded https://repo.maven.apache.org/maven2/org/springframework/spring-jcl/6.1.8/spring-jcl-6.1.8.jar
2025-09-08 20:57:20,959 [BasicRepositoryConnector-repo.maven.apache.org-2-0] INFO  o.e.m.c.i.e.AbstractTransferListenerAdapter - Downloading https://repo.maven.apache.org/maven2/org/springframework/spring-test/6.1.8/spring-test-6.1.8.jar
2025-09-08 20:57:21,010 [BasicRepositoryConnector-repo.maven.apache.org-2-3] INFO  o.e.m.c.i.e.AbstractTransferListenerAdapter - Downloading https://repo.maven.apache.org/maven2/org/springframework/security/spring-security-test/6.3.0/spring-security-test-6.3.0.jar
2025-09-08 20:57:21,219 [BasicRepositoryConnector-repo.maven.apache.org-2-2] INFO  o.e.m.c.i.e.AbstractTransferListenerAdapter - Downloaded https://repo.maven.apache.org/maven2/org/assertj/assertj-core/3.25.3/assertj-core-3.25.3.jar
2025-09-08 20:57:21,278 [BasicRepositoryConnector-repo.maven.apache.org-2-3] INFO  o.e.m.c.i.e.AbstractTransferListenerAdapter - Downloaded https://repo.maven.apache.org/maven2/org/springframework/security/spring-security-test/6.3.0/spring-security-test-6.3.0.jar
2025-09-08 20:57:21,435 [BasicRepositoryConnector-repo.maven.apache.org-2-2] INFO  o.e.m.c.i.e.AbstractTransferListenerAdapter - Downloading https://repo.maven.apache.org/maven2/org/springframework/security/spring-security-core/6.3.0/spring-security-core-6.3.0.jar
2025-09-08 20:57:21,538 [BasicRepositoryConnector-repo.maven.apache.org-2-3] INFO  o.e.m.c.i.e.AbstractTransferListenerAdapter - Downloading https://repo.maven.apache.org/maven2/org/springframework/security/spring-security-crypto/6.3.0/spring-security-crypto-6.3.0.jar
2025-09-08 20:57:21,676 [BasicRepositoryConnector-repo.maven.apache.org-2-1] INFO  o.e.m.c.i.e.AbstractTransferListenerAdapter - Downloaded https://repo.maven.apache.org/maven2/org/mockito/mockito-core/5.11.0/mockito-core-5.11.0.jar
2025-09-08 20:57:21,692 [BasicRepositoryConnector-repo.maven.apache.org-2-3] INFO  o.e.m.c.i.e.AbstractTransferListenerAdapter - Downloaded https://repo.maven.apache.org/maven2/org/springframework/security/spring-security-crypto/6.3.0/spring-security-crypto-6.3.0.jar
2025-09-08 20:57:22,309 [BasicRepositoryConnector-repo.maven.apache.org-2-0] INFO  o.e.m.c.i.e.AbstractTransferListenerAdapter - Downloaded https://repo.maven.apache.org/maven2/org/springframework/spring-test/6.1.8/spring-test-6.1.8.jar
2025-09-08 20:57:22,348 [BasicRepositoryConnector-repo.maven.apache.org-2-2] INFO  o.e.m.c.i.e.AbstractTransferListenerAdapter - Downloaded https://repo.maven.apache.org/maven2/org/springframework/security/spring-security-core/6.3.0/spring-security-core-6.3.0.jar
2025-09-08 20:57:22,367 [BasicRepositoryConnector-repo.maven.apache.org-2-4] INFO  o.e.m.c.i.e.AbstractTransferListenerAdapter - Downloaded https://repo.maven.apache.org/maven2/org/springframework/spring-core/6.1.8/spring-core-6.1.8.jar
2025-09-08 20:57:22,938 [Worker-40: Building] INFO  o.a.m.s.f.DefaultMavenResourcesFiltering - Copying 0 resource from src\main\resources to target\classes
2025-09-08 20:57:22,939 [Worker-40: Building] INFO  o.a.m.s.f.DefaultMavenResourcesFiltering - Copying 0 resource from src\main\resources to target\classes
2025-09-08 20:57:22,944 [Worker-40: Building] INFO  o.a.m.s.f.DefaultMavenResourcesFiltering - skip non existing resourceDirectory C:\Users\Dhaswan\Desktop\Infosys Project\CampusManagement\lostAndFoundApplication\src\test\resources
2025-09-08 20:57:23,754 [Worker-35: Updating Maven Project] INFO  o.e.m.c.i.p.ProjectConfigurationManager - Update started
2025-09-08 20:57:23,993 [Worker-33: Download sources and javadoc] INFO  o.e.m.c.i.e.AbstractTransferListenerAdapter - Downloading https://repo.maven.apache.org/maven2/org/springframework/boot/spring-boot-starter-data-jpa/3.3.0/spring-boot-starter-data-jpa-3.3.0-sources.jar
2025-09-08 20:57:23,999 [Worker-33: Download sources and javadoc] INFO  o.e.m.c.i.e.AbstractTransferListenerAdapter - Downloaded https://repo.maven.apache.org/maven2/org/springframework/boot/spring-boot-starter-data-jpa/3.3.0/spring-boot-starter-data-jpa-3.3.0-sources.jar
2025-09-08 20:57:24,004 [Worker-33: Download sources and javadoc] INFO  o.e.m.j.internal.DownloadSourcesJob - Downloaded sources for org.springframework.boot:spring-boot-starter-data-jpa:3.3.0
2025-09-08 20:57:25,240 [Worker-35: Updating Maven Project] INFO  o.e.m.c.i.l.LifecycleMappingFactory - Using org.eclipse.m2e.jdt.JarLifecycleMapping lifecycle mapping for MavenProject: edu.infosys:lostAndFoundApplication:0.0.1-SNAPSHOT @ C:\Users\Dhaswan\Desktop\Infosys Project\CampusManagement\lostAndFoundApplication\pom.xml.
2025-09-08 20:57:25,443 [Worker-33: Download sources and javadoc] INFO  o.e.m.c.i.e.AbstractTransferListenerAdapter - Downloading https://repo.maven.apache.org/maven2/org/springframework/boot/spring-boot-starter-aop/3.3.0/spring-boot-starter-aop-3.3.0-sources.jar
2025-09-08 20:57:25,453 [Worker-33: Download sources and javadoc] INFO  o.e.m.c.i.e.AbstractTransferListenerAdapter - Downloaded https://repo.maven.apache.org/maven2/org/springframework/boot/spring-boot-starter-aop/3.3.0/spring-boot-starter-aop-3.3.0-sources.jar
2025-09-08 20:57:25,457 [Worker-33: Download sources and javadoc] INFO  o.e.m.j.internal.DownloadSourcesJob - Downloaded sources for org.springframework.boot:spring-boot-starter-aop:3.3.0
2025-09-08 20:57:25,694 [Worker-33: Download sources and javadoc] INFO  o.e.m.c.i.e.AbstractTransferListenerAdapter - Downloading https://repo.maven.apache.org/maven2/org/aspectj/aspectjweaver/1.9.22/aspectjweaver-1.9.22-sources.jar
2025-09-08 20:57:26,299 [Worker-35: Updating Maven Project] INFO  o.e.m.j.i.AbstractJavaProjectConfigurator - Adding source folder /lostAndFoundApplication/src/main/java
2025-09-08 20:57:26,299 [Worker-35: Updating Maven Project] INFO  o.e.m.j.i.AbstractJavaProjectConfigurator - Adding resource folder /lostAndFoundApplication/src/main/resources
2025-09-08 20:57:26,301 [Worker-35: Updating Maven Project] INFO  o.e.m.j.i.AbstractJavaProjectConfigurator - Adding resource folder /lostAndFoundApplication/src/main/resources
2025-09-08 20:57:26,301 [Worker-35: Updating Maven Project] INFO  o.e.m.j.i.AbstractJavaProjectConfigurator - Adding source folder /lostAndFoundApplication/src/test/java
2025-09-08 20:57:26,302 [Worker-35: Updating Maven Project] INFO  o.e.m.j.i.AbstractJavaProjectConfigurator - Adding resource folder /lostAndFoundApplication/src/test/resources
2025-09-08 20:57:26,664 [Worker-35: Updating Maven Project] INFO  o.e.m.c.i.p.ProjectConfigurationManager - Update completed for 1 poms: local refresh takes 0.00 sec, refresh facades takes 2.00 sec, update config takes 0.00 sec 
2025-09-08 20:57:27,102 [Worker-33: Download sources and javadoc] INFO  o.e.m.c.i.e.AbstractTransferListenerAdapter - Downloaded https://repo.maven.apache.org/maven2/org/aspectj/aspectjweaver/1.9.22/aspectjweaver-1.9.22-sources.jar
2025-09-08 20:57:27,106 [Worker-33: Download sources and javadoc] INFO  o.e.m.j.internal.DownloadSourcesJob - Downloaded sources for org.aspectj:aspectjweaver:1.9.22
2025-09-08 20:57:27,367 [Worker-33: Download sources and javadoc] INFO  o.e.m.c.i.e.AbstractTransferListenerAdapter - Downloading https://repo.maven.apache.org/maven2/org/springframework/boot/spring-boot-starter-jdbc/3.3.0/spring-boot-starter-jdbc-3.3.0-sources.jar
2025-09-08 20:57:27,374 [Worker-33: Download sources and javadoc] INFO  o.e.m.c.i.e.AbstractTransferListenerAdapter - Downloaded https://repo.maven.apache.org/maven2/org/springframework/boot/spring-boot-starter-jdbc/3.3.0/spring-boot-starter-jdbc-3.3.0-sources.jar
2025-09-08 20:57:27,379 [Worker-33: Download sources and javadoc] INFO  o.e.m.j.internal.DownloadSourcesJob - Downloaded sources for org.springframework.boot:spring-boot-starter-jdbc:3.3.0
2025-09-08 20:57:28,444 [Worker-37: Building] INFO  o.e.m.c.i.l.LifecycleMappingFactory - Using org.eclipse.m2e.jdt.JarLifecycleMapping lifecycle mapping for MavenProject: edu.infosys:lostAndFoundApplication:0.0.1-SNAPSHOT @ C:\Users\Dhaswan\Desktop\Infosys Project\CampusManagement\lostAndFoundApplication\pom.xml.
2025-09-08 20:57:28,654 [Worker-33: Download sources and javadoc] INFO  o.e.m.c.i.e.AbstractTransferListenerAdapter - Downloading https://repo.maven.apache.org/maven2/org/springframework/spring-jdbc/6.1.8/spring-jdbc-6.1.8-sources.jar
2025-09-08 20:57:29,314 [Worker-33: Download sources and javadoc] INFO  o.e.m.c.i.e.AbstractTransferListenerAdapter - Downloaded https://repo.maven.apache.org/maven2/org/springframework/spring-jdbc/6.1.8/spring-jdbc-6.1.8-sources.jar
2025-09-08 20:57:29,319 [Worker-33: Download sources and javadoc] INFO  o.e.m.j.internal.DownloadSourcesJob - Downloaded sources for org.springframework:spring-jdbc:6.1.8
2025-09-08 20:57:29,628 [Worker-33: Download sources and javadoc] INFO  o.e.m.c.i.e.AbstractTransferListenerAdapter - Downloading https://repo.maven.apache.org/maven2/org/hibernate/orm/hibernate-core/6.5.2.Final/hibernate-core-6.5.2.Final-sources.jar
2025-09-08 20:57:30,126 [Worker-37: Building] INFO  o.a.m.s.f.DefaultMavenResourcesFiltering - Copying 1 resource from src\main\resources to target\classes
2025-09-08 20:57:30,143 [Worker-37: Building] INFO  o.a.m.s.f.DefaultMavenResourcesFiltering - Copying 0 resource from src\main\resources to target\classes
2025-09-08 20:57:30,148 [Worker-37: Building] INFO  o.a.m.s.f.DefaultMavenResourcesFiltering - skip non existing resourceDirectory C:\Users\Dhaswan\Desktop\Infosys Project\CampusManagement\lostAndFoundApplication\src\test\resources
2025-09-08 20:57:31,401 [Worker-36: Building] INFO  o.a.m.s.f.DefaultMavenResourcesFiltering - Copying 1 resource from src\main\resources to target\classes
2025-09-08 20:57:31,403 [Worker-36: Building] INFO  o.a.m.s.f.DefaultMavenResourcesFiltering - Copying 0 resource from src\main\resources to target\classes
2025-09-08 20:57:31,406 [Worker-36: Building] INFO  o.a.m.s.f.DefaultMavenResourcesFiltering - skip non existing resourceDirectory C:\Users\Dhaswan\Desktop\Infosys Project\CampusManagement\lostAndFoundApplication\src\test\resources
2025-09-08 20:57:37,354 [Worker-33: Download sources and javadoc] INFO  o.e.m.c.i.e.AbstractTransferListenerAdapter - Downloaded https://repo.maven.apache.org/maven2/org/hibernate/orm/hibernate-core/6.5.2.Final/hibernate-core-6.5.2.Final-sources.jar
2025-09-08 20:57:37,358 [Worker-33: Download sources and javadoc] INFO  o.e.m.j.internal.DownloadSourcesJob - Downloaded sources for org.hibernate.orm:hibernate-core:6.5.2.Final
2025-09-08 20:57:37,629 [Worker-33: Download sources and javadoc] INFO  o.e.m.c.i.e.AbstractTransferListenerAdapter - Downloading https://repo.maven.apache.org/maven2/net/bytebuddy/byte-buddy/1.14.16/byte-buddy-1.14.16-sources.jar
2025-09-08 20:57:38,536 [Worker-33: Download sources and javadoc] INFO  o.e.m.c.i.e.AbstractTransferListenerAdapter - Downloaded https://repo.maven.apache.org/maven2/net/bytebuddy/byte-buddy/1.14.16/byte-buddy-1.14.16-sources.jar
2025-09-08 20:57:38,546 [Worker-33: Download sources and javadoc] INFO  o.e.m.j.internal.DownloadSourcesJob - Downloaded sources for net.bytebuddy:byte-buddy:1.14.16
2025-09-08 20:57:38,801 [Worker-33: Download sources and javadoc] INFO  o.e.m.c.i.e.AbstractTransferListenerAdapter - Downloading https://repo.maven.apache.org/maven2/org/springframework/data/spring-data-jpa/3.3.0/spring-data-jpa-3.3.0-sources.jar
2025-09-08 20:57:39,663 [Worker-33: Download sources and javadoc] INFO  o.e.m.c.i.e.AbstractTransferListenerAdapter - Downloaded https://repo.maven.apache.org/maven2/org/springframework/data/spring-data-jpa/3.3.0/spring-data-jpa-3.3.0-sources.jar
2025-09-08 20:57:39,667 [Worker-33: Download sources and javadoc] INFO  o.e.m.j.internal.DownloadSourcesJob - Downloaded sources for org.springframework.data:spring-data-jpa:3.3.0
2025-09-08 20:57:39,930 [Worker-33: Download sources and javadoc] INFO  o.e.m.c.i.e.AbstractTransferListenerAdapter - Downloading https://repo.maven.apache.org/maven2/org/springframework/data/spring-data-commons/3.3.0/spring-data-commons-3.3.0-sources.jar
2025-09-08 20:57:40,695 [Worker-33: Download sources and javadoc] INFO  o.e.m.c.i.e.AbstractTransferListenerAdapter - Downloaded https://repo.maven.apache.org/maven2/org/springframework/data/spring-data-commons/3.3.0/spring-data-commons-3.3.0-sources.jar
2025-09-08 20:57:40,701 [Worker-33: Download sources and javadoc] INFO  o.e.m.j.internal.DownloadSourcesJob - Downloaded sources for org.springframework.data:spring-data-commons:3.3.0
2025-09-08 20:57:40,954 [Worker-33: Download sources and javadoc] INFO  o.e.m.c.i.e.AbstractTransferListenerAdapter - Downloading https://repo.maven.apache.org/maven2/org/springframework/spring-orm/6.1.8/spring-orm-6.1.8-sources.jar
2025-09-08 20:57:41,228 [Worker-33: Download sources and javadoc] INFO  o.e.m.c.i.e.AbstractTransferListenerAdapter - Downloaded https://repo.maven.apache.org/maven2/org/springframework/spring-orm/6.1.8/spring-orm-6.1.8-sources.jar
2025-09-08 20:57:41,232 [Worker-33: Download sources and javadoc] INFO  o.e.m.j.internal.DownloadSourcesJob - Downloaded sources for org.springframework:spring-orm:6.1.8
2025-09-08 20:57:41,511 [Worker-33: Download sources and javadoc] INFO  o.e.m.c.i.e.AbstractTransferListenerAdapter - Downloading https://repo.maven.apache.org/maven2/org/springframework/spring-context/6.1.8/spring-context-6.1.8-sources.jar
2025-09-08 20:57:42,258 [Worker-33: Download sources and javadoc] INFO  o.e.m.c.i.e.AbstractTransferListenerAdapter - Downloaded https://repo.maven.apache.org/maven2/org/springframework/spring-context/6.1.8/spring-context-6.1.8-sources.jar
2025-09-08 20:57:42,268 [Worker-33: Download sources and javadoc] INFO  o.e.m.j.internal.DownloadSourcesJob - Downloaded sources for org.springframework:spring-context:6.1.8
2025-09-08 20:57:42,532 [Worker-33: Download sources and javadoc] INFO  o.e.m.c.i.e.AbstractTransferListenerAdapter - Downloading https://repo.maven.apache.org/maven2/org/springframework/spring-tx/6.1.8/spring-tx-6.1.8-sources.jar
2025-09-08 20:57:42,822 [Worker-33: Download sources and javadoc] INFO  o.e.m.c.i.e.AbstractTransferListenerAdapter - Downloaded https://repo.maven.apache.org/maven2/org/springframework/spring-tx/6.1.8/spring-tx-6.1.8-sources.jar
2025-09-08 20:57:42,834 [Worker-33: Download sources and javadoc] INFO  o.e.m.j.internal.DownloadSourcesJob - Downloaded sources for org.springframework:spring-tx:6.1.8
2025-09-08 20:57:43,077 [Worker-33: Download sources and javadoc] INFO  o.e.m.c.i.e.AbstractTransferListenerAdapter - Downloading https://repo.maven.apache.org/maven2/org/springframework/spring-beans/6.1.8/spring-beans-6.1.8-sources.jar
2025-09-08 20:57:44,139 [Worker-33: Download sources and javadoc] INFO  o.e.m.c.i.e.AbstractTransferListenerAdapter - Downloaded https://repo.maven.apache.org/maven2/org/springframework/spring-beans/6.1.8/spring-beans-6.1.8-sources.jar
2025-09-08 20:57:44,157 [Worker-33: Download sources and javadoc] INFO  o.e.m.j.internal.DownloadSourcesJob - Downloaded sources for org.springframework:spring-beans:6.1.8
2025-09-08 20:57:44,421 [Worker-33: Download sources and javadoc] INFO  o.e.m.c.i.e.AbstractTransferListenerAdapter - Downloading https://repo.maven.apache.org/maven2/org/slf4j/slf4j-api/2.0.13/slf4j-api-2.0.13-sources.jar
2025-09-08 20:57:44,538 [Worker-33: Download sources and javadoc] INFO  o.e.m.c.i.e.AbstractTransferListenerAdapter - Downloaded https://repo.maven.apache.org/maven2/org/slf4j/slf4j-api/2.0.13/slf4j-api-2.0.13-sources.jar
2025-09-08 20:57:44,551 [Worker-33: Download sources and javadoc] INFO  o.e.m.j.internal.DownloadSourcesJob - Downloaded sources for org.slf4j:slf4j-api:2.0.13
2025-09-08 20:57:44,788 [Worker-33: Download sources and javadoc] INFO  o.e.m.c.i.e.AbstractTransferListenerAdapter - Downloading https://repo.maven.apache.org/maven2/org/springframework/spring-aspects/6.1.8/spring-aspects-6.1.8-sources.jar
2025-09-08 20:57:44,836 [Worker-33: Download sources and javadoc] INFO  o.e.m.c.i.e.AbstractTransferListenerAdapter - Downloaded https://repo.maven.apache.org/maven2/org/springframework/spring-aspects/6.1.8/spring-aspects-6.1.8-sources.jar
2025-09-08 20:57:44,853 [Worker-33: Download sources and javadoc] INFO  o.e.m.j.internal.DownloadSourcesJob - Downloaded sources for org.springframework:spring-aspects:6.1.8
2025-09-08 20:57:45,142 [Worker-33: Download sources and javadoc] INFO  o.e.m.c.i.e.AbstractTransferListenerAdapter - Downloading https://repo.maven.apache.org/maven2/org/springframework/boot/spring-boot-starter-security/3.3.0/spring-boot-starter-security-3.3.0-sources.jar
2025-09-08 20:57:45,156 [Worker-33: Download sources and javadoc] INFO  o.e.m.c.i.e.AbstractTransferListenerAdapter - Downloaded https://repo.maven.apache.org/maven2/org/springframework/boot/spring-boot-starter-security/3.3.0/spring-boot-starter-security-3.3.0-sources.jar
2025-09-08 20:57:45,166 [Worker-33: Download sources and javadoc] INFO  o.e.m.j.internal.DownloadSourcesJob - Downloaded sources for org.springframework.boot:spring-boot-starter-security:3.3.0
2025-09-08 20:57:45,427 [Worker-33: Download sources and javadoc] INFO  o.e.m.c.i.e.AbstractTransferListenerAdapter - Downloading https://repo.maven.apache.org/maven2/org/springframework/boot/spring-boot-starter/3.3.0/spring-boot-starter-3.3.0-sources.jar
2025-09-08 20:57:45,434 [Worker-33: Download sources and javadoc] INFO  o.e.m.c.i.e.AbstractTransferListenerAdapter - Downloaded https://repo.maven.apache.org/maven2/org/springframework/boot/spring-boot-starter/3.3.0/spring-boot-starter-3.3.0-sources.jar
2025-09-08 20:57:45,439 [Worker-33: Download sources and javadoc] INFO  o.e.m.j.internal.DownloadSourcesJob - Downloaded sources for org.springframework.boot:spring-boot-starter:3.3.0
2025-09-08 20:57:45,678 [Worker-33: Download sources and javadoc] INFO  o.e.m.c.i.e.AbstractTransferListenerAdapter - Downloading https://repo.maven.apache.org/maven2/org/springframework/boot/spring-boot/3.3.0/spring-boot-3.3.0-sources.jar
2025-09-08 20:57:46,698 [Worker-33: Download sources and javadoc] INFO  o.e.m.c.i.e.AbstractTransferListenerAdapter - Downloaded https://repo.maven.apache.org/maven2/org/springframework/boot/spring-boot/3.3.0/spring-boot-3.3.0-sources.jar
2025-09-08 20:57:46,709 [Worker-33: Download sources and javadoc] INFO  o.e.m.j.internal.DownloadSourcesJob - Downloaded sources for org.springframework.boot:spring-boot:3.3.0
2025-09-08 20:57:46,979 [Worker-33: Download sources and javadoc] INFO  o.e.m.c.i.e.AbstractTransferListenerAdapter - Downloading https://repo.maven.apache.org/maven2/org/springframework/boot/spring-boot-autoconfigure/3.3.0/spring-boot-autoconfigure-3.3.0-sources.jar
2025-09-08 20:57:47,780 [Worker-33: Download sources and javadoc] INFO  o.e.m.c.i.e.AbstractTransferListenerAdapter - Downloaded https://repo.maven.apache.org/maven2/org/springframework/boot/spring-boot-autoconfigure/3.3.0/spring-boot-autoconfigure-3.3.0-sources.jar
2025-09-08 20:57:47,786 [Worker-33: Download sources and javadoc] INFO  o.e.m.j.internal.DownloadSourcesJob - Downloaded sources for org.springframework.boot:spring-boot-autoconfigure:3.3.0
2025-09-08 20:57:48,052 [Worker-33: Download sources and javadoc] INFO  o.e.m.c.i.e.AbstractTransferListenerAdapter - Downloading https://repo.maven.apache.org/maven2/org/springframework/boot/spring-boot-starter-logging/3.3.0/spring-boot-starter-logging-3.3.0-sources.jar
2025-09-08 20:57:48,069 [Worker-33: Download sources and javadoc] INFO  o.e.m.c.i.e.AbstractTransferListenerAdapter - Downloaded https://repo.maven.apache.org/maven2/org/springframework/boot/spring-boot-starter-logging/3.3.0/spring-boot-starter-logging-3.3.0-sources.jar
2025-09-08 20:57:48,083 [Worker-33: Download sources and javadoc] INFO  o.e.m.j.internal.DownloadSourcesJob - Downloaded sources for org.springframework.boot:spring-boot-starter-logging:3.3.0
2025-09-08 20:57:48,379 [Worker-33: Download sources and javadoc] INFO  o.e.m.c.i.e.AbstractTransferListenerAdapter - Downloading https://repo.maven.apache.org/maven2/ch/qos/logback/logback-classic/1.5.6/logback-classic-1.5.6-sources.jar
2025-09-08 20:57:48,717 [Worker-33: Download sources and javadoc] INFO  o.e.m.c.i.e.AbstractTransferListenerAdapter - Downloaded https://repo.maven.apache.org/maven2/ch/qos/logback/logback-classic/1.5.6/logback-classic-1.5.6-sources.jar
2025-09-08 20:57:48,722 [Worker-33: Download sources and javadoc] INFO  o.e.m.j.internal.DownloadSourcesJob - Downloaded sources for ch.qos.logback:logback-classic:1.5.6
2025-09-08 20:57:49,022 [Worker-33: Download sources and javadoc] INFO  o.e.m.c.i.e.AbstractTransferListenerAdapter - Downloading https://repo.maven.apache.org/maven2/ch/qos/logback/logback-core/1.5.6/logback-core-1.5.6-sources.jar
2025-09-08 20:57:49,569 [Worker-33: Download sources and javadoc] INFO  o.e.m.c.i.e.AbstractTransferListenerAdapter - Downloaded https://repo.maven.apache.org/maven2/ch/qos/logback/logback-core/1.5.6/logback-core-1.5.6-sources.jar
2025-09-08 20:57:49,585 [Worker-33: Download sources and javadoc] INFO  o.e.m.j.internal.DownloadSourcesJob - Downloaded sources for ch.qos.logback:logback-core:1.5.6
2025-09-08 20:57:49,886 [Worker-33: Download sources and javadoc] INFO  o.e.m.c.i.e.AbstractTransferListenerAdapter - Downloading https://repo.maven.apache.org/maven2/org/apache/logging/log4j/log4j-to-slf4j/2.23.1/log4j-to-slf4j-2.23.1-sources.jar
2025-09-08 20:57:49,928 [Worker-33: Download sources and javadoc] INFO  o.e.m.c.i.e.AbstractTransferListenerAdapter - Downloaded https://repo.maven.apache.org/maven2/org/apache/logging/log4j/log4j-to-slf4j/2.23.1/log4j-to-slf4j-2.23.1-sources.jar
2025-09-08 20:57:49,945 [Worker-33: Download sources and javadoc] INFO  o.e.m.j.internal.DownloadSourcesJob - Downloaded sources for org.apache.logging.log4j:log4j-to-slf4j:2.23.1
2025-09-08 20:57:50,211 [Worker-33: Download sources and javadoc] INFO  o.e.m.c.i.e.AbstractTransferListenerAdapter - Downloading https://repo.maven.apache.org/maven2/org/apache/logging/log4j/log4j-api/2.23.1/log4j-api-2.23.1-sources.jar
2025-09-08 20:57:50,649 [Worker-33: Download sources and javadoc] INFO  o.e.m.c.i.e.AbstractTransferListenerAdapter - Downloaded https://repo.maven.apache.org/maven2/org/apache/logging/log4j/log4j-api/2.23.1/log4j-api-2.23.1-sources.jar
2025-09-08 20:57:50,669 [Worker-33: Download sources and javadoc] INFO  o.e.m.j.internal.DownloadSourcesJob - Downloaded sources for org.apache.logging.log4j:log4j-api:2.23.1
2025-09-08 20:57:50,924 [Worker-33: Download sources and javadoc] INFO  o.e.m.c.i.e.AbstractTransferListenerAdapter - Downloading https://repo.maven.apache.org/maven2/org/slf4j/jul-to-slf4j/2.0.13/jul-to-slf4j-2.0.13-sources.jar
2025-09-08 20:57:50,939 [Worker-33: Download sources and javadoc] INFO  o.e.m.c.i.e.AbstractTransferListenerAdapter - Downloaded https://repo.maven.apache.org/maven2/org/slf4j/jul-to-slf4j/2.0.13/jul-to-slf4j-2.0.13-sources.jar
2025-09-08 20:57:50,947 [Worker-33: Download sources and javadoc] INFO  o.e.m.j.internal.DownloadSourcesJob - Downloaded sources for org.slf4j:jul-to-slf4j:2.0.13
2025-09-08 20:57:51,187 [Worker-33: Download sources and javadoc] INFO  o.e.m.c.i.e.AbstractTransferListenerAdapter - Downloading https://repo.maven.apache.org/maven2/org/springframework/spring-aop/6.1.8/spring-aop-6.1.8-sources.jar
2025-09-08 20:57:51,728 [Worker-33: Download sources and javadoc] INFO  o.e.m.c.i.e.AbstractTransferListenerAdapter - Downloaded https://repo.maven.apache.org/maven2/org/springframework/spring-aop/6.1.8/spring-aop-6.1.8-sources.jar
2025-09-08 20:57:51,731 [Worker-33: Download sources and javadoc] INFO  o.e.m.j.internal.DownloadSourcesJob - Downloaded sources for org.springframework:spring-aop:6.1.8
2025-09-08 20:57:51,969 [Worker-33: Download sources and javadoc] INFO  o.e.m.c.i.e.AbstractTransferListenerAdapter - Downloading https://repo.maven.apache.org/maven2/org/springframework/security/spring-security-config/6.3.0/spring-security-config-6.3.0-sources.jar
2025-09-08 20:57:53,709 [Worker-33: Download sources and javadoc] INFO  o.e.m.c.i.e.AbstractTransferListenerAdapter - Downloaded https://repo.maven.apache.org/maven2/org/springframework/security/spring-security-config/6.3.0/spring-security-config-6.3.0-sources.jar
2025-09-08 20:57:53,725 [Worker-33: Download sources and javadoc] INFO  o.e.m.j.internal.DownloadSourcesJob - Downloaded sources for org.springframework.security:spring-security-config:6.3.0
2025-09-08 20:57:54,071 [Worker-33: Download sources and javadoc] INFO  o.e.m.c.i.e.AbstractTransferListenerAdapter - Downloading https://repo.maven.apache.org/maven2/org/springframework/security/spring-security-web/6.3.0/spring-security-web-6.3.0-sources.jar
2025-09-08 20:57:54,820 [Worker-33: Download sources and javadoc] INFO  o.e.m.c.i.e.AbstractTransferListenerAdapter - Downloaded https://repo.maven.apache.org/maven2/org/springframework/security/spring-security-web/6.3.0/spring-security-web-6.3.0-sources.jar
2025-09-08 20:57:54,829 [Worker-33: Download sources and javadoc] INFO  o.e.m.j.internal.DownloadSourcesJob - Downloaded sources for org.springframework.security:spring-security-web:6.3.0
2025-09-08 20:57:55,102 [Worker-33: Download sources and javadoc] INFO  o.e.m.c.i.e.AbstractTransferListenerAdapter - Downloading https://repo.maven.apache.org/maven2/org/springframework/spring-expression/6.1.8/spring-expression-6.1.8-sources.jar
2025-09-08 20:57:55,371 [Worker-33: Download sources and javadoc] INFO  o.e.m.c.i.e.AbstractTransferListenerAdapter - Downloaded https://repo.maven.apache.org/maven2/org/springframework/spring-expression/6.1.8/spring-expression-6.1.8-sources.jar
2025-09-08 20:57:55,391 [Worker-33: Download sources and javadoc] INFO  o.e.m.j.internal.DownloadSourcesJob - Downloaded sources for org.springframework:spring-expression:6.1.8
2025-09-08 20:57:55,712 [Worker-33: Download sources and javadoc] INFO  o.e.m.c.i.e.AbstractTransferListenerAdapter - Downloading https://repo.maven.apache.org/maven2/org/springframework/boot/spring-boot-starter-web/3.3.0/spring-boot-starter-web-3.3.0-sources.jar
2025-09-08 20:57:55,744 [Worker-33: Download sources and javadoc] INFO  o.e.m.c.i.e.AbstractTransferListenerAdapter - Downloaded https://repo.maven.apache.org/maven2/org/springframework/boot/spring-boot-starter-web/3.3.0/spring-boot-starter-web-3.3.0-sources.jar
2025-09-08 20:57:55,762 [Worker-33: Download sources and javadoc] INFO  o.e.m.j.internal.DownloadSourcesJob - Downloaded sources for org.springframework.boot:spring-boot-starter-web:3.3.0
2025-09-08 20:57:56,076 [Worker-33: Download sources and javadoc] INFO  o.e.m.c.i.e.AbstractTransferListenerAdapter - Downloading https://repo.maven.apache.org/maven2/org/springframework/boot/spring-boot-starter-json/3.3.0/spring-boot-starter-json-3.3.0-sources.jar
2025-09-08 20:57:56,088 [Worker-33: Download sources and javadoc] INFO  o.e.m.c.i.e.AbstractTransferListenerAdapter - Downloaded https://repo.maven.apache.org/maven2/org/springframework/boot/spring-boot-starter-json/3.3.0/spring-boot-starter-json-3.3.0-sources.jar
2025-09-08 20:57:56,093 [Worker-33: Download sources and javadoc] INFO  o.e.m.j.internal.DownloadSourcesJob - Downloaded sources for org.springframework.boot:spring-boot-starter-json:3.3.0
2025-09-08 20:57:56,375 [Worker-33: Download sources and javadoc] INFO  o.e.m.c.i.e.AbstractTransferListenerAdapter - Downloading https://repo.maven.apache.org/maven2/com/fasterxml/jackson/core/jackson-databind/2.17.1/jackson-databind-2.17.1-sources.jar
2025-09-08 20:57:57,680 [Worker-33: Download sources and javadoc] INFO  o.e.m.c.i.e.AbstractTransferListenerAdapter - Downloaded https://repo.maven.apache.org/maven2/com/fasterxml/jackson/core/jackson-databind/2.17.1/jackson-databind-2.17.1-sources.jar
2025-09-08 20:57:57,697 [Worker-33: Download sources and javadoc] INFO  o.e.m.j.internal.DownloadSourcesJob - Downloaded sources for com.fasterxml.jackson.core:jackson-databind:2.17.1
2025-09-08 20:57:57,988 [Worker-33: Download sources and javadoc] INFO  o.e.m.c.i.e.AbstractTransferListenerAdapter - Downloading https://repo.maven.apache.org/maven2/com/fasterxml/jackson/core/jackson-annotations/2.17.1/jackson-annotations-2.17.1-sources.jar
2025-09-08 20:57:58,136 [Worker-33: Download sources and javadoc] INFO  o.e.m.c.i.e.AbstractTransferListenerAdapter - Downloaded https://repo.maven.apache.org/maven2/com/fasterxml/jackson/core/jackson-annotations/2.17.1/jackson-annotations-2.17.1-sources.jar
2025-09-08 20:57:58,149 [Worker-33: Download sources and javadoc] INFO  o.e.m.j.internal.DownloadSourcesJob - Downloaded sources for com.fasterxml.jackson.core:jackson-annotations:2.17.1
2025-09-08 20:57:58,409 [Worker-33: Download sources and javadoc] INFO  o.e.m.c.i.e.AbstractTransferListenerAdapter - Downloading https://repo.maven.apache.org/maven2/com/fasterxml/jackson/core/jackson-core/2.17.1/jackson-core-2.17.1-sources.jar
2025-09-08 20:57:58,845 [Worker-33: Download sources and javadoc] INFO  o.e.m.c.i.e.AbstractTransferListenerAdapter - Downloaded https://repo.maven.apache.org/maven2/com/fasterxml/jackson/core/jackson-core/2.17.1/jackson-core-2.17.1-sources.jar
2025-09-08 20:57:58,863 [Worker-33: Download sources and javadoc] INFO  o.e.m.j.internal.DownloadSourcesJob - Downloaded sources for com.fasterxml.jackson.core:jackson-core:2.17.1
2025-09-08 20:57:59,122 [Worker-33: Download sources and javadoc] INFO  o.e.m.c.i.e.AbstractTransferListenerAdapter - Downloading https://repo.maven.apache.org/maven2/com/fasterxml/jackson/datatype/jackson-datatype-jdk8/2.17.1/jackson-datatype-jdk8-2.17.1-sources.jar
2025-09-08 20:57:59,171 [Worker-33: Download sources and javadoc] INFO  o.e.m.c.i.e.AbstractTransferListenerAdapter - Downloaded https://repo.maven.apache.org/maven2/com/fasterxml/jackson/datatype/jackson-datatype-jdk8/2.17.1/jackson-datatype-jdk8-2.17.1-sources.jar
2025-09-08 20:57:59,196 [Worker-33: Download sources and javadoc] INFO  o.e.m.j.internal.DownloadSourcesJob - Downloaded sources for com.fasterxml.jackson.datatype:jackson-datatype-jdk8:2.17.1
2025-09-08 20:57:59,475 [Worker-33: Download sources and javadoc] INFO  o.e.m.c.i.e.AbstractTransferListenerAdapter - Downloading https://repo.maven.apache.org/maven2/com/fasterxml/jackson/datatype/jackson-datatype-jsr310/2.17.1/jackson-datatype-jsr310-2.17.1-sources.jar
2025-09-08 20:57:59,606 [Worker-33: Download sources and javadoc] INFO  o.e.m.c.i.e.AbstractTransferListenerAdapter - Downloaded https://repo.maven.apache.org/maven2/com/fasterxml/jackson/datatype/jackson-datatype-jsr310/2.17.1/jackson-datatype-jsr310-2.17.1-sources.jar
2025-09-08 20:57:59,611 [Worker-33: Download sources and javadoc] INFO  o.e.m.j.internal.DownloadSourcesJob - Downloaded sources for com.fasterxml.jackson.datatype:jackson-datatype-jsr310:2.17.1
2025-09-08 20:57:59,871 [Worker-33: Download sources and javadoc] INFO  o.e.m.c.i.e.AbstractTransferListenerAdapter - Downloading https://repo.maven.apache.org/maven2/com/fasterxml/jackson/module/jackson-module-parameter-names/2.17.1/jackson-module-parameter-names-2.17.1-sources.jar
2025-09-08 20:57:59,889 [Worker-33: Download sources and javadoc] INFO  o.e.m.c.i.e.AbstractTransferListenerAdapter - Downloaded https://repo.maven.apache.org/maven2/com/fasterxml/jackson/module/jackson-module-parameter-names/2.17.1/jackson-module-parameter-names-2.17.1-sources.jar
2025-09-08 20:57:59,893 [Worker-33: Download sources and javadoc] INFO  o.e.m.j.internal.DownloadSourcesJob - Downloaded sources for com.fasterxml.jackson.module:jackson-module-parameter-names:2.17.1
2025-09-08 20:58:00,175 [Worker-33: Download sources and javadoc] INFO  o.e.m.c.i.e.AbstractTransferListenerAdapter - Downloading https://repo.maven.apache.org/maven2/org/springframework/boot/spring-boot-starter-tomcat/3.3.0/spring-boot-starter-tomcat-3.3.0-sources.jar
2025-09-08 20:58:00,182 [Worker-33: Download sources and javadoc] INFO  o.e.m.c.i.e.AbstractTransferListenerAdapter - Downloaded https://repo.maven.apache.org/maven2/org/springframework/boot/spring-boot-starter-tomcat/3.3.0/spring-boot-starter-tomcat-3.3.0-sources.jar
2025-09-08 20:58:00,186 [Worker-33: Download sources and javadoc] INFO  o.e.m.j.internal.DownloadSourcesJob - Downloaded sources for org.springframework.boot:spring-boot-starter-tomcat:3.3.0
2025-09-08 20:58:00,460 [Worker-33: Download sources and javadoc] INFO  o.e.m.c.i.e.AbstractTransferListenerAdapter - Downloading https://repo.maven.apache.org/maven2/org/apache/tomcat/embed/tomcat-embed-core/10.1.24/tomcat-embed-core-10.1.24-sources.jar
2025-09-08 20:58:04,329 [Worker-33: Download sources and javadoc] INFO  o.e.m.c.i.e.AbstractTransferListenerAdapter - Downloaded https://repo.maven.apache.org/maven2/org/apache/tomcat/embed/tomcat-embed-core/10.1.24/tomcat-embed-core-10.1.24-sources.jar
2025-09-08 20:58:04,339 [Worker-33: Download sources and javadoc] INFO  o.e.m.j.internal.DownloadSourcesJob - Downloaded sources for org.apache.tomcat.embed:tomcat-embed-core:10.1.24
2025-09-08 20:58:04,761 [Worker-33: Download sources and javadoc] INFO  o.e.m.c.i.e.AbstractTransferListenerAdapter - Downloading https://repo.maven.apache.org/maven2/org/apache/tomcat/embed/tomcat-embed-el/10.1.24/tomcat-embed-el-10.1.24-sources.jar
2025-09-08 20:58:05,079 [Worker-33: Download sources and javadoc] INFO  o.e.m.c.i.e.AbstractTransferListenerAdapter - Downloaded https://repo.maven.apache.org/maven2/org/apache/tomcat/embed/tomcat-embed-el/10.1.24/tomcat-embed-el-10.1.24-sources.jar
2025-09-08 20:58:05,091 [Worker-33: Download sources and javadoc] INFO  o.e.m.j.internal.DownloadSourcesJob - Downloaded sources for org.apache.tomcat.embed:tomcat-embed-el:10.1.24
2025-09-08 20:58:05,443 [Worker-33: Download sources and javadoc] INFO  o.e.m.c.i.e.AbstractTransferListenerAdapter - Downloading https://repo.maven.apache.org/maven2/org/apache/tomcat/embed/tomcat-embed-websocket/10.1.24/tomcat-embed-websocket-10.1.24-sources.jar
2025-09-08 20:58:05,980 [Worker-33: Download sources and javadoc] INFO  o.e.m.c.i.e.AbstractTransferListenerAdapter - Downloaded https://repo.maven.apache.org/maven2/org/apache/tomcat/embed/tomcat-embed-websocket/10.1.24/tomcat-embed-websocket-10.1.24-sources.jar
2025-09-08 20:58:06,001 [Worker-33: Download sources and javadoc] INFO  o.e.m.j.internal.DownloadSourcesJob - Downloaded sources for org.apache.tomcat.embed:tomcat-embed-websocket:10.1.24
2025-09-08 20:58:06,310 [Worker-33: Download sources and javadoc] INFO  o.e.m.c.i.e.AbstractTransferListenerAdapter - Downloading https://repo.maven.apache.org/maven2/org/springframework/spring-web/6.1.8/spring-web-6.1.8-sources.jar
2025-09-08 20:58:08,550 [Worker-33: Download sources and javadoc] INFO  o.e.m.c.i.e.AbstractTransferListenerAdapter - Downloaded https://repo.maven.apache.org/maven2/org/springframework/spring-web/6.1.8/spring-web-6.1.8-sources.jar
2025-09-08 20:58:08,572 [Worker-33: Download sources and javadoc] INFO  o.e.m.j.internal.DownloadSourcesJob - Downloaded sources for org.springframework:spring-web:6.1.8
2025-09-08 20:58:08,888 [Worker-33: Download sources and javadoc] INFO  o.e.m.c.i.e.AbstractTransferListenerAdapter - Downloading https://repo.maven.apache.org/maven2/io/micrometer/micrometer-observation/1.13.0/micrometer-observation-1.13.0-sources.jar
2025-09-08 20:58:09,056 [Worker-33: Download sources and javadoc] INFO  o.e.m.c.i.e.AbstractTransferListenerAdapter - Downloaded https://repo.maven.apache.org/maven2/io/micrometer/micrometer-observation/1.13.0/micrometer-observation-1.13.0-sources.jar
2025-09-08 20:58:09,067 [Worker-33: Download sources and javadoc] INFO  o.e.m.j.internal.DownloadSourcesJob - Downloaded sources for io.micrometer:micrometer-observation:1.13.0
2025-09-08 20:58:09,380 [Worker-33: Download sources and javadoc] INFO  o.e.m.c.i.e.AbstractTransferListenerAdapter - Downloading https://repo.maven.apache.org/maven2/io/micrometer/micrometer-commons/1.13.0/micrometer-commons-1.13.0-sources.jar
2025-09-08 20:58:09,569 [Worker-33: Download sources and javadoc] INFO  o.e.m.c.i.e.AbstractTransferListenerAdapter - Downloaded https://repo.maven.apache.org/maven2/io/micrometer/micrometer-commons/1.13.0/micrometer-commons-1.13.0-sources.jar
2025-09-08 20:58:09,591 [Worker-33: Download sources and javadoc] INFO  o.e.m.j.internal.DownloadSourcesJob - Downloaded sources for io.micrometer:micrometer-commons:1.13.0
2025-09-08 20:58:09,919 [Worker-33: Download sources and javadoc] INFO  o.e.m.c.i.e.AbstractTransferListenerAdapter - Downloading https://repo.maven.apache.org/maven2/org/springframework/spring-webmvc/6.1.8/spring-webmvc-6.1.8-sources.jar
2025-09-08 20:58:11,157 [Worker-33: Download sources and javadoc] INFO  o.e.m.c.i.e.AbstractTransferListenerAdapter - Downloaded https://repo.maven.apache.org/maven2/org/springframework/spring-webmvc/6.1.8/spring-webmvc-6.1.8-sources.jar
2025-09-08 20:58:11,184 [Worker-33: Download sources and javadoc] INFO  o.e.m.j.internal.DownloadSourcesJob - Downloaded sources for org.springframework:spring-webmvc:6.1.8
2025-09-08 20:58:11,456 [Worker-33: Download sources and javadoc] INFO  o.e.m.c.i.e.AbstractTransferListenerAdapter - Downloading https://repo.maven.apache.org/maven2/com/mysql/mysql-connector-j/8.3.0/mysql-connector-j-8.3.0-sources.jar
2025-09-08 20:58:14,578 [Worker-33: Download sources and javadoc] INFO  o.e.m.c.i.e.AbstractTransferListenerAdapter - Downloaded https://repo.maven.apache.org/maven2/com/mysql/mysql-connector-j/8.3.0/mysql-connector-j-8.3.0-sources.jar
2025-09-08 20:58:14,603 [Worker-33: Download sources and javadoc] INFO  o.e.m.j.internal.DownloadSourcesJob - Downloaded sources for com.mysql:mysql-connector-j:8.3.0
2025-09-08 20:58:14,928 [Worker-33: Download sources and javadoc] INFO  o.e.m.c.i.e.AbstractTransferListenerAdapter - Downloading https://repo.maven.apache.org/maven2/org/springframework/boot/spring-boot-starter-test/3.3.0/spring-boot-starter-test-3.3.0-sources.jar
2025-09-08 20:58:14,936 [Worker-33: Download sources and javadoc] INFO  o.e.m.c.i.e.AbstractTransferListenerAdapter - Downloaded https://repo.maven.apache.org/maven2/org/springframework/boot/spring-boot-starter-test/3.3.0/spring-boot-starter-test-3.3.0-sources.jar
2025-09-08 20:58:14,945 [Worker-33: Download sources and javadoc] INFO  o.e.m.j.internal.DownloadSourcesJob - Downloaded sources for org.springframework.boot:spring-boot-starter-test:3.3.0
2025-09-08 20:58:15,238 [Worker-33: Download sources and javadoc] INFO  o.e.m.c.i.e.AbstractTransferListenerAdapter - Downloading https://repo.maven.apache.org/maven2/org/springframework/boot/spring-boot-test/3.3.0/spring-boot-test-3.3.0-sources.jar
2025-09-08 20:58:15,531 [Worker-33: Download sources and javadoc] INFO  o.e.m.c.i.e.AbstractTransferListenerAdapter - Downloaded https://repo.maven.apache.org/maven2/org/springframework/boot/spring-boot-test/3.3.0/spring-boot-test-3.3.0-sources.jar
2025-09-08 20:58:15,537 [Worker-33: Download sources and javadoc] INFO  o.e.m.j.internal.DownloadSourcesJob - Downloaded sources for org.springframework.boot:spring-boot-test:3.3.0
2025-09-08 20:58:15,770 [Worker-33: Download sources and javadoc] INFO  o.e.m.c.i.e.AbstractTransferListenerAdapter - Downloading https://repo.maven.apache.org/maven2/org/springframework/boot/spring-boot-test-autoconfigure/3.3.0/spring-boot-test-autoconfigure-3.3.0-sources.jar
2025-09-08 20:58:16,161 [Worker-33: Download sources and javadoc] INFO  o.e.m.c.i.e.AbstractTransferListenerAdapter - Downloaded https://repo.maven.apache.org/maven2/org/springframework/boot/spring-boot-test-autoconfigure/3.3.0/spring-boot-test-autoconfigure-3.3.0-sources.jar
2025-09-08 20:58:16,179 [Worker-33: Download sources and javadoc] INFO  o.e.m.j.internal.DownloadSourcesJob - Downloaded sources for org.springframework.boot:spring-boot-test-autoconfigure:3.3.0
2025-09-08 20:58:16,495 [Worker-33: Download sources and javadoc] INFO  o.e.m.c.i.e.AbstractTransferListenerAdapter - Downloading https://repo.maven.apache.org/maven2/net/minidev/json-smart/2.5.1/json-smart-2.5.1-sources.jar
2025-09-08 20:58:16,666 [Worker-33: Download sources and javadoc] INFO  o.e.m.c.i.e.AbstractTransferListenerAdapter - Downloaded https://repo.maven.apache.org/maven2/net/minidev/json-smart/2.5.1/json-smart-2.5.1-sources.jar
2025-09-08 20:58:16,671 [Worker-33: Download sources and javadoc] INFO  o.e.m.j.internal.DownloadSourcesJob - Downloaded sources for net.minidev:json-smart:2.5.1
2025-09-08 20:58:16,930 [Worker-33: Download sources and javadoc] INFO  o.e.m.c.i.e.AbstractTransferListenerAdapter - Downloading https://repo.maven.apache.org/maven2/net/minidev/accessors-smart/2.5.1/accessors-smart-2.5.1-sources.jar
2025-09-08 20:58:16,977 [Worker-33: Download sources and javadoc] INFO  o.e.m.c.i.e.AbstractTransferListenerAdapter - Downloaded https://repo.maven.apache.org/maven2/net/minidev/accessors-smart/2.5.1/accessors-smart-2.5.1-sources.jar
2025-09-08 20:58:16,989 [Worker-33: Download sources and javadoc] INFO  o.e.m.j.internal.DownloadSourcesJob - Downloaded sources for net.minidev:accessors-smart:2.5.1
2025-09-08 20:58:17,332 [Worker-33: Download sources and javadoc] INFO  o.e.m.c.i.e.AbstractTransferListenerAdapter - Downloading https://repo.maven.apache.org/maven2/org/ow2/asm/asm/9.6/asm-9.6-sources.jar
2025-09-08 20:58:17,802 [Worker-33: Download sources and javadoc] INFO  o.e.m.c.i.e.AbstractTransferListenerAdapter - Downloaded https://repo.maven.apache.org/maven2/org/ow2/asm/asm/9.6/asm-9.6-sources.jar
2025-09-08 20:58:17,811 [Worker-33: Download sources and javadoc] INFO  o.e.m.j.internal.DownloadSourcesJob - Downloaded sources for org.ow2.asm:asm:9.6
2025-09-08 20:58:18,104 [Worker-33: Download sources and javadoc] INFO  o.e.m.c.i.e.AbstractTransferListenerAdapter - Downloading https://repo.maven.apache.org/maven2/org/assertj/assertj-core/3.25.3/assertj-core-3.25.3-sources.jar
2025-09-08 20:58:19,599 [Worker-33: Download sources and javadoc] INFO  o.e.m.c.i.e.AbstractTransferListenerAdapter - Downloaded https://repo.maven.apache.org/maven2/org/assertj/assertj-core/3.25.3/assertj-core-3.25.3-sources.jar
2025-09-08 20:58:19,620 [Worker-33: Download sources and javadoc] INFO  o.e.m.j.internal.DownloadSourcesJob - Downloaded sources for org.assertj:assertj-core:3.25.3
2025-09-08 20:58:19,917 [Worker-33: Download sources and javadoc] INFO  o.e.m.c.i.e.AbstractTransferListenerAdapter - Downloading https://repo.maven.apache.org/maven2/org/awaitility/awaitility/4.2.1/awaitility-4.2.1-sources.jar
2025-09-08 20:58:20,057 [Worker-33: Download sources and javadoc] INFO  o.e.m.c.i.e.AbstractTransferListenerAdapter - Downloaded https://repo.maven.apache.org/maven2/org/awaitility/awaitility/4.2.1/awaitility-4.2.1-sources.jar
2025-09-08 20:58:20,075 [Worker-33: Download sources and javadoc] INFO  o.e.m.j.internal.DownloadSourcesJob - Downloaded sources for org.awaitility:awaitility:4.2.1
2025-09-08 20:58:20,337 [Worker-33: Download sources and javadoc] INFO  o.e.m.c.i.e.AbstractTransferListenerAdapter - Downloading https://repo.maven.apache.org/maven2/org/junit/jupiter/junit-jupiter/5.10.2/junit-jupiter-5.10.2-sources.jar
2025-09-08 20:58:20,367 [Worker-33: Download sources and javadoc] INFO  o.e.m.c.i.e.AbstractTransferListenerAdapter - Downloaded https://repo.maven.apache.org/maven2/org/junit/jupiter/junit-jupiter/5.10.2/junit-jupiter-5.10.2-sources.jar
2025-09-08 20:58:20,389 [Worker-33: Download sources and javadoc] INFO  o.e.m.j.internal.DownloadSourcesJob - Downloaded sources for org.junit.jupiter:junit-jupiter:5.10.2
2025-09-08 20:58:20,669 [Worker-33: Download sources and javadoc] INFO  o.e.m.c.i.e.AbstractTransferListenerAdapter - Downloading https://repo.maven.apache.org/maven2/org/junit/jupiter/junit-jupiter-api/5.10.2/junit-jupiter-api-5.10.2-sources.jar
2025-09-08 20:58:21,005 [Worker-33: Download sources and javadoc] INFO  o.e.m.c.i.e.AbstractTransferListenerAdapter - Downloaded https://repo.maven.apache.org/maven2/org/junit/jupiter/junit-jupiter-api/5.10.2/junit-jupiter-api-5.10.2-sources.jar
2025-09-08 20:58:21,022 [Worker-33: Download sources and javadoc] INFO  o.e.m.j.internal.DownloadSourcesJob - Downloaded sources for org.junit.jupiter:junit-jupiter-api:5.10.2
2025-09-08 20:58:21,299 [Worker-33: Download sources and javadoc] INFO  o.e.m.c.i.e.AbstractTransferListenerAdapter - Downloading https://repo.maven.apache.org/maven2/org/junit/platform/junit-platform-commons/1.10.2/junit-platform-commons-1.10.2-sources.jar
2025-09-08 20:58:21,474 [Worker-33: Download sources and javadoc] INFO  o.e.m.c.i.e.AbstractTransferListenerAdapter - Downloaded https://repo.maven.apache.org/maven2/org/junit/platform/junit-platform-commons/1.10.2/junit-platform-commons-1.10.2-sources.jar
2025-09-08 20:58:21,482 [Worker-33: Download sources and javadoc] INFO  o.e.m.j.internal.DownloadSourcesJob - Downloaded sources for org.junit.platform:junit-platform-commons:1.10.2
2025-09-08 20:58:21,729 [Worker-33: Download sources and javadoc] INFO  o.e.m.c.i.e.AbstractTransferListenerAdapter - Downloading https://repo.maven.apache.org/maven2/org/junit/jupiter/junit-jupiter-params/5.10.2/junit-jupiter-params-5.10.2-sources.jar
2025-09-08 20:58:21,884 [Worker-33: Download sources and javadoc] INFO  o.e.m.c.i.e.AbstractTransferListenerAdapter - Downloaded https://repo.maven.apache.org/maven2/org/junit/jupiter/junit-jupiter-params/5.10.2/junit-jupiter-params-5.10.2-sources.jar
2025-09-08 20:58:21,887 [Worker-33: Download sources and javadoc] INFO  o.e.m.j.internal.DownloadSourcesJob - Downloaded sources for org.junit.jupiter:junit-jupiter-params:5.10.2
2025-09-08 20:58:22,157 [Worker-33: Download sources and javadoc] INFO  o.e.m.c.i.e.AbstractTransferListenerAdapter - Downloading https://repo.maven.apache.org/maven2/org/junit/jupiter/junit-jupiter-engine/5.10.2/junit-jupiter-engine-5.10.2-sources.jar
2025-09-08 20:58:22,384 [Worker-33: Download sources and javadoc] INFO  o.e.m.c.i.e.AbstractTransferListenerAdapter - Downloaded https://repo.maven.apache.org/maven2/org/junit/jupiter/junit-jupiter-engine/5.10.2/junit-jupiter-engine-5.10.2-sources.jar
2025-09-08 20:58:22,399 [Worker-33: Download sources and javadoc] INFO  o.e.m.j.internal.DownloadSourcesJob - Downloaded sources for org.junit.jupiter:junit-jupiter-engine:5.10.2
2025-09-08 20:58:22,805 [Worker-33: Download sources and javadoc] INFO  o.e.m.c.i.e.AbstractTransferListenerAdapter - Downloading https://repo.maven.apache.org/maven2/org/junit/platform/junit-platform-engine/1.10.2/junit-platform-engine-1.10.2-sources.jar
2025-09-08 20:58:23,113 [Worker-33: Download sources and javadoc] INFO  o.e.m.c.i.e.AbstractTransferListenerAdapter - Downloaded https://repo.maven.apache.org/maven2/org/junit/platform/junit-platform-engine/1.10.2/junit-platform-engine-1.10.2-sources.jar
2025-09-08 20:58:23,131 [Worker-33: Download sources and javadoc] INFO  o.e.m.j.internal.DownloadSourcesJob - Downloaded sources for org.junit.platform:junit-platform-engine:1.10.2
2025-09-08 20:58:23,381 [Worker-33: Download sources and javadoc] INFO  o.e.m.c.i.e.AbstractTransferListenerAdapter - Downloading https://repo.maven.apache.org/maven2/org/mockito/mockito-core/5.11.0/mockito-core-5.11.0-sources.jar
2025-09-08 20:58:24,033 [Worker-33: Download sources and javadoc] INFO  o.e.m.c.i.e.AbstractTransferListenerAdapter - Downloaded https://repo.maven.apache.org/maven2/org/mockito/mockito-core/5.11.0/mockito-core-5.11.0-sources.jar
2025-09-08 20:58:24,046 [Worker-33: Download sources and javadoc] INFO  o.e.m.j.internal.DownloadSourcesJob - Downloaded sources for org.mockito:mockito-core:5.11.0
2025-09-08 20:58:24,350 [Worker-33: Download sources and javadoc] INFO  o.e.m.c.i.e.AbstractTransferListenerAdapter - Downloading https://repo.maven.apache.org/maven2/net/bytebuddy/byte-buddy-agent/1.14.16/byte-buddy-agent-1.14.16-sources.jar
2025-09-08 20:58:24,756 [Worker-33: Download sources and javadoc] INFO  o.e.m.c.i.e.AbstractTransferListenerAdapter - Downloaded https://repo.maven.apache.org/maven2/net/bytebuddy/byte-buddy-agent/1.14.16/byte-buddy-agent-1.14.16-sources.jar
2025-09-08 20:58:24,759 [Worker-33: Download sources and javadoc] INFO  o.e.m.j.internal.DownloadSourcesJob - Downloaded sources for net.bytebuddy:byte-buddy-agent:1.14.16
2025-09-08 20:58:25,032 [Worker-33: Download sources and javadoc] INFO  o.e.m.c.i.e.AbstractTransferListenerAdapter - Downloading https://repo.maven.apache.org/maven2/org/mockito/mockito-junit-jupiter/5.11.0/mockito-junit-jupiter-5.11.0-sources.jar
2025-09-08 20:58:25,058 [Worker-33: Download sources and javadoc] INFO  o.e.m.c.i.e.AbstractTransferListenerAdapter - Downloaded https://repo.maven.apache.org/maven2/org/mockito/mockito-junit-jupiter/5.11.0/mockito-junit-jupiter-5.11.0-sources.jar
2025-09-08 20:58:25,079 [Worker-33: Download sources and javadoc] INFO  o.e.m.j.internal.DownloadSourcesJob - Downloaded sources for org.mockito:mockito-junit-jupiter:5.11.0
2025-09-08 20:58:25,423 [Worker-33: Download sources and javadoc] INFO  o.e.m.c.i.e.AbstractTransferListenerAdapter - Downloading https://repo.maven.apache.org/maven2/org/springframework/spring-core/6.1.8/spring-core-6.1.8-sources.jar
2025-09-08 20:58:26,984 [Worker-33: Download sources and javadoc] INFO  o.e.m.c.i.e.AbstractTransferListenerAdapter - Downloaded https://repo.maven.apache.org/maven2/org/springframework/spring-core/6.1.8/spring-core-6.1.8-sources.jar
2025-09-08 20:58:27,004 [Worker-33: Download sources and javadoc] INFO  o.e.m.j.internal.DownloadSourcesJob - Downloaded sources for org.springframework:spring-core:6.1.8
2025-09-08 20:58:27,319 [Worker-33: Download sources and javadoc] INFO  o.e.m.c.i.e.AbstractTransferListenerAdapter - Downloading https://repo.maven.apache.org/maven2/org/springframework/spring-jcl/6.1.8/spring-jcl-6.1.8-sources.jar
2025-09-08 20:58:27,367 [Worker-33: Download sources and javadoc] INFO  o.e.m.c.i.e.AbstractTransferListenerAdapter - Downloaded https://repo.maven.apache.org/maven2/org/springframework/spring-jcl/6.1.8/spring-jcl-6.1.8-sources.jar
2025-09-08 20:58:27,373 [Worker-33: Download sources and javadoc] INFO  o.e.m.j.internal.DownloadSourcesJob - Downloaded sources for org.springframework:spring-jcl:6.1.8
2025-09-08 20:58:27,650 [Worker-33: Download sources and javadoc] INFO  o.e.m.c.i.e.AbstractTransferListenerAdapter - Downloading https://repo.maven.apache.org/maven2/org/springframework/spring-test/6.1.8/spring-test-6.1.8-sources.jar
2025-09-08 20:58:28,863 [Worker-33: Download sources and javadoc] INFO  o.e.m.c.i.e.AbstractTransferListenerAdapter - Downloaded https://repo.maven.apache.org/maven2/org/springframework/spring-test/6.1.8/spring-test-6.1.8-sources.jar
2025-09-08 20:58:28,869 [Worker-33: Download sources and javadoc] INFO  o.e.m.j.internal.DownloadSourcesJob - Downloaded sources for org.springframework:spring-test:6.1.8
2025-09-08 20:58:29,236 [Worker-33: Download sources and javadoc] INFO  o.e.m.c.i.e.AbstractTransferListenerAdapter - Downloading https://repo.maven.apache.org/maven2/org/springframework/security/spring-security-test/6.3.0/spring-security-test-6.3.0-sources.jar
2025-09-08 20:58:29,449 [Worker-33: Download sources and javadoc] INFO  o.e.m.c.i.e.AbstractTransferListenerAdapter - Downloaded https://repo.maven.apache.org/maven2/org/springframework/security/spring-security-test/6.3.0/spring-security-test-6.3.0-sources.jar
2025-09-08 20:58:29,463 [Worker-33: Download sources and javadoc] INFO  o.e.m.j.internal.DownloadSourcesJob - Downloaded sources for org.springframework.security:spring-security-test:6.3.0
2025-09-08 20:58:29,941 [Worker-33: Download sources and javadoc] INFO  o.e.m.c.i.e.AbstractTransferListenerAdapter - Downloading https://repo.maven.apache.org/maven2/org/springframework/security/spring-security-core/6.3.0/spring-security-core-6.3.0-sources.jar
2025-09-08 20:58:31,488 [Worker-33: Download sources and javadoc] INFO  o.e.m.c.i.e.AbstractTransferListenerAdapter - Downloaded https://repo.maven.apache.org/maven2/org/springframework/security/spring-security-core/6.3.0/spring-security-core-6.3.0-sources.jar
2025-09-08 20:58:31,493 [Worker-33: Download sources and javadoc] INFO  o.e.m.j.internal.DownloadSourcesJob - Downloaded sources for org.springframework.security:spring-security-core:6.3.0
2025-09-08 20:58:32,497 [Worker-33: Download sources and javadoc] INFO  o.e.m.c.i.e.AbstractTransferListenerAdapter - Downloading https://repo.maven.apache.org/maven2/org/springframework/security/spring-security-crypto/6.3.0/spring-security-crypto-6.3.0-sources.jar
2025-09-08 20:58:32,751 [Worker-33: Download sources and javadoc] INFO  o.e.m.c.i.e.AbstractTransferListenerAdapter - Downloaded https://repo.maven.apache.org/maven2/org/springframework/security/spring-security-crypto/6.3.0/spring-security-crypto-6.3.0-sources.jar
2025-09-08 20:58:32,758 [Worker-33: Download sources and javadoc] INFO  o.e.m.j.internal.DownloadSourcesJob - Downloaded sources for org.springframework.security:spring-security-crypto:6.3.0
2025-09-08 20:58:34,321 [Worker-38: Building] INFO  o.a.m.s.f.DefaultMavenResourcesFiltering - Copying 1 resource from src\main\resources to target\classes
2025-09-08 20:58:34,329 [Worker-38: Building] INFO  o.a.m.s.f.DefaultMavenResourcesFiltering - Copying 0 resource from src\main\resources to target\classes
2025-09-08 20:58:34,334 [Worker-38: Building] INFO  o.a.m.s.f.DefaultMavenResourcesFiltering - skip non existing resourceDirectory C:\Users\Dhaswan\Desktop\Infosys Project\CampusManagement\lostAndFoundApplication\src\test\resources
2025-09-08 21:01:37,847 [Worker-40: Updating Maven Project] INFO  o.e.m.c.i.p.ProjectConfigurationManager - Update started
2025-09-08 21:01:38,413 [Worker-40: Updating Maven Project] INFO  o.e.m.c.i.l.LifecycleMappingFactory - Using org.eclipse.m2e.jdt.JarLifecycleMapping lifecycle mapping for MavenProject: edu.infosys:lostAndFoundApplication:0.0.1-SNAPSHOT @ C:\Users\Dhaswan\Desktop\Infosys Project\CampusManagement\lostAndFoundApplication\pom.xml.
2025-09-08 21:01:39,428 [Worker-40: Updating Maven Project] INFO  o.e.m.j.i.AbstractJavaProjectConfigurator - Adding source folder /lostAndFoundApplication/src/main/java
2025-09-08 21:01:39,429 [Worker-40: Updating Maven Project] INFO  o.e.m.j.i.AbstractJavaProjectConfigurator - Adding resource folder /lostAndFoundApplication/src/main/resources
2025-09-08 21:01:39,431 [Worker-40: Updating Maven Project] INFO  o.e.m.j.i.AbstractJavaProjectConfigurator - Adding resource folder /lostAndFoundApplication/src/main/resources
2025-09-08 21:01:39,432 [Worker-40: Updating Maven Project] INFO  o.e.m.j.i.AbstractJavaProjectConfigurator - Adding source folder /lostAndFoundApplication/src/test/java
2025-09-08 21:01:39,433 [Worker-40: Updating Maven Project] INFO  o.e.m.j.i.AbstractJavaProjectConfigurator - Adding resource folder /lostAndFoundApplication/src/test/resources
2025-09-08 21:01:39,951 [Worker-40: Updating Maven Project] INFO  o.e.m.c.i.p.ProjectConfigurationManager - Update completed for 1 poms: local refresh takes 0.00 sec, refresh facades takes 1.00 sec, update config takes 0.00 sec 
2025-09-08 21:01:40,411 [Worker-40: Building] INFO  o.a.m.s.f.DefaultMavenResourcesFiltering - Copying 1 resource from src\main\resources to target\classes
2025-09-08 21:01:40,426 [Worker-40: Building] INFO  o.a.m.s.f.DefaultMavenResourcesFiltering - Copying 0 resource from src\main\resources to target\classes
2025-09-08 21:01:40,431 [Worker-40: Building] INFO  o.a.m.s.f.DefaultMavenResourcesFiltering - skip non existing resourceDirectory C:\Users\Dhaswan\Desktop\Infosys Project\CampusManagement\lostAndFoundApplication\src\test\resources
2025-09-09 19:58:42,516 [Worker-6: Loading available Gradle versions] INFO  o.e.b.c.i.u.g.PublishedGradleVersions - Gradle version information cache is up-to-date. Trying to read.
2025-09-09 20:01:44,142 [Worker-15: Building] INFO  o.e.m.c.i.l.LifecycleMappingFactory - Using org.eclipse.m2e.jdt.JarLifecycleMapping lifecycle mapping for MavenProject: edu.infosys:lostAndFoundApplication:0.0.1-SNAPSHOT @ C:\Users\Dhaswan\Desktop\Infosys Project\CampusManagement\lostAndFoundApplication\pom.xml.
2025-09-09 20:01:45,893 [Worker-15: Building] INFO  o.a.m.s.f.DefaultMavenResourcesFiltering - Copying 1 resource from src\main\resources to target\classes
2025-09-09 20:01:45,934 [Worker-15: Building] INFO  o.a.m.s.f.DefaultMavenResourcesFiltering - Copying 0 resource from src\main\resources to target\classes
2025-09-09 20:01:45,951 [Worker-15: Building] INFO  o.a.m.s.f.DefaultMavenResourcesFiltering - skip non existing resourceDirectory C:\Users\Dhaswan\Desktop\Infosys Project\CampusManagement\lostAndFoundApplication\src\test\resources
2025-09-09 20:01:48,449 [Worker-3: Building] INFO  o.a.m.s.f.DefaultMavenResourcesFiltering - Copying 1 resource from src\main\resources to target\classes
2025-09-09 20:01:48,463 [Worker-3: Building] INFO  o.a.m.s.f.DefaultMavenResourcesFiltering - Copying 0 resource from src\main\resources to target\classes
2025-09-09 20:01:48,470 [Worker-3: Building] INFO  o.a.m.s.f.DefaultMavenResourcesFiltering - skip non existing resourceDirectory C:\Users\Dhaswan\Desktop\Infosys Project\CampusManagement\lostAndFoundApplication\src\test\resources
2025-09-09 20:09:44,074 [Worker-33: Building] INFO  o.a.m.s.f.DefaultMavenResourcesFiltering - Copying 1 resource from src\main\resources to target\classes
2025-09-09 20:09:44,101 [Worker-33: Building] INFO  o.a.m.s.f.DefaultMavenResourcesFiltering - Copying 0 resource from src\main\resources to target\classes
2025-09-09 20:09:44,106 [Worker-33: Building] INFO  o.a.m.s.f.DefaultMavenResourcesFiltering - skip non existing resourceDirectory C:\Users\Dhaswan\Desktop\Infosys Project\CampusManagement\lostAndFoundApplication\src\test\resources
2025-09-09 20:10:11,260 [Worker-34: Updating Maven Project] INFO  o.e.m.c.i.p.ProjectConfigurationManager - Update started
2025-09-09 20:10:12,251 [Worker-34: Updating Maven Project] INFO  o.e.m.c.i.l.LifecycleMappingFactory - Using org.eclipse.m2e.jdt.JarLifecycleMapping lifecycle mapping for MavenProject: edu.infosys:lostAndFoundApplication:0.0.1-SNAPSHOT @ C:\Users\Dhaswan\Desktop\Infosys Project\CampusManagement\lostAndFoundApplication\pom.xml.
2025-09-09 20:10:14,175 [Worker-34: Updating Maven Project] INFO  o.e.m.j.i.AbstractJavaProjectConfigurator - Adding source folder /lostAndFoundApplication/src/main/java
2025-09-09 20:10:14,183 [Worker-34: Updating Maven Project] INFO  o.e.m.j.i.AbstractJavaProjectConfigurator - Adding resource folder /lostAndFoundApplication/src/main/resources
2025-09-09 20:10:14,184 [Worker-34: Updating Maven Project] INFO  o.e.m.j.i.AbstractJavaProjectConfigurator - Adding resource folder /lostAndFoundApplication/src/main/resources
2025-09-09 20:10:14,185 [Worker-34: Updating Maven Project] INFO  o.e.m.j.i.AbstractJavaProjectConfigurator - Adding source folder /lostAndFoundApplication/src/test/java
2025-09-09 20:10:14,188 [Worker-34: Updating Maven Project] INFO  o.e.m.j.i.AbstractJavaProjectConfigurator - Adding resource folder /lostAndFoundApplication/src/test/resources
2025-09-09 20:10:14,755 [Worker-34: Updating Maven Project] INFO  o.e.m.c.i.p.ProjectConfigurationManager - Update completed for 1 poms: local refresh takes 0.00 sec, refresh facades takes 2.00 sec, update config takes 0.00 sec 
2025-09-09 20:10:15,537 [Worker-37: Building] INFO  o.a.m.s.f.DefaultMavenResourcesFiltering - Copying 1 resource from src\main\resources to target\classes
2025-09-09 20:10:15,571 [Worker-37: Building] INFO  o.a.m.s.f.DefaultMavenResourcesFiltering - Copying 0 resource from src\main\resources to target\classes
2025-09-09 20:10:15,581 [Worker-37: Building] INFO  o.a.m.s.f.DefaultMavenResourcesFiltering - skip non existing resourceDirectory C:\Users\Dhaswan\Desktop\Infosys Project\CampusManagement\lostAndFoundApplication\src\test\resources
2025-09-09 20:15:01,531 [Worker-38: Building] INFO  o.a.m.s.f.DefaultMavenResourcesFiltering - Copying 1 resource from src\main\resources to target\classes
2025-09-09 20:15:01,561 [Worker-38: Building] INFO  o.a.m.s.f.DefaultMavenResourcesFiltering - Copying 0 resource from src\main\resources to target\classes
2025-09-09 20:15:01,565 [Worker-38: Building] INFO  o.a.m.s.f.DefaultMavenResourcesFiltering - skip non existing resourceDirectory C:\Users\Dhaswan\Desktop\Infosys Project\CampusManagement\lostAndFoundApplication\src\test\resources
2025-09-09 20:29:00,797 [Worker-43: Building] INFO  o.a.m.s.f.DefaultMavenResourcesFiltering - Copying 1 resource from src\main\resources to target\classes
2025-09-09 20:29:00,831 [Worker-43: Building] INFO  o.a.m.s.f.DefaultMavenResourcesFiltering - Copying 0 resource from src\main\resources to target\classes
2025-09-09 20:29:00,839 [Worker-43: Building] INFO  o.a.m.s.f.DefaultMavenResourcesFiltering - skip non existing resourceDirectory C:\Users\Dhaswan\Desktop\Infosys Project\CampusManagement\lostAndFoundApplication\src\test\resources
2025-09-09 20:34:54,904 [Worker-39: Building] INFO  o.a.m.s.f.DefaultMavenResourcesFiltering - Copying 1 resource from src\main\resources to target\classes
2025-09-09 20:34:55,305 [Worker-39: Building] INFO  o.a.m.s.f.DefaultMavenResourcesFiltering - Copying 0 resource from src\main\resources to target\classes
2025-09-09 20:34:55,314 [Worker-39: Building] INFO  o.a.m.s.f.DefaultMavenResourcesFiltering - skip non existing resourceDirectory C:\Users\Dhaswan\Desktop\Infosys Project\CampusManagement\lostAndFoundApplication\src\test\resources
2025-09-09 20:36:48,424 [Worker-42: Building] INFO  o.a.m.s.f.DefaultMavenResourcesFiltering - Copying 1 resource from src\main\resources to target\classes
2025-09-09 20:36:48,449 [Worker-42: Building] INFO  o.a.m.s.f.DefaultMavenResourcesFiltering - Copying 0 resource from src\main\resources to target\classes
2025-09-09 20:36:48,455 [Worker-42: Building] INFO  o.a.m.s.f.DefaultMavenResourcesFiltering - skip non existing resourceDirectory C:\Users\Dhaswan\Desktop\Infosys Project\CampusManagement\lostAndFoundApplication\src\test\resources
2025-09-09 20:39:19,823 [Worker-43: Building] INFO  o.a.m.s.f.DefaultMavenResourcesFiltering - Copying 1 resource from src\main\resources to target\classes
2025-09-09 20:39:19,871 [Worker-43: Building] INFO  o.a.m.s.f.DefaultMavenResourcesFiltering - Copying 0 resource from src\main\resources to target\classes
2025-09-09 20:39:19,876 [Worker-43: Building] INFO  o.a.m.s.f.DefaultMavenResourcesFiltering - skip non existing resourceDirectory C:\Users\Dhaswan\Desktop\Infosys Project\CampusManagement\lostAndFoundApplication\src\test\resources
2025-09-09 20:43:37,774 [Worker-55: Building] INFO  o.a.m.s.f.DefaultMavenResourcesFiltering - Copying 1 resource from src\main\resources to target\classes
2025-09-09 20:43:37,791 [Worker-55: Building] INFO  o.a.m.s.f.DefaultMavenResourcesFiltering - Copying 0 resource from src\main\resources to target\classes
2025-09-09 20:43:37,796 [Worker-55: Building] INFO  o.a.m.s.f.DefaultMavenResourcesFiltering - skip non existing resourceDirectory C:\Users\Dhaswan\Desktop\Infosys Project\CampusManagement\lostAndFoundApplication\src\test\resources
2025-09-09 20:49:52,432 [Worker-57: Building] INFO  o.a.m.s.f.DefaultMavenResourcesFiltering - Copying 1 resource from src\main\resources to target\classes
2025-09-09 20:49:52,448 [Worker-57: Building] INFO  o.a.m.s.f.DefaultMavenResourcesFiltering - Copying 0 resource from src\main\resources to target\classes
2025-09-09 20:49:52,451 [Worker-57: Building] INFO  o.a.m.s.f.DefaultMavenResourcesFiltering - skip non existing resourceDirectory C:\Users\Dhaswan\Desktop\Infosys Project\CampusManagement\lostAndFoundApplication\src\test\resources
2025-09-10 20:17:03,318 [Worker-6: Loading available Gradle versions] INFO  o.e.b.c.i.u.g.PublishedGradleVersions - Gradle version information cache is out-of-date. Trying to update.
2025-09-10 20:35:41,087 [Worker-36: Building] INFO  o.a.m.s.f.DefaultMavenResourcesFiltering - Copying 1 resource from src\main\resources to target\classes
2025-09-10 20:35:41,116 [Worker-36: Building] INFO  o.a.m.s.f.DefaultMavenResourcesFiltering - Copying 0 resource from src\main\resources to target\classes
2025-09-10 20:35:41,122 [Worker-36: Building] INFO  o.a.m.s.f.DefaultMavenResourcesFiltering - skip non existing resourceDirectory C:\Users\Dhaswan\Desktop\Infosys Project\CampusManagement\lostAndFoundApplication\src\test\resources
2025-09-10 20:38:34,541 [Worker-39: Building] INFO  o.a.m.s.f.DefaultMavenResourcesFiltering - Copying 1 resource from src\main\resources to target\classes
2025-09-10 20:38:34,666 [Worker-39: Building] INFO  o.a.m.s.f.DefaultMavenResourcesFiltering - Copying 0 resource from src\main\resources to target\classes
2025-09-10 20:38:34,676 [Worker-39: Building] INFO  o.a.m.s.f.DefaultMavenResourcesFiltering - skip non existing resourceDirectory C:\Users\Dhaswan\Desktop\Infosys Project\CampusManagement\lostAndFoundApplication\src\test\resources
2025-09-10 20:43:49,045 [Worker-39: Building] INFO  o.a.m.s.f.DefaultMavenResourcesFiltering - Copying 1 resource from src\main\resources to target\classes
2025-09-10 20:43:49,206 [Worker-39: Building] INFO  o.a.m.s.f.DefaultMavenResourcesFiltering - Copying 0 resource from src\main\resources to target\classes
2025-09-10 20:43:49,220 [Worker-39: Building] INFO  o.a.m.s.f.DefaultMavenResourcesFiltering - skip non existing resourceDirectory C:\Users\Dhaswan\Desktop\Infosys Project\CampusManagement\lostAndFoundApplication\src\test\resources
2025-09-10 20:43:59,341 [Worker-42: Building] INFO  o.a.m.s.f.DefaultMavenResourcesFiltering - Copying 1 resource from src\main\resources to target\classes
2025-09-10 20:43:59,353 [Worker-42: Building] INFO  o.a.m.s.f.DefaultMavenResourcesFiltering - Copying 0 resource from src\main\resources to target\classes
2025-09-10 20:43:59,358 [Worker-42: Building] INFO  o.a.m.s.f.DefaultMavenResourcesFiltering - skip non existing resourceDirectory C:\Users\Dhaswan\Desktop\Infosys Project\CampusManagement\lostAndFoundApplication\src\test\resources
2025-09-10 20:44:02,948 [Worker-43: Building] INFO  o.a.m.s.f.DefaultMavenResourcesFiltering - Copying 1 resource from src\main\resources to target\classes
2025-09-10 20:44:02,961 [Worker-43: Building] INFO  o.a.m.s.f.DefaultMavenResourcesFiltering - Copying 0 resource from src\main\resources to target\classes
2025-09-10 20:44:02,966 [Worker-43: Building] INFO  o.a.m.s.f.DefaultMavenResourcesFiltering - skip non existing resourceDirectory C:\Users\Dhaswan\Desktop\Infosys Project\CampusManagement\lostAndFoundApplication\src\test\resources
2025-09-10 20:46:32,981 [Worker-44: Launching lostAndFoundApplication - LostAndFoundApplication] INFO  o.a.m.s.f.DefaultMavenResourcesFiltering - Copying 1 resource from src\main\resources to target\classes
2025-09-10 20:46:33,013 [Worker-44: Launching lostAndFoundApplication - LostAndFoundApplication] INFO  o.a.m.s.f.DefaultMavenResourcesFiltering - Copying 0 resource from src\main\resources to target\classes
2025-09-10 20:46:33,017 [Worker-44: Launching lostAndFoundApplication - LostAndFoundApplication] INFO  o.a.m.s.f.DefaultMavenResourcesFiltering - skip non existing resourceDirectory C:\Users\Dhaswan\Desktop\Infosys Project\CampusManagement\lostAndFoundApplication\src\test\resources
2025-09-11 20:34:36,317 [Worker-2: Loading available Gradle versions] INFO  o.e.b.c.i.u.g.PublishedGradleVersions - Gradle version information cache is up-to-date. Trying to read.
2025-09-11 20:34:44,309 [Worker-1: Building] INFO  o.e.m.c.i.l.LifecycleMappingFactory - Using org.eclipse.m2e.jdt.JarLifecycleMapping lifecycle mapping for MavenProject: edu.infosys:lostAndFoundApplication:0.0.1-SNAPSHOT @ S:\InfosysProject\CampusManagement\lostAndFoundApplication\pom.xml.
2025-09-11 20:34:45,120 [Worker-1: Building] INFO  o.a.m.s.f.DefaultMavenResourcesFiltering - Copying 1 resource from src\main\resources to target\classes
2025-09-11 20:34:45,145 [Worker-1: Building] INFO  o.a.m.s.f.DefaultMavenResourcesFiltering - Copying 0 resource from src\main\resources to target\classes
2025-09-11 20:34:45,154 [Worker-1: Building] INFO  o.a.m.s.f.DefaultMavenResourcesFiltering - skip non existing resourceDirectory S:\InfosysProject\CampusManagement\lostAndFoundApplication\src\test\resources
2025-09-11 20:34:48,044 [Worker-7: Building] INFO  o.e.m.c.i.l.LifecycleMappingFactory - Using org.eclipse.m2e.jdt.JarLifecycleMapping lifecycle mapping for MavenProject: edu.infosys:lostAndFoundApplication:0.0.1-SNAPSHOT @ S:\InfosysProject\CampusManagement\lostAndFoundApplication\pom.xml.
2025-09-11 20:34:49,582 [Worker-7: Building] INFO  o.a.m.s.f.DefaultMavenResourcesFiltering - Copying 1 resource from src\main\resources to target\classes
2025-09-11 20:34:49,608 [Worker-7: Building] INFO  o.a.m.s.f.DefaultMavenResourcesFiltering - Copying 0 resource from src\main\resources to target\classes
2025-09-11 20:34:49,615 [Worker-7: Building] INFO  o.a.m.s.f.DefaultMavenResourcesFiltering - skip non existing resourceDirectory S:\InfosysProject\CampusManagement\lostAndFoundApplication\src\test\resources
2025-09-17 18:40:20,009 [Worker-7: Loading available Gradle versions] INFO  o.e.b.c.i.u.g.PublishedGradleVersions - Gradle version information cache is out-of-date. Trying to update.
2025-09-17 20:01:08,134 [Worker-45: Building] INFO  o.a.m.s.f.DefaultMavenResourcesFiltering - Copying 1 resource from src\main\resources to target\classes
2025-09-17 20:01:08,205 [Worker-45: Building] INFO  o.a.m.s.f.DefaultMavenResourcesFiltering - Copying 0 resource from src\main\resources to target\classes
2025-09-17 20:01:08,210 [Worker-45: Building] INFO  o.a.m.s.f.DefaultMavenResourcesFiltering - skip non existing resourceDirectory S:\InfosysProject\CampusManagement\lostAndFoundApplication\src\test\resources
2025-09-17 20:01:23,146 [Worker-45: Building] INFO  o.a.m.s.f.DefaultMavenResourcesFiltering - Copying 1 resource from src\main\resources to target\classes
2025-09-17 20:01:23,155 [Worker-45: Building] INFO  o.a.m.s.f.DefaultMavenResourcesFiltering - Copying 0 resource from src\main\resources to target\classes
2025-09-17 20:01:23,158 [Worker-45: Building] INFO  o.a.m.s.f.DefaultMavenResourcesFiltering - skip non existing resourceDirectory S:\InfosysProject\CampusManagement\lostAndFoundApplication\src\test\resources
2025-09-17 20:02:26,675 [Worker-47: Building] INFO  o.a.m.s.f.DefaultMavenResourcesFiltering - Copying 1 resource from src\main\resources to target\classes
2025-09-17 20:02:26,683 [Worker-47: Building] INFO  o.a.m.s.f.DefaultMavenResourcesFiltering - Copying 0 resource from src\main\resources to target\classes
2025-09-17 20:02:26,687 [Worker-47: Building] INFO  o.a.m.s.f.DefaultMavenResourcesFiltering - skip non existing resourceDirectory S:\InfosysProject\CampusManagement\lostAndFoundApplication\src\test\resources
2025-09-17 20:03:13,446 [Worker-49: Building] INFO  o.a.m.s.f.DefaultMavenResourcesFiltering - Copying 1 resource from src\main\resources to target\classes
2025-09-17 20:03:13,453 [Worker-49: Building] INFO  o.a.m.s.f.DefaultMavenResourcesFiltering - Copying 0 resource from src\main\resources to target\classes
2025-09-17 20:03:13,457 [Worker-49: Building] INFO  o.a.m.s.f.DefaultMavenResourcesFiltering - skip non existing resourceDirectory S:\InfosysProject\CampusManagement\lostAndFoundApplication\src\test\resources
2025-09-17 20:03:28,143 [Worker-47: Building] INFO  o.a.m.s.f.DefaultMavenResourcesFiltering - Copying 1 resource from src\main\resources to target\classes
2025-09-17 20:03:28,149 [Worker-47: Building] INFO  o.a.m.s.f.DefaultMavenResourcesFiltering - Copying 0 resource from src\main\resources to target\classes
2025-09-17 20:03:28,153 [Worker-47: Building] INFO  o.a.m.s.f.DefaultMavenResourcesFiltering - skip non existing resourceDirectory S:\InfosysProject\CampusManagement\lostAndFoundApplication\src\test\resources
2025-09-17 20:04:03,574 [Worker-49: Building] INFO  o.a.m.s.f.DefaultMavenResourcesFiltering - Copying 1 resource from src\main\resources to target\classes
2025-09-17 20:04:03,592 [Worker-49: Building] INFO  o.a.m.s.f.DefaultMavenResourcesFiltering - Copying 0 resource from src\main\resources to target\classes
2025-09-17 20:04:03,595 [Worker-49: Building] INFO  o.a.m.s.f.DefaultMavenResourcesFiltering - skip non existing resourceDirectory S:\InfosysProject\CampusManagement\lostAndFoundApplication\src\test\resources
2025-09-17 20:04:51,287 [Worker-45: Building] INFO  o.a.m.s.f.DefaultMavenResourcesFiltering - Copying 1 resource from src\main\resources to target\classes
2025-09-17 20:04:51,297 [Worker-45: Building] INFO  o.a.m.s.f.DefaultMavenResourcesFiltering - Copying 0 resource from src\main\resources to target\classes
2025-09-17 20:04:51,301 [Worker-45: Building] INFO  o.a.m.s.f.DefaultMavenResourcesFiltering - skip non existing resourceDirectory S:\InfosysProject\CampusManagement\lostAndFoundApplication\src\test\resources
2025-09-17 20:05:10,809 [Worker-48: Building] INFO  o.a.m.s.f.DefaultMavenResourcesFiltering - Copying 1 resource from src\main\resources to target\classes
2025-09-17 20:05:10,817 [Worker-48: Building] INFO  o.a.m.s.f.DefaultMavenResourcesFiltering - Copying 0 resource from src\main\resources to target\classes
2025-09-17 20:05:10,820 [Worker-48: Building] INFO  o.a.m.s.f.DefaultMavenResourcesFiltering - skip non existing resourceDirectory S:\InfosysProject\CampusManagement\lostAndFoundApplication\src\test\resources
2025-09-17 20:05:50,451 [Worker-48: Building] INFO  o.a.m.s.f.DefaultMavenResourcesFiltering - Copying 1 resource from src\main\resources to target\classes
2025-09-17 20:05:50,457 [Worker-48: Building] INFO  o.a.m.s.f.DefaultMavenResourcesFiltering - Copying 0 resource from src\main\resources to target\classes
2025-09-17 20:05:50,460 [Worker-48: Building] INFO  o.a.m.s.f.DefaultMavenResourcesFiltering - skip non existing resourceDirectory S:\InfosysProject\CampusManagement\lostAndFoundApplication\src\test\resources
2025-09-17 20:06:18,223 [Worker-49: Building] INFO  o.a.m.s.f.DefaultMavenResourcesFiltering - Copying 1 resource from src\main\resources to target\classes
2025-09-17 20:06:18,228 [Worker-49: Building] INFO  o.a.m.s.f.DefaultMavenResourcesFiltering - Copying 0 resource from src\main\resources to target\classes
2025-09-17 20:06:18,232 [Worker-49: Building] INFO  o.a.m.s.f.DefaultMavenResourcesFiltering - skip non existing resourceDirectory S:\InfosysProject\CampusManagement\lostAndFoundApplication\src\test\resources
2025-09-17 20:07:00,405 [Worker-45: Building] INFO  o.a.m.s.f.DefaultMavenResourcesFiltering - Copying 1 resource from src\main\resources to target\classes
2025-09-17 20:07:00,414 [Worker-45: Building] INFO  o.a.m.s.f.DefaultMavenResourcesFiltering - Copying 0 resource from src\main\resources to target\classes
2025-09-17 20:07:00,418 [Worker-45: Building] INFO  o.a.m.s.f.DefaultMavenResourcesFiltering - skip non existing resourceDirectory S:\InfosysProject\CampusManagement\lostAndFoundApplication\src\test\resources
2025-09-17 20:07:57,760 [Worker-41: Building] INFO  o.a.m.s.f.DefaultMavenResourcesFiltering - Copying 1 resource from src\main\resources to target\classes
2025-09-17 20:07:57,769 [Worker-41: Building] INFO  o.a.m.s.f.DefaultMavenResourcesFiltering - Copying 0 resource from src\main\resources to target\classes
2025-09-17 20:07:57,773 [Worker-41: Building] INFO  o.a.m.s.f.DefaultMavenResourcesFiltering - skip non existing resourceDirectory S:\InfosysProject\CampusManagement\lostAndFoundApplication\src\test\resources
2025-09-17 20:08:05,854 [Worker-41: Building] INFO  o.a.m.s.f.DefaultMavenResourcesFiltering - Copying 1 resource from src\main\resources to target\classes
2025-09-17 20:08:05,861 [Worker-41: Building] INFO  o.a.m.s.f.DefaultMavenResourcesFiltering - Copying 0 resource from src\main\resources to target\classes
2025-09-17 20:08:05,864 [Worker-41: Building] INFO  o.a.m.s.f.DefaultMavenResourcesFiltering - skip non existing resourceDirectory S:\InfosysProject\CampusManagement\lostAndFoundApplication\src\test\resources
2025-09-17 20:13:27,537 [Worker-53: Building] INFO  o.a.m.s.f.DefaultMavenResourcesFiltering - Copying 1 resource from src\main\resources to target\classes
2025-09-17 20:13:27,554 [Worker-53: Building] INFO  o.a.m.s.f.DefaultMavenResourcesFiltering - Copying 0 resource from src\main\resources to target\classes
2025-09-17 20:13:27,557 [Worker-53: Building] INFO  o.a.m.s.f.DefaultMavenResourcesFiltering - skip non existing resourceDirectory S:\InfosysProject\CampusManagement\lostAndFoundApplication\src\test\resources
2025-09-17 20:17:17,144 [Worker-53: Building] INFO  o.a.m.s.f.DefaultMavenResourcesFiltering - Copying 1 resource from src\main\resources to target\classes
2025-09-17 20:17:17,156 [Worker-53: Building] INFO  o.a.m.s.f.DefaultMavenResourcesFiltering - Copying 0 resource from src\main\resources to target\classes
2025-09-17 20:17:17,158 [Worker-53: Building] INFO  o.a.m.s.f.DefaultMavenResourcesFiltering - skip non existing resourceDirectory S:\InfosysProject\CampusManagement\lostAndFoundApplication\src\test\resources
2025-09-17 20:19:30,227 [Worker-59: Building] INFO  o.a.m.s.f.DefaultMavenResourcesFiltering - Copying 1 resource from src\main\resources to target\classes
2025-09-17 20:19:30,242 [Worker-59: Building] INFO  o.a.m.s.f.DefaultMavenResourcesFiltering - Copying 0 resource from src\main\resources to target\classes
2025-09-17 20:19:30,244 [Worker-59: Building] INFO  o.a.m.s.f.DefaultMavenResourcesFiltering - skip non existing resourceDirectory S:\InfosysProject\CampusManagement\lostAndFoundApplication\src\test\resources
2025-09-17 20:23:04,664 [Worker-55: Building] INFO  o.a.m.s.f.DefaultMavenResourcesFiltering - Copying 1 resource from src\main\resources to target\classes
2025-09-17 20:23:04,672 [Worker-55: Building] INFO  o.a.m.s.f.DefaultMavenResourcesFiltering - Copying 0 resource from src\main\resources to target\classes
2025-09-17 20:23:04,676 [Worker-55: Building] INFO  o.a.m.s.f.DefaultMavenResourcesFiltering - skip non existing resourceDirectory S:\InfosysProject\CampusManagement\lostAndFoundApplication\src\test\resources
2025-09-17 20:24:35,760 [Worker-62: Building] INFO  o.a.m.s.f.DefaultMavenResourcesFiltering - Copying 1 resource from src\main\resources to target\classes
2025-09-17 20:24:35,767 [Worker-62: Building] INFO  o.a.m.s.f.DefaultMavenResourcesFiltering - Copying 0 resource from src\main\resources to target\classes
2025-09-17 20:24:35,771 [Worker-62: Building] INFO  o.a.m.s.f.DefaultMavenResourcesFiltering - skip non existing resourceDirectory S:\InfosysProject\CampusManagement\lostAndFoundApplication\src\test\resources
2025-09-17 20:25:24,319 [Worker-61: Building] INFO  o.a.m.s.f.DefaultMavenResourcesFiltering - Copying 0 resource from src\main\resources to target\classes
2025-09-17 20:25:24,321 [Worker-61: Building] INFO  o.a.m.s.f.DefaultMavenResourcesFiltering - Copying 0 resource from src\main\resources to target\classes
2025-09-17 20:25:24,325 [Worker-61: Building] INFO  o.a.m.s.f.DefaultMavenResourcesFiltering - skip non existing resourceDirectory S:\InfosysProject\CampusManagement\lostAndFoundApplication\src\test\resources
2025-09-17 20:25:25,366 [Worker-62: Building] INFO  o.a.m.s.f.DefaultMavenResourcesFiltering - Copying 0 resource from src\main\resources to target\classes
2025-09-17 20:25:25,367 [Worker-62: Building] INFO  o.a.m.s.f.DefaultMavenResourcesFiltering - Copying 0 resource from src\main\resources to target\classes
2025-09-17 20:25:25,373 [Worker-62: Building] INFO  o.a.m.s.f.DefaultMavenResourcesFiltering - skip non existing resourceDirectory S:\InfosysProject\CampusManagement\lostAndFoundApplication\src\test\resources
2025-09-17 20:25:29,532 [Worker-56: Building] INFO  o.a.m.s.f.DefaultMavenResourcesFiltering - Copying 0 resource from src\main\resources to target\classes
2025-09-17 20:25:29,533 [Worker-56: Building] INFO  o.a.m.s.f.DefaultMavenResourcesFiltering - Copying 0 resource from src\main\resources to target\classes
2025-09-17 20:25:29,537 [Worker-56: Building] INFO  o.a.m.s.f.DefaultMavenResourcesFiltering - skip non existing resourceDirectory S:\InfosysProject\CampusManagement\lostAndFoundApplication\src\test\resources
2025-09-17 20:47:51,081 [Worker-66: Building] INFO  o.a.m.s.f.DefaultMavenResourcesFiltering - Copying 1 resource from src\main\resources to target\classes
2025-09-17 20:47:51,147 [Worker-66: Building] INFO  o.a.m.s.f.DefaultMavenResourcesFiltering - Copying 0 resource from src\main\resources to target\classes
2025-09-17 20:47:51,151 [Worker-66: Building] INFO  o.a.m.s.f.DefaultMavenResourcesFiltering - skip non existing resourceDirectory S:\InfosysProject\CampusManagement\lostAndFoundApplication\src\test\resources
2025-09-17 20:48:46,823 [Worker-66: Building] INFO  o.a.m.s.f.DefaultMavenResourcesFiltering - Copying 1 resource from src\main\resources to target\classes
2025-09-17 20:48:46,844 [Worker-66: Building] INFO  o.a.m.s.f.DefaultMavenResourcesFiltering - Copying 0 resource from src\main\resources to target\classes
2025-09-17 20:48:46,849 [Worker-66: Building] INFO  o.a.m.s.f.DefaultMavenResourcesFiltering - skip non existing resourceDirectory S:\InfosysProject\CampusManagement\lostAndFoundApplication\src\test\resources
2025-09-18 20:05:55,545 [Worker-2: Loading available Gradle versions] INFO  o.e.b.c.i.u.g.PublishedGradleVersions - Gradle version information cache is out-of-date. Trying to update.
2025-09-18 20:06:59,698 [Worker-10: Building] INFO  o.a.m.s.f.DefaultMavenResourcesFiltering - Copying 1 resource from src\main\resources to target\classes
2025-09-18 20:06:59,746 [Worker-10: Building] INFO  o.a.m.s.f.DefaultMavenResourcesFiltering - Copying 0 resource from src\main\resources to target\classes
2025-09-18 20:06:59,758 [Worker-10: Building] INFO  o.a.m.s.f.DefaultMavenResourcesFiltering - skip non existing resourceDirectory S:\InfosysProject\CampusManagement\lostAndFoundApplication\src\test\resources
2025-09-18 20:13:17,989 [main] INFO  o.e.m2e.actions.ExecutePomAction - Creating new launch configuration
2025-09-18 20:13:56,769 [Worker-35: Building] INFO  o.a.m.s.f.DefaultMavenResourcesFiltering - Copying 1 resource from src\main\resources to target\classes
2025-09-18 20:13:56,777 [Worker-35: Building] INFO  o.a.m.s.f.DefaultMavenResourcesFiltering - Copying 0 resource from src\main\resources to target\classes
2025-09-18 20:13:56,781 [Worker-35: Building] INFO  o.a.m.s.f.DefaultMavenResourcesFiltering - skip non existing resourceDirectory S:\InfosysProject\CampusManagement\lostAndFoundApplication\src\test\resources
2025-09-18 20:21:36,510 [Worker-37: Building] INFO  o.a.m.s.f.DefaultMavenResourcesFiltering - Copying 1 resource from src\main\resources to target\classes
2025-09-18 20:21:36,518 [Worker-37: Building] INFO  o.a.m.s.f.DefaultMavenResourcesFiltering - Copying 0 resource from src\main\resources to target\classes
2025-09-18 20:21:36,523 [Worker-37: Building] INFO  o.a.m.s.f.DefaultMavenResourcesFiltering - skip non existing resourceDirectory S:\InfosysProject\CampusManagement\lostAndFoundApplication\src\test\resources
2025-09-18 20:25:10,495 [Worker-42: Building] INFO  o.a.m.s.f.DefaultMavenResourcesFiltering - Copying 1 resource from src\main\resources to target\classes
2025-09-18 20:25:10,504 [Worker-42: Building] INFO  o.a.m.s.f.DefaultMavenResourcesFiltering - Copying 0 resource from src\main\resources to target\classes
2025-09-18 20:25:10,508 [Worker-42: Building] INFO  o.a.m.s.f.DefaultMavenResourcesFiltering - skip non existing resourceDirectory S:\InfosysProject\CampusManagement\lostAndFoundApplication\src\test\resources
2025-09-18 20:30:58,199 [Worker-46: Building] INFO  o.a.m.s.f.DefaultMavenResourcesFiltering - Copying 1 resource from src\main\resources to target\classes
2025-09-18 20:30:58,208 [Worker-46: Building] INFO  o.a.m.s.f.DefaultMavenResourcesFiltering - Copying 0 resource from src\main\resources to target\classes
2025-09-18 20:30:58,211 [Worker-46: Building] INFO  o.a.m.s.f.DefaultMavenResourcesFiltering - skip non existing resourceDirectory S:\InfosysProject\CampusManagement\lostAndFoundApplication\src\test\resources
2025-09-18 20:40:05,483 [Worker-46: Building] INFO  o.a.m.s.f.DefaultMavenResourcesFiltering - Copying 1 resource from src\main\resources to target\classes
2025-09-18 20:40:05,491 [Worker-46: Building] INFO  o.a.m.s.f.DefaultMavenResourcesFiltering - Copying 0 resource from src\main\resources to target\classes
2025-09-18 20:40:05,494 [Worker-46: Building] INFO  o.a.m.s.f.DefaultMavenResourcesFiltering - skip non existing resourceDirectory S:\InfosysProject\CampusManagement\lostAndFoundApplication\src\test\resources
2025-09-18 20:44:36,726 [Worker-47: Building] INFO  o.a.m.s.f.DefaultMavenResourcesFiltering - Copying 1 resource from src\main\resources to target\classes
2025-09-18 20:44:36,731 [Worker-47: Building] INFO  o.a.m.s.f.DefaultMavenResourcesFiltering - Copying 0 resource from src\main\resources to target\classes
2025-09-18 20:44:36,734 [Worker-47: Building] INFO  o.a.m.s.f.DefaultMavenResourcesFiltering - skip non existing resourceDirectory S:\InfosysProject\CampusManagement\lostAndFoundApplication\src\test\resources
2025-09-18 20:44:43,660 [Worker-52: Building] INFO  o.a.m.s.f.DefaultMavenResourcesFiltering - Copying 1 resource from src\main\resources to target\classes
2025-09-18 20:44:43,669 [Worker-52: Building] INFO  o.a.m.s.f.DefaultMavenResourcesFiltering - Copying 0 resource from src\main\resources to target\classes
2025-09-18 20:44:43,672 [Worker-52: Building] INFO  o.a.m.s.f.DefaultMavenResourcesFiltering - skip non existing resourceDirectory S:\InfosysProject\CampusManagement\lostAndFoundApplication\src\test\resources
2025-09-18 20:57:56,162 [Worker-52: Building] INFO  o.a.m.s.f.DefaultMavenResourcesFiltering - Copying 1 resource from src\main\resources to target\classes
2025-09-18 20:57:56,205 [Worker-52: Building] INFO  o.a.m.s.f.DefaultMavenResourcesFiltering - Copying 0 resource from src\main\resources to target\classes
2025-09-18 20:57:56,209 [Worker-52: Building] INFO  o.a.m.s.f.DefaultMavenResourcesFiltering - skip non existing resourceDirectory S:\InfosysProject\CampusManagement\lostAndFoundApplication\src\test\resources
2025-09-20 20:03:42,741 [Worker-0: Loading available Gradle versions] INFO  o.e.b.c.i.u.g.PublishedGradleVersions - Gradle version information cache is out-of-date. Trying to update.
2025-09-20 20:06:07,991 [Worker-10: Building] INFO  o.a.m.s.f.DefaultMavenResourcesFiltering - Copying 1 resource from src\main\resources to target\classes
2025-09-20 20:06:08,026 [Worker-10: Building] INFO  o.a.m.s.f.DefaultMavenResourcesFiltering - Copying 0 resource from src\main\resources to target\classes
2025-09-20 20:06:08,032 [Worker-10: Building] INFO  o.a.m.s.f.DefaultMavenResourcesFiltering - skip non existing resourceDirectory S:\InfosysProject\CampusManagement\lostAndFoundApplication\src\test\resources
2025-09-20 20:10:49,286 [Worker-28: Building] INFO  o.a.m.s.f.DefaultMavenResourcesFiltering - Copying 1 resource from src\main\resources to target\classes
2025-09-20 20:10:49,292 [Worker-28: Building] INFO  o.a.m.s.f.DefaultMavenResourcesFiltering - Copying 0 resource from src\main\resources to target\classes
2025-09-20 20:10:49,296 [Worker-28: Building] INFO  o.a.m.s.f.DefaultMavenResourcesFiltering - skip non existing resourceDirectory S:\InfosysProject\CampusManagement\lostAndFoundApplication\src\test\resources
2025-09-20 20:12:56,307 [Worker-34: Building] INFO  o.a.m.s.f.DefaultMavenResourcesFiltering - Copying 1 resource from src\main\resources to target\classes
2025-09-20 20:12:56,314 [Worker-34: Building] INFO  o.a.m.s.f.DefaultMavenResourcesFiltering - Copying 0 resource from src\main\resources to target\classes
2025-09-20 20:12:56,319 [Worker-34: Building] INFO  o.a.m.s.f.DefaultMavenResourcesFiltering - skip non existing resourceDirectory S:\InfosysProject\CampusManagement\lostAndFoundApplication\src\test\resources
2025-09-20 20:13:34,980 [Worker-34: Building] INFO  o.a.m.s.f.DefaultMavenResourcesFiltering - Copying 1 resource from src\main\resources to target\classes
2025-09-20 20:13:34,985 [Worker-34: Building] INFO  o.a.m.s.f.DefaultMavenResourcesFiltering - Copying 0 resource from src\main\resources to target\classes
2025-09-20 20:13:34,989 [Worker-34: Building] INFO  o.a.m.s.f.DefaultMavenResourcesFiltering - skip non existing resourceDirectory S:\InfosysProject\CampusManagement\lostAndFoundApplication\src\test\resources
2025-09-20 20:14:21,797 [Worker-35: Building] INFO  o.a.m.s.f.DefaultMavenResourcesFiltering - Copying 1 resource from src\main\resources to target\classes
2025-09-20 20:14:21,803 [Worker-35: Building] INFO  o.a.m.s.f.DefaultMavenResourcesFiltering - Copying 0 resource from src\main\resources to target\classes
2025-09-20 20:14:21,806 [Worker-35: Building] INFO  o.a.m.s.f.DefaultMavenResourcesFiltering - skip non existing resourceDirectory S:\InfosysProject\CampusManagement\lostAndFoundApplication\src\test\resources
2025-09-20 20:20:53,725 [Worker-40: Building] INFO  o.a.m.s.f.DefaultMavenResourcesFiltering - Copying 1 resource from src\main\resources to target\classes
2025-09-20 20:20:53,735 [Worker-40: Building] INFO  o.a.m.s.f.DefaultMavenResourcesFiltering - Copying 0 resource from src\main\resources to target\classes
2025-09-20 20:20:53,741 [Worker-40: Building] INFO  o.a.m.s.f.DefaultMavenResourcesFiltering - skip non existing resourceDirectory S:\InfosysProject\CampusManagement\lostAndFoundApplication\src\test\resources
2025-09-20 20:22:08,176 [Worker-37: Building] INFO  o.a.m.s.f.DefaultMavenResourcesFiltering - Copying 1 resource from src\main\resources to target\classes
2025-09-20 20:22:08,182 [Worker-37: Building] INFO  o.a.m.s.f.DefaultMavenResourcesFiltering - Copying 0 resource from src\main\resources to target\classes
2025-09-20 20:22:08,186 [Worker-37: Building] INFO  o.a.m.s.f.DefaultMavenResourcesFiltering - skip non existing resourceDirectory S:\InfosysProject\CampusManagement\lostAndFoundApplication\src\test\resources
2025-09-20 20:22:50,615 [Worker-39: Building] INFO  o.a.m.s.f.DefaultMavenResourcesFiltering - Copying 1 resource from src\main\resources to target\classes
2025-09-20 20:22:50,621 [Worker-39: Building] INFO  o.a.m.s.f.DefaultMavenResourcesFiltering - Copying 0 resource from src\main\resources to target\classes
2025-09-20 20:22:50,623 [Worker-39: Building] INFO  o.a.m.s.f.DefaultMavenResourcesFiltering - skip non existing resourceDirectory S:\InfosysProject\CampusManagement\lostAndFoundApplication\src\test\resources
2025-09-20 20:24:20,194 [Worker-37: Building] INFO  o.a.m.s.f.DefaultMavenResourcesFiltering - Copying 1 resource from src\main\resources to target\classes
2025-09-20 20:24:20,202 [Worker-37: Building] INFO  o.a.m.s.f.DefaultMavenResourcesFiltering - Copying 0 resource from src\main\resources to target\classes
2025-09-20 20:24:20,205 [Worker-37: Building] INFO  o.a.m.s.f.DefaultMavenResourcesFiltering - skip non existing resourceDirectory S:\InfosysProject\CampusManagement\lostAndFoundApplication\src\test\resources
2025-09-20 20:31:40,783 [Worker-42: Updating Maven Project] INFO  o.e.m.c.i.p.ProjectConfigurationManager - Update started
2025-09-20 20:31:42,063 [Worker-42: Updating Maven Project] INFO  o.e.m.c.i.l.LifecycleMappingFactory - Using org.eclipse.m2e.jdt.JarLifecycleMapping lifecycle mapping for MavenProject: edu.infosys:lostAndFoundApplication:0.0.1-SNAPSHOT @ S:\InfosysProject\CampusManagement\lostAndFoundApplication\pom.xml.
2025-09-20 20:31:43,193 [Worker-42: Updating Maven Project] INFO  o.e.m.j.i.AbstractJavaProjectConfigurator - Adding source folder /lostAndFoundApplication/src/main/java
2025-09-20 20:31:43,196 [Worker-42: Updating Maven Project] INFO  o.e.m.j.i.AbstractJavaProjectConfigurator - Adding resource folder /lostAndFoundApplication/src/main/resources
2025-09-20 20:31:43,197 [Worker-42: Updating Maven Project] INFO  o.e.m.j.i.AbstractJavaProjectConfigurator - Adding resource folder /lostAndFoundApplication/src/main/resources
2025-09-20 20:31:43,198 [Worker-42: Updating Maven Project] INFO  o.e.m.j.i.AbstractJavaProjectConfigurator - Adding source folder /lostAndFoundApplication/src/test/java
2025-09-20 20:31:43,199 [Worker-42: Updating Maven Project] INFO  o.e.m.j.i.AbstractJavaProjectConfigurator - Adding resource folder /lostAndFoundApplication/src/test/resources
2025-09-20 20:31:43,625 [Worker-42: Updating Maven Project] INFO  o.e.m.c.i.p.ProjectConfigurationManager - Update completed for 1 poms: local refresh takes 0.00 sec, refresh facades takes 2.00 sec, update config takes 0.00 sec 
2025-09-20 20:31:44,334 [Worker-44: Building] INFO  o.a.m.s.f.DefaultMavenResourcesFiltering - Copying 1 resource from src\main\resources to target\classes
2025-09-20 20:31:44,359 [Worker-44: Building] INFO  o.a.m.s.f.DefaultMavenResourcesFiltering - Copying 0 resource from src\main\resources to target\classes
2025-09-20 20:31:44,365 [Worker-44: Building] INFO  o.a.m.s.f.DefaultMavenResourcesFiltering - skip non existing resourceDirectory S:\InfosysProject\CampusManagement\lostAndFoundApplication\src\test\resources
2025-09-20 20:31:55,770 [main] INFO  o.e.m2e.actions.ExecutePomAction - Creating new launch configuration
2025-09-20 20:32:05,825 [Worker-37: Launching lostAndFoundApplication (1)] INFO  o.eclipse.m2e.core.internal.Bundles - getClasspathEntries(Bundle=org.eclipse.m2e.maven.runtime_3.9.900.20240824-1409 [640])
2025-09-20 20:32:05,828 [Worker-37: Launching lostAndFoundApplication (1)] INFO  o.eclipse.m2e.core.internal.Bundles - 	Entry: C:\Users\Dhaswan\.p2\pool\plugins\org.eclipse.m2e.maven.runtime_3.9.900.20240824-1409
2025-09-20 20:32:05,828 [Worker-37: Launching lostAndFoundApplication (1)] INFO  o.eclipse.m2e.core.internal.Bundles - 	Entry: C:\Users\Dhaswan\.p2\pool\plugins\org.eclipse.m2e.maven.runtime_3.9.900.20240824-1409\jars\aopalliance-1.0.jar
2025-09-20 20:32:05,829 [Worker-37: Launching lostAndFoundApplication (1)] INFO  o.eclipse.m2e.core.internal.Bundles - 	Entry: C:\Users\Dhaswan\.p2\pool\plugins\org.eclipse.m2e.maven.runtime_3.9.900.20240824-1409\jars\guice-5.1.0.jar
2025-09-20 20:32:05,829 [Worker-37: Launching lostAndFoundApplication (1)] INFO  o.eclipse.m2e.core.internal.Bundles - 	Entry: C:\Users\Dhaswan\.p2\pool\plugins\org.eclipse.m2e.maven.runtime_3.9.900.20240824-1409\jars\httpclient-4.5.14.jar
2025-09-20 20:32:05,829 [Worker-37: Launching lostAndFoundApplication (1)] INFO  o.eclipse.m2e.core.internal.Bundles - 	Entry: C:\Users\Dhaswan\.p2\pool\plugins\org.eclipse.m2e.maven.runtime_3.9.900.20240824-1409\jars\httpcore-4.4.16.jar
2025-09-20 20:32:05,829 [Worker-37: Launching lostAndFoundApplication (1)] INFO  o.eclipse.m2e.core.internal.Bundles - 	Entry: C:\Users\Dhaswan\.p2\pool\plugins\org.eclipse.m2e.maven.runtime_3.9.900.20240824-1409\jars\jansi-2.4.1.jar
2025-09-20 20:32:05,829 [Worker-37: Launching lostAndFoundApplication (1)] INFO  o.eclipse.m2e.core.internal.Bundles - 	Entry: C:\Users\Dhaswan\.p2\pool\plugins\org.eclipse.m2e.maven.runtime_3.9.900.20240824-1409\jars\jcl-over-slf4j-1.7.36.jar
2025-09-20 20:32:05,829 [Worker-37: Launching lostAndFoundApplication (1)] INFO  o.eclipse.m2e.core.internal.Bundles - 	Entry: C:\Users\Dhaswan\.p2\pool\plugins\org.eclipse.m2e.maven.runtime_3.9.900.20240824-1409\jars\maven-artifact-3.9.9.jar
2025-09-20 20:32:05,829 [Worker-37: Launching lostAndFoundApplication (1)] INFO  o.eclipse.m2e.core.internal.Bundles - 	Entry: C:\Users\Dhaswan\.p2\pool\plugins\org.eclipse.m2e.maven.runtime_3.9.900.20240824-1409\jars\maven-builder-support-3.9.9.jar
2025-09-20 20:32:05,830 [Worker-37: Launching lostAndFoundApplication (1)] INFO  o.eclipse.m2e.core.internal.Bundles - 	Entry: C:\Users\Dhaswan\.p2\pool\plugins\org.eclipse.m2e.maven.runtime_3.9.900.20240824-1409\jars\maven-compat-3.9.9.jar
2025-09-20 20:32:05,830 [Worker-37: Launching lostAndFoundApplication (1)] INFO  o.eclipse.m2e.core.internal.Bundles - 	Entry: C:\Users\Dhaswan\.p2\pool\plugins\org.eclipse.m2e.maven.runtime_3.9.900.20240824-1409\jars\maven-core-3.9.9.jar
2025-09-20 20:32:05,830 [Worker-37: Launching lostAndFoundApplication (1)] INFO  o.eclipse.m2e.core.internal.Bundles - 	Entry: C:\Users\Dhaswan\.p2\pool\plugins\org.eclipse.m2e.maven.runtime_3.9.900.20240824-1409\jars\maven-embedder-3.9.9.jar
2025-09-20 20:32:05,830 [Worker-37: Launching lostAndFoundApplication (1)] INFO  o.eclipse.m2e.core.internal.Bundles - 	Entry: C:\Users\Dhaswan\.p2\pool\plugins\org.eclipse.m2e.maven.runtime_3.9.900.20240824-1409\jars\maven-model-3.9.9.jar
2025-09-20 20:32:05,830 [Worker-37: Launching lostAndFoundApplication (1)] INFO  o.eclipse.m2e.core.internal.Bundles - 	Entry: C:\Users\Dhaswan\.p2\pool\plugins\org.eclipse.m2e.maven.runtime_3.9.900.20240824-1409\jars\maven-model-builder-3.9.9.jar
2025-09-20 20:32:05,831 [Worker-37: Launching lostAndFoundApplication (1)] INFO  o.eclipse.m2e.core.internal.Bundles - 	Entry: C:\Users\Dhaswan\.p2\pool\plugins\org.eclipse.m2e.maven.runtime_3.9.900.20240824-1409\jars\maven-plugin-api-3.9.9.jar
2025-09-20 20:32:05,831 [Worker-37: Launching lostAndFoundApplication (1)] INFO  o.eclipse.m2e.core.internal.Bundles - 	Entry: C:\Users\Dhaswan\.p2\pool\plugins\org.eclipse.m2e.maven.runtime_3.9.900.20240824-1409\jars\maven-repository-metadata-3.9.9.jar
2025-09-20 20:32:05,831 [Worker-37: Launching lostAndFoundApplication (1)] INFO  o.eclipse.m2e.core.internal.Bundles - 	Entry: C:\Users\Dhaswan\.p2\pool\plugins\org.eclipse.m2e.maven.runtime_3.9.900.20240824-1409\jars\maven-resolver-api-1.9.22.jar
2025-09-20 20:32:05,831 [Worker-37: Launching lostAndFoundApplication (1)] INFO  o.eclipse.m2e.core.internal.Bundles - 	Entry: C:\Users\Dhaswan\.p2\pool\plugins\org.eclipse.m2e.maven.runtime_3.9.900.20240824-1409\jars\maven-resolver-connector-basic-1.9.22.jar
2025-09-20 20:32:05,831 [Worker-37: Launching lostAndFoundApplication (1)] INFO  o.eclipse.m2e.core.internal.Bundles - 	Entry: C:\Users\Dhaswan\.p2\pool\plugins\org.eclipse.m2e.maven.runtime_3.9.900.20240824-1409\jars\maven-resolver-impl-1.9.22.jar
2025-09-20 20:32:05,832 [Worker-37: Launching lostAndFoundApplication (1)] INFO  o.eclipse.m2e.core.internal.Bundles - 	Entry: C:\Users\Dhaswan\.p2\pool\plugins\org.eclipse.m2e.maven.runtime_3.9.900.20240824-1409\jars\maven-resolver-named-locks-1.9.22.jar
2025-09-20 20:32:05,832 [Worker-37: Launching lostAndFoundApplication (1)] INFO  o.eclipse.m2e.core.internal.Bundles - 	Entry: C:\Users\Dhaswan\.p2\pool\plugins\org.eclipse.m2e.maven.runtime_3.9.900.20240824-1409\jars\maven-resolver-provider-3.9.9.jar
2025-09-20 20:32:05,832 [Worker-37: Launching lostAndFoundApplication (1)] INFO  o.eclipse.m2e.core.internal.Bundles - 	Entry: C:\Users\Dhaswan\.p2\pool\plugins\org.eclipse.m2e.maven.runtime_3.9.900.20240824-1409\jars\maven-resolver-spi-1.9.22.jar
2025-09-20 20:32:05,832 [Worker-37: Launching lostAndFoundApplication (1)] INFO  o.eclipse.m2e.core.internal.Bundles - 	Entry: C:\Users\Dhaswan\.p2\pool\plugins\org.eclipse.m2e.maven.runtime_3.9.900.20240824-1409\jars\maven-resolver-transport-file-1.9.22.jar
2025-09-20 20:32:05,832 [Worker-37: Launching lostAndFoundApplication (1)] INFO  o.eclipse.m2e.core.internal.Bundles - 	Entry: C:\Users\Dhaswan\.p2\pool\plugins\org.eclipse.m2e.maven.runtime_3.9.900.20240824-1409\jars\maven-resolver-transport-http-1.9.22.jar
2025-09-20 20:32:05,832 [Worker-37: Launching lostAndFoundApplication (1)] INFO  o.eclipse.m2e.core.internal.Bundles - 	Entry: C:\Users\Dhaswan\.p2\pool\plugins\org.eclipse.m2e.maven.runtime_3.9.900.20240824-1409\jars\maven-resolver-transport-wagon-1.9.22.jar
2025-09-20 20:32:05,833 [Worker-37: Launching lostAndFoundApplication (1)] INFO  o.eclipse.m2e.core.internal.Bundles - 	Entry: C:\Users\Dhaswan\.p2\pool\plugins\org.eclipse.m2e.maven.runtime_3.9.900.20240824-1409\jars\maven-resolver-util-1.9.22.jar
2025-09-20 20:32:05,833 [Worker-37: Launching lostAndFoundApplication (1)] INFO  o.eclipse.m2e.core.internal.Bundles - 	Entry: C:\Users\Dhaswan\.p2\pool\plugins\org.eclipse.m2e.maven.runtime_3.9.900.20240824-1409\jars\maven-settings-3.9.9.jar
2025-09-20 20:32:05,833 [Worker-37: Launching lostAndFoundApplication (1)] INFO  o.eclipse.m2e.core.internal.Bundles - 	Entry: C:\Users\Dhaswan\.p2\pool\plugins\org.eclipse.m2e.maven.runtime_3.9.900.20240824-1409\jars\maven-settings-builder-3.9.9.jar
2025-09-20 20:32:05,833 [Worker-37: Launching lostAndFoundApplication (1)] INFO  o.eclipse.m2e.core.internal.Bundles - 	Entry: C:\Users\Dhaswan\.p2\pool\plugins\org.eclipse.m2e.maven.runtime_3.9.900.20240824-1409\jars\maven-shared-utils-3.4.2.jar
2025-09-20 20:32:05,833 [Worker-37: Launching lostAndFoundApplication (1)] INFO  o.eclipse.m2e.core.internal.Bundles - 	Entry: C:\Users\Dhaswan\.p2\pool\plugins\org.eclipse.m2e.maven.runtime_3.9.900.20240824-1409\jars\org.eclipse.sisu.inject-0.9.0.M3.jar
2025-09-20 20:32:05,833 [Worker-37: Launching lostAndFoundApplication (1)] INFO  o.eclipse.m2e.core.internal.Bundles - 	Entry: C:\Users\Dhaswan\.p2\pool\plugins\org.eclipse.m2e.maven.runtime_3.9.900.20240824-1409\jars\org.eclipse.sisu.plexus-0.9.0.M3.jar
2025-09-20 20:32:05,833 [Worker-37: Launching lostAndFoundApplication (1)] INFO  o.eclipse.m2e.core.internal.Bundles - 	Entry: C:\Users\Dhaswan\.p2\pool\plugins\org.eclipse.m2e.maven.runtime_3.9.900.20240824-1409\jars\plexus-build-api-0.0.7.jar
2025-09-20 20:32:05,833 [Worker-37: Launching lostAndFoundApplication (1)] INFO  o.eclipse.m2e.core.internal.Bundles - 	Entry: C:\Users\Dhaswan\.p2\pool\plugins\org.eclipse.m2e.maven.runtime_3.9.900.20240824-1409\jars\plexus-build-api-1.2.0.jar
2025-09-20 20:32:05,833 [Worker-37: Launching lostAndFoundApplication (1)] INFO  o.eclipse.m2e.core.internal.Bundles - 	Entry: C:\Users\Dhaswan\.p2\pool\plugins\org.eclipse.m2e.maven.runtime_3.9.900.20240824-1409\jars\plexus-cipher-2.0.jar
2025-09-20 20:32:05,835 [Worker-37: Launching lostAndFoundApplication (1)] INFO  o.eclipse.m2e.core.internal.Bundles - 	Entry: C:\Users\Dhaswan\.p2\pool\plugins\org.eclipse.m2e.maven.runtime_3.9.900.20240824-1409\jars\plexus-classworlds-2.8.0.jar
2025-09-20 20:32:05,835 [Worker-37: Launching lostAndFoundApplication (1)] INFO  o.eclipse.m2e.core.internal.Bundles - 	Entry: C:\Users\Dhaswan\.p2\pool\plugins\org.eclipse.m2e.maven.runtime_3.9.900.20240824-1409\jars\plexus-component-annotations-2.1.0.jar
2025-09-20 20:32:05,835 [Worker-37: Launching lostAndFoundApplication (1)] INFO  o.eclipse.m2e.core.internal.Bundles - 	Entry: C:\Users\Dhaswan\.p2\pool\plugins\org.eclipse.m2e.maven.runtime_3.9.900.20240824-1409\jars\plexus-interpolation-1.27.jar
2025-09-20 20:32:05,836 [Worker-37: Launching lostAndFoundApplication (1)] INFO  o.eclipse.m2e.core.internal.Bundles - 	Entry: C:\Users\Dhaswan\.p2\pool\plugins\org.eclipse.m2e.maven.runtime_3.9.900.20240824-1409\jars\plexus-sec-dispatcher-2.0.jar
2025-09-20 20:32:05,836 [Worker-37: Launching lostAndFoundApplication (1)] INFO  o.eclipse.m2e.core.internal.Bundles - 	Entry: C:\Users\Dhaswan\.p2\pool\plugins\org.eclipse.m2e.maven.runtime_3.9.900.20240824-1409\jars\plexus-utils-3.5.1.jar
2025-09-20 20:32:05,836 [Worker-37: Launching lostAndFoundApplication (1)] INFO  o.eclipse.m2e.core.internal.Bundles - 	Entry: C:\Users\Dhaswan\.p2\pool\plugins\org.eclipse.m2e.maven.runtime_3.9.900.20240824-1409\jars\plexus-xml-3.0.1.jar
2025-09-20 20:32:05,836 [Worker-37: Launching lostAndFoundApplication (1)] INFO  o.eclipse.m2e.core.internal.Bundles - 	Entry: C:\Users\Dhaswan\.p2\pool\plugins\org.eclipse.m2e.maven.runtime_3.9.900.20240824-1409\jars\wagon-file-3.5.3.jar
2025-09-20 20:32:05,836 [Worker-37: Launching lostAndFoundApplication (1)] INFO  o.eclipse.m2e.core.internal.Bundles - 	Entry: C:\Users\Dhaswan\.p2\pool\plugins\org.eclipse.m2e.maven.runtime_3.9.900.20240824-1409\jars\wagon-http-3.5.3.jar
2025-09-20 20:32:05,836 [Worker-37: Launching lostAndFoundApplication (1)] INFO  o.eclipse.m2e.core.internal.Bundles - 	Entry: C:\Users\Dhaswan\.p2\pool\plugins\org.eclipse.m2e.maven.runtime_3.9.900.20240824-1409\jars\wagon-http-shared-3.5.3.jar
2025-09-20 20:32:05,836 [Worker-37: Launching lostAndFoundApplication (1)] INFO  o.eclipse.m2e.core.internal.Bundles - 	Entry: C:\Users\Dhaswan\.p2\pool\plugins\org.eclipse.m2e.maven.runtime_3.9.900.20240824-1409\jars\wagon-provider-api-3.5.3.jar
2025-09-20 20:32:05,837 [Worker-37: Launching lostAndFoundApplication (1)] INFO  o.eclipse.m2e.core.internal.Bundles - getClasspathEntries(Bundle=com.google.guava_33.4.8.jre [1028])
2025-09-20 20:32:05,838 [Worker-37: Launching lostAndFoundApplication (1)] INFO  o.eclipse.m2e.core.internal.Bundles - 	Entry: C:\Users\Dhaswan\.p2\pool\plugins\com.google.guava_33.4.8.jre.jar
2025-09-20 20:32:05,838 [Worker-37: Launching lostAndFoundApplication (1)] INFO  o.eclipse.m2e.core.internal.Bundles - getClasspathEntries(Bundle=slf4j.api_2.0.17 [1112])
2025-09-20 20:32:05,838 [Worker-37: Launching lostAndFoundApplication (1)] INFO  o.eclipse.m2e.core.internal.Bundles - 	Entry: C:\Users\Dhaswan\.p2\pool\plugins\slf4j.api_2.0.17.jar
2025-09-20 20:32:05,838 [Worker-37: Launching lostAndFoundApplication (1)] INFO  o.eclipse.m2e.core.internal.Bundles - getClasspathEntries(Bundle=jakarta.inject.jakarta.inject-api_1.0.5 [34])
2025-09-20 20:32:05,839 [Worker-37: Launching lostAndFoundApplication (1)] INFO  o.eclipse.m2e.core.internal.Bundles - 	Entry: C:\Users\Dhaswan\.p2\pool\plugins\jakarta.inject.jakarta.inject-api_1.0.5.jar
2025-09-20 20:32:05,839 [Worker-37: Launching lostAndFoundApplication (1)] INFO  o.eclipse.m2e.core.internal.Bundles - getClasspathEntries(Bundle=jakarta.annotation-api_1.3.5 [29])
2025-09-20 20:32:05,839 [Worker-37: Launching lostAndFoundApplication (1)] INFO  o.eclipse.m2e.core.internal.Bundles - 	Entry: C:\Users\Dhaswan\.p2\pool\plugins\jakarta.annotation-api_1.3.5.jar
2025-09-20 20:32:05,839 [Worker-37: Launching lostAndFoundApplication (1)] INFO  o.eclipse.m2e.core.internal.Bundles - getClasspathEntries(Bundle=org.apache.commons.cli_1.9.0 [78])
2025-09-20 20:32:05,839 [Worker-37: Launching lostAndFoundApplication (1)] INFO  o.eclipse.m2e.core.internal.Bundles - 	Entry: C:\Users\Dhaswan\.p2\pool\plugins\org.apache.commons.cli_1.9.0.jar
2025-09-20 20:32:05,839 [Worker-37: Launching lostAndFoundApplication (1)] INFO  o.eclipse.m2e.core.internal.Bundles - getClasspathEntries(Bundle=org.apache.commons.commons-codec_1.16.0 [81])
2025-09-20 20:32:05,840 [Worker-37: Launching lostAndFoundApplication (1)] INFO  o.eclipse.m2e.core.internal.Bundles - 	Entry: C:\Users\Dhaswan\.p2\pool\plugins\org.apache.commons.commons-codec_1.16.0.jar
2025-09-20 20:32:05,840 [Worker-37: Launching lostAndFoundApplication (1)] INFO  o.eclipse.m2e.core.internal.Bundles - getClasspathEntries(Bundle=com.google.guava.failureaccess_1.0.3 [1029])
2025-09-20 20:32:05,841 [Worker-37: Launching lostAndFoundApplication (1)] INFO  o.eclipse.m2e.core.internal.Bundles - 	Entry: C:\Users\Dhaswan\.p2\pool\plugins\com.google.guava.failureaccess_1.0.3.jar
2025-09-20 20:32:05,845 [Worker-37: Launching lostAndFoundApplication (1)] INFO  o.e.m.i.launch.MavenLaunchDelegate - Run build in "S:\InfosysProject\CampusManagement\lostAndFoundApplication":
2025-09-20 20:32:05,849 [Worker-37: Launching lostAndFoundApplication (1)] INFO  o.e.m.i.launch.MavenLaunchDelegate -  mvn  -Ppom.xml -B -Dstyle.color=always clean install
2025-09-20 20:36:25,526 [Worker-46: Building] INFO  o.a.m.s.f.DefaultMavenResourcesFiltering - Copying 1 resource from src\main\resources to target\classes
2025-09-20 20:36:25,531 [Worker-46: Building] INFO  o.a.m.s.f.DefaultMavenResourcesFiltering - Copying 0 resource from src\main\resources to target\classes
2025-09-20 20:36:25,535 [Worker-46: Building] INFO  o.a.m.s.f.DefaultMavenResourcesFiltering - skip non existing resourceDirectory S:\InfosysProject\CampusManagement\lostAndFoundApplication\src\test\resources
2025-09-20 20:36:44,143 [Worker-42: Building] INFO  o.a.m.s.f.DefaultMavenResourcesFiltering - Copying 1 resource from src\main\resources to target\classes
2025-09-20 20:36:44,145 [Worker-42: Building] INFO  o.a.m.s.f.DefaultMavenResourcesFiltering - Copying 0 resource from src\main\resources to target\classes
2025-09-20 20:36:44,148 [Worker-42: Building] INFO  o.a.m.s.f.DefaultMavenResourcesFiltering - skip non existing resourceDirectory S:\InfosysProject\CampusManagement\lostAndFoundApplication\src\test\resources
2025-09-20 20:36:48,823 [Worker-42: Updating Maven Project] INFO  o.e.m.c.i.p.ProjectConfigurationManager - Update started
2025-09-20 20:36:49,421 [Worker-42: Updating Maven Project] INFO  o.e.m.c.i.l.LifecycleMappingFactory - Using org.eclipse.m2e.jdt.JarLifecycleMapping lifecycle mapping for MavenProject: edu.infosys:lostAndFoundApplication:0.0.1-SNAPSHOT @ S:\InfosysProject\CampusManagement\lostAndFoundApplication\pom.xml.
2025-09-20 20:36:50,156 [Worker-42: Updating Maven Project] INFO  o.e.m.j.i.AbstractJavaProjectConfigurator - Adding source folder /lostAndFoundApplication/src/main/java
2025-09-20 20:36:50,157 [Worker-42: Updating Maven Project] INFO  o.e.m.j.i.AbstractJavaProjectConfigurator - Adding resource folder /lostAndFoundApplication/src/main/resources
2025-09-20 20:36:50,158 [Worker-42: Updating Maven Project] INFO  o.e.m.j.i.AbstractJavaProjectConfigurator - Adding resource folder /lostAndFoundApplication/src/main/resources
2025-09-20 20:36:50,158 [Worker-42: Updating Maven Project] INFO  o.e.m.j.i.AbstractJavaProjectConfigurator - Adding source folder /lostAndFoundApplication/src/test/java
2025-09-20 20:36:50,159 [Worker-42: Updating Maven Project] INFO  o.e.m.j.i.AbstractJavaProjectConfigurator - Adding resource folder /lostAndFoundApplication/src/test/resources
2025-09-20 20:36:50,413 [Worker-42: Updating Maven Project] INFO  o.e.m.c.i.p.ProjectConfigurationManager - Update completed for 1 poms: local refresh takes 0.00 sec, refresh facades takes 1.00 sec, update config takes 0.00 sec 
2025-09-20 20:36:50,967 [Worker-44: Building] INFO  o.a.m.s.f.DefaultMavenResourcesFiltering - Copying 1 resource from src\main\resources to target\classes
2025-09-20 20:36:50,980 [Worker-44: Building] INFO  o.a.m.s.f.DefaultMavenResourcesFiltering - Copying 0 resource from src\main\resources to target\classes
2025-09-20 20:36:50,986 [Worker-44: Building] INFO  o.a.m.s.f.DefaultMavenResourcesFiltering - skip non existing resourceDirectory S:\InfosysProject\CampusManagement\lostAndFoundApplication\src\test\resources
2025-09-20 20:37:39,461 [main] INFO  o.e.m2e.actions.ExecutePomAction - Creating new launch configuration
2025-09-20 20:37:51,954 [Worker-42: Launching lostAndFoundApplication (2)] INFO  o.eclipse.m2e.core.internal.Bundles - getClasspathEntries(Bundle=org.eclipse.m2e.maven.runtime_3.9.900.20240824-1409 [640])
2025-09-20 20:37:51,954 [Worker-42: Launching lostAndFoundApplication (2)] INFO  o.eclipse.m2e.core.internal.Bundles - 	Entry: C:\Users\Dhaswan\.p2\pool\plugins\org.eclipse.m2e.maven.runtime_3.9.900.20240824-1409
2025-09-20 20:37:51,955 [Worker-42: Launching lostAndFoundApplication (2)] INFO  o.eclipse.m2e.core.internal.Bundles - 	Entry: C:\Users\Dhaswan\.p2\pool\plugins\org.eclipse.m2e.maven.runtime_3.9.900.20240824-1409\jars\aopalliance-1.0.jar
2025-09-20 20:37:51,955 [Worker-42: Launching lostAndFoundApplication (2)] INFO  o.eclipse.m2e.core.internal.Bundles - 	Entry: C:\Users\Dhaswan\.p2\pool\plugins\org.eclipse.m2e.maven.runtime_3.9.900.20240824-1409\jars\guice-5.1.0.jar
2025-09-20 20:37:51,955 [Worker-42: Launching lostAndFoundApplication (2)] INFO  o.eclipse.m2e.core.internal.Bundles - 	Entry: C:\Users\Dhaswan\.p2\pool\plugins\org.eclipse.m2e.maven.runtime_3.9.900.20240824-1409\jars\httpclient-4.5.14.jar
2025-09-20 20:37:51,955 [Worker-42: Launching lostAndFoundApplication (2)] INFO  o.eclipse.m2e.core.internal.Bundles - 	Entry: C:\Users\Dhaswan\.p2\pool\plugins\org.eclipse.m2e.maven.runtime_3.9.900.20240824-1409\jars\httpcore-4.4.16.jar
2025-09-20 20:37:51,955 [Worker-42: Launching lostAndFoundApplication (2)] INFO  o.eclipse.m2e.core.internal.Bundles - 	Entry: C:\Users\Dhaswan\.p2\pool\plugins\org.eclipse.m2e.maven.runtime_3.9.900.20240824-1409\jars\jansi-2.4.1.jar
2025-09-20 20:37:51,955 [Worker-42: Launching lostAndFoundApplication (2)] INFO  o.eclipse.m2e.core.internal.Bundles - 	Entry: C:\Users\Dhaswan\.p2\pool\plugins\org.eclipse.m2e.maven.runtime_3.9.900.20240824-1409\jars\jcl-over-slf4j-1.7.36.jar
2025-09-20 20:37:51,955 [Worker-42: Launching lostAndFoundApplication (2)] INFO  o.eclipse.m2e.core.internal.Bundles - 	Entry: C:\Users\Dhaswan\.p2\pool\plugins\org.eclipse.m2e.maven.runtime_3.9.900.20240824-1409\jars\maven-artifact-3.9.9.jar
2025-09-20 20:37:51,956 [Worker-42: Launching lostAndFoundApplication (2)] INFO  o.eclipse.m2e.core.internal.Bundles - 	Entry: C:\Users\Dhaswan\.p2\pool\plugins\org.eclipse.m2e.maven.runtime_3.9.900.20240824-1409\jars\maven-builder-support-3.9.9.jar
2025-09-20 20:37:51,956 [Worker-42: Launching lostAndFoundApplication (2)] INFO  o.eclipse.m2e.core.internal.Bundles - 	Entry: C:\Users\Dhaswan\.p2\pool\plugins\org.eclipse.m2e.maven.runtime_3.9.900.20240824-1409\jars\maven-compat-3.9.9.jar
2025-09-20 20:37:51,956 [Worker-42: Launching lostAndFoundApplication (2)] INFO  o.eclipse.m2e.core.internal.Bundles - 	Entry: C:\Users\Dhaswan\.p2\pool\plugins\org.eclipse.m2e.maven.runtime_3.9.900.20240824-1409\jars\maven-core-3.9.9.jar
2025-09-20 20:37:51,957 [Worker-42: Launching lostAndFoundApplication (2)] INFO  o.eclipse.m2e.core.internal.Bundles - 	Entry: C:\Users\Dhaswan\.p2\pool\plugins\org.eclipse.m2e.maven.runtime_3.9.900.20240824-1409\jars\maven-embedder-3.9.9.jar
2025-09-20 20:37:51,957 [Worker-42: Launching lostAndFoundApplication (2)] INFO  o.eclipse.m2e.core.internal.Bundles - 	Entry: C:\Users\Dhaswan\.p2\pool\plugins\org.eclipse.m2e.maven.runtime_3.9.900.20240824-1409\jars\maven-model-3.9.9.jar
2025-09-20 20:37:51,957 [Worker-42: Launching lostAndFoundApplication (2)] INFO  o.eclipse.m2e.core.internal.Bundles - 	Entry: C:\Users\Dhaswan\.p2\pool\plugins\org.eclipse.m2e.maven.runtime_3.9.900.20240824-1409\jars\maven-model-builder-3.9.9.jar
2025-09-20 20:37:51,957 [Worker-42: Launching lostAndFoundApplication (2)] INFO  o.eclipse.m2e.core.internal.Bundles - 	Entry: C:\Users\Dhaswan\.p2\pool\plugins\org.eclipse.m2e.maven.runtime_3.9.900.20240824-1409\jars\maven-plugin-api-3.9.9.jar
2025-09-20 20:37:51,957 [Worker-42: Launching lostAndFoundApplication (2)] INFO  o.eclipse.m2e.core.internal.Bundles - 	Entry: C:\Users\Dhaswan\.p2\pool\plugins\org.eclipse.m2e.maven.runtime_3.9.900.20240824-1409\jars\maven-repository-metadata-3.9.9.jar
2025-09-20 20:37:51,957 [Worker-42: Launching lostAndFoundApplication (2)] INFO  o.eclipse.m2e.core.internal.Bundles - 	Entry: C:\Users\Dhaswan\.p2\pool\plugins\org.eclipse.m2e.maven.runtime_3.9.900.20240824-1409\jars\maven-resolver-api-1.9.22.jar
2025-09-20 20:37:51,957 [Worker-42: Launching lostAndFoundApplication (2)] INFO  o.eclipse.m2e.core.internal.Bundles - 	Entry: C:\Users\Dhaswan\.p2\pool\plugins\org.eclipse.m2e.maven.runtime_3.9.900.20240824-1409\jars\maven-resolver-connector-basic-1.9.22.jar
2025-09-20 20:37:51,958 [Worker-42: Launching lostAndFoundApplication (2)] INFO  o.eclipse.m2e.core.internal.Bundles - 	Entry: C:\Users\Dhaswan\.p2\pool\plugins\org.eclipse.m2e.maven.runtime_3.9.900.20240824-1409\jars\maven-resolver-impl-1.9.22.jar
2025-09-20 20:37:51,958 [Worker-42: Launching lostAndFoundApplication (2)] INFO  o.eclipse.m2e.core.internal.Bundles - 	Entry: C:\Users\Dhaswan\.p2\pool\plugins\org.eclipse.m2e.maven.runtime_3.9.900.20240824-1409\jars\maven-resolver-named-locks-1.9.22.jar
2025-09-20 20:37:51,958 [Worker-42: Launching lostAndFoundApplication (2)] INFO  o.eclipse.m2e.core.internal.Bundles - 	Entry: C:\Users\Dhaswan\.p2\pool\plugins\org.eclipse.m2e.maven.runtime_3.9.900.20240824-1409\jars\maven-resolver-provider-3.9.9.jar
2025-09-20 20:37:51,958 [Worker-42: Launching lostAndFoundApplication (2)] INFO  o.eclipse.m2e.core.internal.Bundles - 	Entry: C:\Users\Dhaswan\.p2\pool\plugins\org.eclipse.m2e.maven.runtime_3.9.900.20240824-1409\jars\maven-resolver-spi-1.9.22.jar
2025-09-20 20:37:51,958 [Worker-42: Launching lostAndFoundApplication (2)] INFO  o.eclipse.m2e.core.internal.Bundles - 	Entry: C:\Users\Dhaswan\.p2\pool\plugins\org.eclipse.m2e.maven.runtime_3.9.900.20240824-1409\jars\maven-resolver-transport-file-1.9.22.jar
2025-09-20 20:37:51,958 [Worker-42: Launching lostAndFoundApplication (2)] INFO  o.eclipse.m2e.core.internal.Bundles - 	Entry: C:\Users\Dhaswan\.p2\pool\plugins\org.eclipse.m2e.maven.runtime_3.9.900.20240824-1409\jars\maven-resolver-transport-http-1.9.22.jar
2025-09-20 20:37:51,958 [Worker-42: Launching lostAndFoundApplication (2)] INFO  o.eclipse.m2e.core.internal.Bundles - 	Entry: C:\Users\Dhaswan\.p2\pool\plugins\org.eclipse.m2e.maven.runtime_3.9.900.20240824-1409\jars\maven-resolver-transport-wagon-1.9.22.jar
2025-09-20 20:37:51,959 [Worker-42: Launching lostAndFoundApplication (2)] INFO  o.eclipse.m2e.core.internal.Bundles - 	Entry: C:\Users\Dhaswan\.p2\pool\plugins\org.eclipse.m2e.maven.runtime_3.9.900.20240824-1409\jars\maven-resolver-util-1.9.22.jar
2025-09-20 20:37:51,959 [Worker-42: Launching lostAndFoundApplication (2)] INFO  o.eclipse.m2e.core.internal.Bundles - 	Entry: C:\Users\Dhaswan\.p2\pool\plugins\org.eclipse.m2e.maven.runtime_3.9.900.20240824-1409\jars\maven-settings-3.9.9.jar
2025-09-20 20:37:51,959 [Worker-42: Launching lostAndFoundApplication (2)] INFO  o.eclipse.m2e.core.internal.Bundles - 	Entry: C:\Users\Dhaswan\.p2\pool\plugins\org.eclipse.m2e.maven.runtime_3.9.900.20240824-1409\jars\maven-settings-builder-3.9.9.jar
2025-09-20 20:37:51,959 [Worker-42: Launching lostAndFoundApplication (2)] INFO  o.eclipse.m2e.core.internal.Bundles - 	Entry: C:\Users\Dhaswan\.p2\pool\plugins\org.eclipse.m2e.maven.runtime_3.9.900.20240824-1409\jars\maven-shared-utils-3.4.2.jar
2025-09-20 20:37:51,959 [Worker-42: Launching lostAndFoundApplication (2)] INFO  o.eclipse.m2e.core.internal.Bundles - 	Entry: C:\Users\Dhaswan\.p2\pool\plugins\org.eclipse.m2e.maven.runtime_3.9.900.20240824-1409\jars\org.eclipse.sisu.inject-0.9.0.M3.jar
2025-09-20 20:37:51,959 [Worker-42: Launching lostAndFoundApplication (2)] INFO  o.eclipse.m2e.core.internal.Bundles - 	Entry: C:\Users\Dhaswan\.p2\pool\plugins\org.eclipse.m2e.maven.runtime_3.9.900.20240824-1409\jars\org.eclipse.sisu.plexus-0.9.0.M3.jar
2025-09-20 20:37:51,959 [Worker-42: Launching lostAndFoundApplication (2)] INFO  o.eclipse.m2e.core.internal.Bundles - 	Entry: C:\Users\Dhaswan\.p2\pool\plugins\org.eclipse.m2e.maven.runtime_3.9.900.20240824-1409\jars\plexus-build-api-0.0.7.jar
2025-09-20 20:37:51,959 [Worker-42: Launching lostAndFoundApplication (2)] INFO  o.eclipse.m2e.core.internal.Bundles - 	Entry: C:\Users\Dhaswan\.p2\pool\plugins\org.eclipse.m2e.maven.runtime_3.9.900.20240824-1409\jars\plexus-build-api-1.2.0.jar
2025-09-20 20:37:51,959 [Worker-42: Launching lostAndFoundApplication (2)] INFO  o.eclipse.m2e.core.internal.Bundles - 	Entry: C:\Users\Dhaswan\.p2\pool\plugins\org.eclipse.m2e.maven.runtime_3.9.900.20240824-1409\jars\plexus-cipher-2.0.jar
2025-09-20 20:37:51,960 [Worker-42: Launching lostAndFoundApplication (2)] INFO  o.eclipse.m2e.core.internal.Bundles - 	Entry: C:\Users\Dhaswan\.p2\pool\plugins\org.eclipse.m2e.maven.runtime_3.9.900.20240824-1409\jars\plexus-classworlds-2.8.0.jar
2025-09-20 20:37:51,960 [Worker-42: Launching lostAndFoundApplication (2)] INFO  o.eclipse.m2e.core.internal.Bundles - 	Entry: C:\Users\Dhaswan\.p2\pool\plugins\org.eclipse.m2e.maven.runtime_3.9.900.20240824-1409\jars\plexus-component-annotations-2.1.0.jar
2025-09-20 20:37:51,960 [Worker-42: Launching lostAndFoundApplication (2)] INFO  o.eclipse.m2e.core.internal.Bundles - 	Entry: C:\Users\Dhaswan\.p2\pool\plugins\org.eclipse.m2e.maven.runtime_3.9.900.20240824-1409\jars\plexus-interpolation-1.27.jar
2025-09-20 20:37:51,960 [Worker-42: Launching lostAndFoundApplication (2)] INFO  o.eclipse.m2e.core.internal.Bundles - 	Entry: C:\Users\Dhaswan\.p2\pool\plugins\org.eclipse.m2e.maven.runtime_3.9.900.20240824-1409\jars\plexus-sec-dispatcher-2.0.jar
2025-09-20 20:37:51,960 [Worker-42: Launching lostAndFoundApplication (2)] INFO  o.eclipse.m2e.core.internal.Bundles - 	Entry: C:\Users\Dhaswan\.p2\pool\plugins\org.eclipse.m2e.maven.runtime_3.9.900.20240824-1409\jars\plexus-utils-3.5.1.jar
2025-09-20 20:37:51,960 [Worker-42: Launching lostAndFoundApplication (2)] INFO  o.eclipse.m2e.core.internal.Bundles - 	Entry: C:\Users\Dhaswan\.p2\pool\plugins\org.eclipse.m2e.maven.runtime_3.9.900.20240824-1409\jars\plexus-xml-3.0.1.jar
2025-09-20 20:37:51,960 [Worker-42: Launching lostAndFoundApplication (2)] INFO  o.eclipse.m2e.core.internal.Bundles - 	Entry: C:\Users\Dhaswan\.p2\pool\plugins\org.eclipse.m2e.maven.runtime_3.9.900.20240824-1409\jars\wagon-file-3.5.3.jar
2025-09-20 20:37:51,960 [Worker-42: Launching lostAndFoundApplication (2)] INFO  o.eclipse.m2e.core.internal.Bundles - 	Entry: C:\Users\Dhaswan\.p2\pool\plugins\org.eclipse.m2e.maven.runtime_3.9.900.20240824-1409\jars\wagon-http-3.5.3.jar
2025-09-20 20:37:51,960 [Worker-42: Launching lostAndFoundApplication (2)] INFO  o.eclipse.m2e.core.internal.Bundles - 	Entry: C:\Users\Dhaswan\.p2\pool\plugins\org.eclipse.m2e.maven.runtime_3.9.900.20240824-1409\jars\wagon-http-shared-3.5.3.jar
2025-09-20 20:37:51,961 [Worker-42: Launching lostAndFoundApplication (2)] INFO  o.eclipse.m2e.core.internal.Bundles - 	Entry: C:\Users\Dhaswan\.p2\pool\plugins\org.eclipse.m2e.maven.runtime_3.9.900.20240824-1409\jars\wagon-provider-api-3.5.3.jar
2025-09-20 20:37:51,961 [Worker-42: Launching lostAndFoundApplication (2)] INFO  o.eclipse.m2e.core.internal.Bundles - getClasspathEntries(Bundle=com.google.guava_33.4.8.jre [1028])
2025-09-20 20:37:51,961 [Worker-42: Launching lostAndFoundApplication (2)] INFO  o.eclipse.m2e.core.internal.Bundles - 	Entry: C:\Users\Dhaswan\.p2\pool\plugins\com.google.guava_33.4.8.jre.jar
2025-09-20 20:37:51,961 [Worker-42: Launching lostAndFoundApplication (2)] INFO  o.eclipse.m2e.core.internal.Bundles - getClasspathEntries(Bundle=slf4j.api_2.0.17 [1112])
2025-09-20 20:37:51,961 [Worker-42: Launching lostAndFoundApplication (2)] INFO  o.eclipse.m2e.core.internal.Bundles - 	Entry: C:\Users\Dhaswan\.p2\pool\plugins\slf4j.api_2.0.17.jar
2025-09-20 20:37:51,961 [Worker-42: Launching lostAndFoundApplication (2)] INFO  o.eclipse.m2e.core.internal.Bundles - getClasspathEntries(Bundle=jakarta.inject.jakarta.inject-api_1.0.5 [34])
2025-09-20 20:37:51,961 [Worker-42: Launching lostAndFoundApplication (2)] INFO  o.eclipse.m2e.core.internal.Bundles - 	Entry: C:\Users\Dhaswan\.p2\pool\plugins\jakarta.inject.jakarta.inject-api_1.0.5.jar
2025-09-20 20:37:51,961 [Worker-42: Launching lostAndFoundApplication (2)] INFO  o.eclipse.m2e.core.internal.Bundles - getClasspathEntries(Bundle=jakarta.annotation-api_1.3.5 [29])
2025-09-20 20:37:51,963 [Worker-42: Launching lostAndFoundApplication (2)] INFO  o.eclipse.m2e.core.internal.Bundles - 	Entry: C:\Users\Dhaswan\.p2\pool\plugins\jakarta.annotation-api_1.3.5.jar
2025-09-20 20:37:51,963 [Worker-42: Launching lostAndFoundApplication (2)] INFO  o.eclipse.m2e.core.internal.Bundles - getClasspathEntries(Bundle=org.apache.commons.cli_1.9.0 [78])
2025-09-20 20:37:51,963 [Worker-42: Launching lostAndFoundApplication (2)] INFO  o.eclipse.m2e.core.internal.Bundles - 	Entry: C:\Users\Dhaswan\.p2\pool\plugins\org.apache.commons.cli_1.9.0.jar
2025-09-20 20:37:51,963 [Worker-42: Launching lostAndFoundApplication (2)] INFO  o.eclipse.m2e.core.internal.Bundles - getClasspathEntries(Bundle=org.apache.commons.commons-codec_1.16.0 [81])
2025-09-20 20:37:51,963 [Worker-42: Launching lostAndFoundApplication (2)] INFO  o.eclipse.m2e.core.internal.Bundles - 	Entry: C:\Users\Dhaswan\.p2\pool\plugins\org.apache.commons.commons-codec_1.16.0.jar
2025-09-20 20:37:51,963 [Worker-42: Launching lostAndFoundApplication (2)] INFO  o.eclipse.m2e.core.internal.Bundles - getClasspathEntries(Bundle=com.google.guava.failureaccess_1.0.3 [1029])
2025-09-20 20:37:51,963 [Worker-42: Launching lostAndFoundApplication (2)] INFO  o.eclipse.m2e.core.internal.Bundles - 	Entry: C:\Users\Dhaswan\.p2\pool\plugins\com.google.guava.failureaccess_1.0.3.jar
2025-09-20 20:37:51,969 [Worker-42: Launching lostAndFoundApplication (2)] INFO  o.e.m.i.launch.MavenLaunchDelegate - Run build in "S:\InfosysProject\CampusManagement\lostAndFoundApplication":
2025-09-20 20:37:51,969 [Worker-42: Launching lostAndFoundApplication (2)] INFO  o.e.m.i.launch.MavenLaunchDelegate -  mvn  -Ppom.xml -B -Dstyle.color=always clean install
2025-09-20 20:43:53,721 [Worker-46: Building] INFO  o.a.m.s.f.DefaultMavenResourcesFiltering - Copying 1 resource from src\main\resources to target\classes
2025-09-20 20:43:53,754 [Worker-46: Building] INFO  o.a.m.s.f.DefaultMavenResourcesFiltering - Copying 0 resource from src\main\resources to target\classes
2025-09-20 20:43:53,757 [Worker-46: Building] INFO  o.a.m.s.f.DefaultMavenResourcesFiltering - skip non existing resourceDirectory S:\InfosysProject\CampusManagement\lostAndFoundApplication\src\test\resources
2025-09-20 20:47:21,518 [Worker-48: Building] INFO  o.a.m.s.f.DefaultMavenResourcesFiltering - Copying 1 resource from src\main\resources to target\classes
2025-09-20 20:47:21,538 [Worker-48: Building] INFO  o.a.m.s.f.DefaultMavenResourcesFiltering - Copying 0 resource from src\main\resources to target\classes
2025-09-20 20:47:21,542 [Worker-48: Building] INFO  o.a.m.s.f.DefaultMavenResourcesFiltering - skip non existing resourceDirectory S:\InfosysProject\CampusManagement\lostAndFoundApplication\src\test\resources
2025-09-20 20:49:42,662 [Worker-51: Building] INFO  o.a.m.s.f.DefaultMavenResourcesFiltering - Copying 1 resource from src\main\resources to target\classes
2025-09-20 20:49:42,677 [Worker-51: Building] INFO  o.a.m.s.f.DefaultMavenResourcesFiltering - Copying 0 resource from src\main\resources to target\classes
2025-09-20 20:49:42,682 [Worker-51: Building] INFO  o.a.m.s.f.DefaultMavenResourcesFiltering - skip non existing resourceDirectory S:\InfosysProject\CampusManagement\lostAndFoundApplication\src\test\resources
2025-09-20 20:56:41,214 [Worker-60: Building] INFO  o.a.m.s.f.DefaultMavenResourcesFiltering - Copying 1 resource from src\main\resources to target\classes
2025-09-20 20:56:41,228 [Worker-60: Building] INFO  o.a.m.s.f.DefaultMavenResourcesFiltering - Copying 0 resource from src\main\resources to target\classes
2025-09-20 20:56:41,235 [Worker-60: Building] INFO  o.a.m.s.f.DefaultMavenResourcesFiltering - skip non existing resourceDirectory S:\InfosysProject\CampusManagement\lostAndFoundApplication\src\test\resources
2025-09-20 20:56:51,768 [Worker-59: Building] INFO  o.a.m.s.f.DefaultMavenResourcesFiltering - Copying 1 resource from src\main\resources to target\classes
2025-09-20 20:56:51,779 [Worker-59: Building] INFO  o.a.m.s.f.DefaultMavenResourcesFiltering - Copying 0 resource from src\main\resources to target\classes
2025-09-20 20:56:51,784 [Worker-59: Building] INFO  o.a.m.s.f.DefaultMavenResourcesFiltering - skip non existing resourceDirectory S:\InfosysProject\CampusManagement\lostAndFoundApplication\src\test\resources
2025-09-20 21:04:43,833 [Worker-64: Building] INFO  o.a.m.s.f.DefaultMavenResourcesFiltering - Copying 1 resource from src\main\resources to target\classes
2025-09-20 21:04:43,875 [Worker-64: Building] INFO  o.a.m.s.f.DefaultMavenResourcesFiltering - Copying 0 resource from src\main\resources to target\classes
2025-09-20 21:04:43,883 [Worker-64: Building] INFO  o.a.m.s.f.DefaultMavenResourcesFiltering - skip non existing resourceDirectory S:\InfosysProject\CampusManagement\lostAndFoundApplication\src\test\resources
2025-09-20 21:23:10,849 [Worker-1: Loading available Gradle versions] INFO  o.e.b.c.i.u.g.PublishedGradleVersions - Gradle version information cache is up-to-date. Trying to read.
2025-09-20 21:30:27,709 [Worker-34: Building] INFO  o.a.m.s.f.DefaultMavenResourcesFiltering - Copying 1 resource from src\main\resources to target\classes
2025-09-20 21:30:27,759 [Worker-34: Building] INFO  o.a.m.s.f.DefaultMavenResourcesFiltering - Copying 0 resource from src\main\resources to target\classes
2025-09-20 21:30:27,767 [Worker-34: Building] INFO  o.a.m.s.f.DefaultMavenResourcesFiltering - skip non existing resourceDirectory S:\InfosysProject\CampusManagement\lostAndFoundApplication\src\test\resources
2025-09-20 21:39:40,144 [Worker-38: Updating Maven Project] INFO  o.e.m.c.i.p.ProjectConfigurationManager - Update started
2025-09-20 21:39:41,885 [Worker-38: Updating Maven Project] INFO  o.e.m.c.i.l.LifecycleMappingFactory - Using org.eclipse.m2e.jdt.JarLifecycleMapping lifecycle mapping for MavenProject: edu.infosys:lostAndFoundApplication:0.0.1-SNAPSHOT @ S:\InfosysProject\CampusManagement\lostAndFoundApplication\pom.xml.
2025-09-20 21:39:43,818 [Worker-38: Updating Maven Project] INFO  o.e.m.j.i.AbstractJavaProjectConfigurator - Adding source folder /lostAndFoundApplication/src/main/java
2025-09-20 21:39:43,821 [Worker-38: Updating Maven Project] INFO  o.e.m.j.i.AbstractJavaProjectConfigurator - Adding resource folder /lostAndFoundApplication/src/main/resources
2025-09-20 21:39:43,822 [Worker-38: Updating Maven Project] INFO  o.e.m.j.i.AbstractJavaProjectConfigurator - Adding resource folder /lostAndFoundApplication/src/main/resources
2025-09-20 21:39:43,823 [Worker-38: Updating Maven Project] INFO  o.e.m.j.i.AbstractJavaProjectConfigurator - Adding source folder /lostAndFoundApplication/src/test/java
2025-09-20 21:39:43,826 [Worker-38: Updating Maven Project] INFO  o.e.m.j.i.AbstractJavaProjectConfigurator - Adding resource folder /lostAndFoundApplication/src/test/resources
2025-09-20 21:39:44,512 [Worker-38: Updating Maven Project] INFO  o.e.m.c.i.p.ProjectConfigurationManager - Update completed for 1 poms: local refresh takes 0.00 sec, refresh facades takes 3.00 sec, update config takes 0.00 sec 
2025-09-20 21:39:45,121 [Worker-37: Building] INFO  o.a.m.s.f.DefaultMavenResourcesFiltering - Copying 1 resource from src\main\resources to target\classes
2025-09-20 21:39:45,143 [Worker-37: Building] INFO  o.a.m.s.f.DefaultMavenResourcesFiltering - Copying 0 resource from src\main\resources to target\classes
2025-09-20 21:39:45,149 [Worker-37: Building] INFO  o.a.m.s.f.DefaultMavenResourcesFiltering - skip non existing resourceDirectory S:\InfosysProject\CampusManagement\lostAndFoundApplication\src\test\resources
2025-09-20 21:39:46,678 [main] INFO  o.e.m2e.actions.ExecutePomAction - Creating new launch configuration
2025-09-20 21:39:55,815 [Worker-37: Launching lostAndFoundApplication (3)] INFO  o.eclipse.m2e.core.internal.Bundles - getClasspathEntries(Bundle=org.eclipse.m2e.maven.runtime_3.9.900.20240824-1409 [640])
2025-09-20 21:39:55,818 [Worker-37: Launching lostAndFoundApplication (3)] INFO  o.eclipse.m2e.core.internal.Bundles - 	Entry: C:\Users\Dhaswan\.p2\pool\plugins\org.eclipse.m2e.maven.runtime_3.9.900.20240824-1409
2025-09-20 21:39:55,819 [Worker-37: Launching lostAndFoundApplication (3)] INFO  o.eclipse.m2e.core.internal.Bundles - 	Entry: C:\Users\Dhaswan\.p2\pool\plugins\org.eclipse.m2e.maven.runtime_3.9.900.20240824-1409\jars\aopalliance-1.0.jar
2025-09-20 21:39:55,819 [Worker-37: Launching lostAndFoundApplication (3)] INFO  o.eclipse.m2e.core.internal.Bundles - 	Entry: C:\Users\Dhaswan\.p2\pool\plugins\org.eclipse.m2e.maven.runtime_3.9.900.20240824-1409\jars\guice-5.1.0.jar
2025-09-20 21:39:55,819 [Worker-37: Launching lostAndFoundApplication (3)] INFO  o.eclipse.m2e.core.internal.Bundles - 	Entry: C:\Users\Dhaswan\.p2\pool\plugins\org.eclipse.m2e.maven.runtime_3.9.900.20240824-1409\jars\httpclient-4.5.14.jar
2025-09-20 21:39:55,819 [Worker-37: Launching lostAndFoundApplication (3)] INFO  o.eclipse.m2e.core.internal.Bundles - 	Entry: C:\Users\Dhaswan\.p2\pool\plugins\org.eclipse.m2e.maven.runtime_3.9.900.20240824-1409\jars\httpcore-4.4.16.jar
2025-09-20 21:39:55,820 [Worker-37: Launching lostAndFoundApplication (3)] INFO  o.eclipse.m2e.core.internal.Bundles - 	Entry: C:\Users\Dhaswan\.p2\pool\plugins\org.eclipse.m2e.maven.runtime_3.9.900.20240824-1409\jars\jansi-2.4.1.jar
2025-09-20 21:39:55,821 [Worker-37: Launching lostAndFoundApplication (3)] INFO  o.eclipse.m2e.core.internal.Bundles - 	Entry: C:\Users\Dhaswan\.p2\pool\plugins\org.eclipse.m2e.maven.runtime_3.9.900.20240824-1409\jars\jcl-over-slf4j-1.7.36.jar
2025-09-20 21:39:55,821 [Worker-37: Launching lostAndFoundApplication (3)] INFO  o.eclipse.m2e.core.internal.Bundles - 	Entry: C:\Users\Dhaswan\.p2\pool\plugins\org.eclipse.m2e.maven.runtime_3.9.900.20240824-1409\jars\maven-artifact-3.9.9.jar
2025-09-20 21:39:55,821 [Worker-37: Launching lostAndFoundApplication (3)] INFO  o.eclipse.m2e.core.internal.Bundles - 	Entry: C:\Users\Dhaswan\.p2\pool\plugins\org.eclipse.m2e.maven.runtime_3.9.900.20240824-1409\jars\maven-builder-support-3.9.9.jar
2025-09-20 21:39:55,822 [Worker-37: Launching lostAndFoundApplication (3)] INFO  o.eclipse.m2e.core.internal.Bundles - 	Entry: C:\Users\Dhaswan\.p2\pool\plugins\org.eclipse.m2e.maven.runtime_3.9.900.20240824-1409\jars\maven-compat-3.9.9.jar
2025-09-20 21:39:55,823 [Worker-37: Launching lostAndFoundApplication (3)] INFO  o.eclipse.m2e.core.internal.Bundles - 	Entry: C:\Users\Dhaswan\.p2\pool\plugins\org.eclipse.m2e.maven.runtime_3.9.900.20240824-1409\jars\maven-core-3.9.9.jar
2025-09-20 21:39:55,823 [Worker-37: Launching lostAndFoundApplication (3)] INFO  o.eclipse.m2e.core.internal.Bundles - 	Entry: C:\Users\Dhaswan\.p2\pool\plugins\org.eclipse.m2e.maven.runtime_3.9.900.20240824-1409\jars\maven-embedder-3.9.9.jar
2025-09-20 21:39:55,823 [Worker-37: Launching lostAndFoundApplication (3)] INFO  o.eclipse.m2e.core.internal.Bundles - 	Entry: C:\Users\Dhaswan\.p2\pool\plugins\org.eclipse.m2e.maven.runtime_3.9.900.20240824-1409\jars\maven-model-3.9.9.jar
2025-09-20 21:39:55,823 [Worker-37: Launching lostAndFoundApplication (3)] INFO  o.eclipse.m2e.core.internal.Bundles - 	Entry: C:\Users\Dhaswan\.p2\pool\plugins\org.eclipse.m2e.maven.runtime_3.9.900.20240824-1409\jars\maven-model-builder-3.9.9.jar
2025-09-20 21:39:55,823 [Worker-37: Launching lostAndFoundApplication (3)] INFO  o.eclipse.m2e.core.internal.Bundles - 	Entry: C:\Users\Dhaswan\.p2\pool\plugins\org.eclipse.m2e.maven.runtime_3.9.900.20240824-1409\jars\maven-plugin-api-3.9.9.jar
2025-09-20 21:39:55,824 [Worker-37: Launching lostAndFoundApplication (3)] INFO  o.eclipse.m2e.core.internal.Bundles - 	Entry: C:\Users\Dhaswan\.p2\pool\plugins\org.eclipse.m2e.maven.runtime_3.9.900.20240824-1409\jars\maven-repository-metadata-3.9.9.jar
2025-09-20 21:39:55,825 [Worker-37: Launching lostAndFoundApplication (3)] INFO  o.eclipse.m2e.core.internal.Bundles - 	Entry: C:\Users\Dhaswan\.p2\pool\plugins\org.eclipse.m2e.maven.runtime_3.9.900.20240824-1409\jars\maven-resolver-api-1.9.22.jar
2025-09-20 21:39:55,825 [Worker-37: Launching lostAndFoundApplication (3)] INFO  o.eclipse.m2e.core.internal.Bundles - 	Entry: C:\Users\Dhaswan\.p2\pool\plugins\org.eclipse.m2e.maven.runtime_3.9.900.20240824-1409\jars\maven-resolver-connector-basic-1.9.22.jar
2025-09-20 21:39:55,825 [Worker-37: Launching lostAndFoundApplication (3)] INFO  o.eclipse.m2e.core.internal.Bundles - 	Entry: C:\Users\Dhaswan\.p2\pool\plugins\org.eclipse.m2e.maven.runtime_3.9.900.20240824-1409\jars\maven-resolver-impl-1.9.22.jar
2025-09-20 21:39:55,826 [Worker-37: Launching lostAndFoundApplication (3)] INFO  o.eclipse.m2e.core.internal.Bundles - 	Entry: C:\Users\Dhaswan\.p2\pool\plugins\org.eclipse.m2e.maven.runtime_3.9.900.20240824-1409\jars\maven-resolver-named-locks-1.9.22.jar
2025-09-20 21:39:55,826 [Worker-37: Launching lostAndFoundApplication (3)] INFO  o.eclipse.m2e.core.internal.Bundles - 	Entry: C:\Users\Dhaswan\.p2\pool\plugins\org.eclipse.m2e.maven.runtime_3.9.900.20240824-1409\jars\maven-resolver-provider-3.9.9.jar
2025-09-20 21:39:55,826 [Worker-37: Launching lostAndFoundApplication (3)] INFO  o.eclipse.m2e.core.internal.Bundles - 	Entry: C:\Users\Dhaswan\.p2\pool\plugins\org.eclipse.m2e.maven.runtime_3.9.900.20240824-1409\jars\maven-resolver-spi-1.9.22.jar
2025-09-20 21:39:55,826 [Worker-37: Launching lostAndFoundApplication (3)] INFO  o.eclipse.m2e.core.internal.Bundles - 	Entry: C:\Users\Dhaswan\.p2\pool\plugins\org.eclipse.m2e.maven.runtime_3.9.900.20240824-1409\jars\maven-resolver-transport-file-1.9.22.jar
2025-09-20 21:39:55,826 [Worker-37: Launching lostAndFoundApplication (3)] INFO  o.eclipse.m2e.core.internal.Bundles - 	Entry: C:\Users\Dhaswan\.p2\pool\plugins\org.eclipse.m2e.maven.runtime_3.9.900.20240824-1409\jars\maven-resolver-transport-http-1.9.22.jar
2025-09-20 21:39:55,827 [Worker-37: Launching lostAndFoundApplication (3)] INFO  o.eclipse.m2e.core.internal.Bundles - 	Entry: C:\Users\Dhaswan\.p2\pool\plugins\org.eclipse.m2e.maven.runtime_3.9.900.20240824-1409\jars\maven-resolver-transport-wagon-1.9.22.jar
2025-09-20 21:39:55,827 [Worker-37: Launching lostAndFoundApplication (3)] INFO  o.eclipse.m2e.core.internal.Bundles - 	Entry: C:\Users\Dhaswan\.p2\pool\plugins\org.eclipse.m2e.maven.runtime_3.9.900.20240824-1409\jars\maven-resolver-util-1.9.22.jar
2025-09-20 21:39:55,827 [Worker-37: Launching lostAndFoundApplication (3)] INFO  o.eclipse.m2e.core.internal.Bundles - 	Entry: C:\Users\Dhaswan\.p2\pool\plugins\org.eclipse.m2e.maven.runtime_3.9.900.20240824-1409\jars\maven-settings-3.9.9.jar
2025-09-20 21:39:55,827 [Worker-37: Launching lostAndFoundApplication (3)] INFO  o.eclipse.m2e.core.internal.Bundles - 	Entry: C:\Users\Dhaswan\.p2\pool\plugins\org.eclipse.m2e.maven.runtime_3.9.900.20240824-1409\jars\maven-settings-builder-3.9.9.jar
2025-09-20 21:39:55,827 [Worker-37: Launching lostAndFoundApplication (3)] INFO  o.eclipse.m2e.core.internal.Bundles - 	Entry: C:\Users\Dhaswan\.p2\pool\plugins\org.eclipse.m2e.maven.runtime_3.9.900.20240824-1409\jars\maven-shared-utils-3.4.2.jar
2025-09-20 21:39:55,828 [Worker-37: Launching lostAndFoundApplication (3)] INFO  o.eclipse.m2e.core.internal.Bundles - 	Entry: C:\Users\Dhaswan\.p2\pool\plugins\org.eclipse.m2e.maven.runtime_3.9.900.20240824-1409\jars\org.eclipse.sisu.inject-0.9.0.M3.jar
2025-09-20 21:39:55,828 [Worker-37: Launching lostAndFoundApplication (3)] INFO  o.eclipse.m2e.core.internal.Bundles - 	Entry: C:\Users\Dhaswan\.p2\pool\plugins\org.eclipse.m2e.maven.runtime_3.9.900.20240824-1409\jars\org.eclipse.sisu.plexus-0.9.0.M3.jar
2025-09-20 21:39:55,828 [Worker-37: Launching lostAndFoundApplication (3)] INFO  o.eclipse.m2e.core.internal.Bundles - 	Entry: C:\Users\Dhaswan\.p2\pool\plugins\org.eclipse.m2e.maven.runtime_3.9.900.20240824-1409\jars\plexus-build-api-0.0.7.jar
2025-09-20 21:39:55,828 [Worker-37: Launching lostAndFoundApplication (3)] INFO  o.eclipse.m2e.core.internal.Bundles - 	Entry: C:\Users\Dhaswan\.p2\pool\plugins\org.eclipse.m2e.maven.runtime_3.9.900.20240824-1409\jars\plexus-build-api-1.2.0.jar
2025-09-20 21:39:55,829 [Worker-37: Launching lostAndFoundApplication (3)] INFO  o.eclipse.m2e.core.internal.Bundles - 	Entry: C:\Users\Dhaswan\.p2\pool\plugins\org.eclipse.m2e.maven.runtime_3.9.900.20240824-1409\jars\plexus-cipher-2.0.jar
2025-09-20 21:39:55,829 [Worker-37: Launching lostAndFoundApplication (3)] INFO  o.eclipse.m2e.core.internal.Bundles - 	Entry: C:\Users\Dhaswan\.p2\pool\plugins\org.eclipse.m2e.maven.runtime_3.9.900.20240824-1409\jars\plexus-classworlds-2.8.0.jar
2025-09-20 21:39:55,829 [Worker-37: Launching lostAndFoundApplication (3)] INFO  o.eclipse.m2e.core.internal.Bundles - 	Entry: C:\Users\Dhaswan\.p2\pool\plugins\org.eclipse.m2e.maven.runtime_3.9.900.20240824-1409\jars\plexus-component-annotations-2.1.0.jar
2025-09-20 21:39:55,830 [Worker-37: Launching lostAndFoundApplication (3)] INFO  o.eclipse.m2e.core.internal.Bundles - 	Entry: C:\Users\Dhaswan\.p2\pool\plugins\org.eclipse.m2e.maven.runtime_3.9.900.20240824-1409\jars\plexus-interpolation-1.27.jar
2025-09-20 21:39:55,830 [Worker-37: Launching lostAndFoundApplication (3)] INFO  o.eclipse.m2e.core.internal.Bundles - 	Entry: C:\Users\Dhaswan\.p2\pool\plugins\org.eclipse.m2e.maven.runtime_3.9.900.20240824-1409\jars\plexus-sec-dispatcher-2.0.jar
2025-09-20 21:39:55,830 [Worker-37: Launching lostAndFoundApplication (3)] INFO  o.eclipse.m2e.core.internal.Bundles - 	Entry: C:\Users\Dhaswan\.p2\pool\plugins\org.eclipse.m2e.maven.runtime_3.9.900.20240824-1409\jars\plexus-utils-3.5.1.jar
2025-09-20 21:39:55,830 [Worker-37: Launching lostAndFoundApplication (3)] INFO  o.eclipse.m2e.core.internal.Bundles - 	Entry: C:\Users\Dhaswan\.p2\pool\plugins\org.eclipse.m2e.maven.runtime_3.9.900.20240824-1409\jars\plexus-xml-3.0.1.jar
2025-09-20 21:39:55,830 [Worker-37: Launching lostAndFoundApplication (3)] INFO  o.eclipse.m2e.core.internal.Bundles - 	Entry: C:\Users\Dhaswan\.p2\pool\plugins\org.eclipse.m2e.maven.runtime_3.9.900.20240824-1409\jars\wagon-file-3.5.3.jar
2025-09-20 21:39:55,831 [Worker-37: Launching lostAndFoundApplication (3)] INFO  o.eclipse.m2e.core.internal.Bundles - 	Entry: C:\Users\Dhaswan\.p2\pool\plugins\org.eclipse.m2e.maven.runtime_3.9.900.20240824-1409\jars\wagon-http-3.5.3.jar
2025-09-20 21:39:55,831 [Worker-37: Launching lostAndFoundApplication (3)] INFO  o.eclipse.m2e.core.internal.Bundles - 	Entry: C:\Users\Dhaswan\.p2\pool\plugins\org.eclipse.m2e.maven.runtime_3.9.900.20240824-1409\jars\wagon-http-shared-3.5.3.jar
2025-09-20 21:39:55,831 [Worker-37: Launching lostAndFoundApplication (3)] INFO  o.eclipse.m2e.core.internal.Bundles - 	Entry: C:\Users\Dhaswan\.p2\pool\plugins\org.eclipse.m2e.maven.runtime_3.9.900.20240824-1409\jars\wagon-provider-api-3.5.3.jar
2025-09-20 21:39:55,833 [Worker-37: Launching lostAndFoundApplication (3)] INFO  o.eclipse.m2e.core.internal.Bundles - getClasspathEntries(Bundle=com.google.guava_33.4.8.jre [1028])
2025-09-20 21:39:55,834 [Worker-37: Launching lostAndFoundApplication (3)] INFO  o.eclipse.m2e.core.internal.Bundles - 	Entry: C:\Users\Dhaswan\.p2\pool\plugins\com.google.guava_33.4.8.jre.jar
2025-09-20 21:39:55,834 [Worker-37: Launching lostAndFoundApplication (3)] INFO  o.eclipse.m2e.core.internal.Bundles - getClasspathEntries(Bundle=slf4j.api_2.0.17 [1112])
2025-09-20 21:39:55,835 [Worker-37: Launching lostAndFoundApplication (3)] INFO  o.eclipse.m2e.core.internal.Bundles - 	Entry: C:\Users\Dhaswan\.p2\pool\plugins\slf4j.api_2.0.17.jar
2025-09-20 21:39:55,835 [Worker-37: Launching lostAndFoundApplication (3)] INFO  o.eclipse.m2e.core.internal.Bundles - getClasspathEntries(Bundle=jakarta.inject.jakarta.inject-api_1.0.5 [34])
2025-09-20 21:39:55,835 [Worker-37: Launching lostAndFoundApplication (3)] INFO  o.eclipse.m2e.core.internal.Bundles - 	Entry: C:\Users\Dhaswan\.p2\pool\plugins\jakarta.inject.jakarta.inject-api_1.0.5.jar
2025-09-20 21:39:55,835 [Worker-37: Launching lostAndFoundApplication (3)] INFO  o.eclipse.m2e.core.internal.Bundles - getClasspathEntries(Bundle=jakarta.annotation-api_1.3.5 [29])
2025-09-20 21:39:55,836 [Worker-37: Launching lostAndFoundApplication (3)] INFO  o.eclipse.m2e.core.internal.Bundles - 	Entry: C:\Users\Dhaswan\.p2\pool\plugins\jakarta.annotation-api_1.3.5.jar
2025-09-20 21:39:55,836 [Worker-37: Launching lostAndFoundApplication (3)] INFO  o.eclipse.m2e.core.internal.Bundles - getClasspathEntries(Bundle=org.apache.commons.cli_1.9.0 [78])
2025-09-20 21:39:55,837 [Worker-37: Launching lostAndFoundApplication (3)] INFO  o.eclipse.m2e.core.internal.Bundles - 	Entry: C:\Users\Dhaswan\.p2\pool\plugins\org.apache.commons.cli_1.9.0.jar
2025-09-20 21:39:55,837 [Worker-37: Launching lostAndFoundApplication (3)] INFO  o.eclipse.m2e.core.internal.Bundles - getClasspathEntries(Bundle=org.apache.commons.commons-codec_1.16.0 [81])
2025-09-20 21:39:55,838 [Worker-37: Launching lostAndFoundApplication (3)] INFO  o.eclipse.m2e.core.internal.Bundles - 	Entry: C:\Users\Dhaswan\.p2\pool\plugins\org.apache.commons.commons-codec_1.16.0.jar
2025-09-20 21:39:55,838 [Worker-37: Launching lostAndFoundApplication (3)] INFO  o.eclipse.m2e.core.internal.Bundles - getClasspathEntries(Bundle=com.google.guava.failureaccess_1.0.3 [1029])
2025-09-20 21:39:55,839 [Worker-37: Launching lostAndFoundApplication (3)] INFO  o.eclipse.m2e.core.internal.Bundles - 	Entry: C:\Users\Dhaswan\.p2\pool\plugins\com.google.guava.failureaccess_1.0.3.jar
2025-09-20 21:39:55,843 [Worker-37: Launching lostAndFoundApplication (3)] INFO  o.e.m.i.launch.MavenLaunchDelegate - Run build in "S:\InfosysProject\CampusManagement\lostAndFoundApplication":
2025-09-20 21:39:55,849 [Worker-37: Launching lostAndFoundApplication (3)] INFO  o.e.m.i.launch.MavenLaunchDelegate -  mvn  -Ppom.xml -B -Dstyle.color=always clean install
2025-09-20 21:45:34,509 [Worker-6: Loading available Gradle versions] INFO  o.e.b.c.i.u.g.PublishedGradleVersions - Gradle version information cache is up-to-date. Trying to read.
2025-09-20 21:46:07,656 [Worker-26: Updating Maven Project] INFO  o.e.m.c.i.p.ProjectConfigurationManager - Update started
2025-09-20 21:46:09,083 [Worker-26: Updating Maven Project] INFO  o.e.m.c.i.l.LifecycleMappingFactory - Using org.eclipse.m2e.jdt.JarLifecycleMapping lifecycle mapping for MavenProject: edu.infosys:lostAndFoundApplication:0.0.1-SNAPSHOT @ S:\InfosysProject\CampusManagement\lostAndFoundApplication\pom.xml.
2025-09-20 21:46:11,110 [Worker-26: Updating Maven Project] INFO  o.e.m.j.i.AbstractJavaProjectConfigurator - Adding source folder /lostAndFoundApplication/src/main/java
2025-09-20 21:46:11,113 [Worker-26: Updating Maven Project] INFO  o.e.m.j.i.AbstractJavaProjectConfigurator - Adding resource folder /lostAndFoundApplication/src/main/resources
2025-09-20 21:46:11,113 [Worker-26: Updating Maven Project] INFO  o.e.m.j.i.AbstractJavaProjectConfigurator - Adding resource folder /lostAndFoundApplication/src/main/resources
2025-09-20 21:46:11,114 [Worker-26: Updating Maven Project] INFO  o.e.m.j.i.AbstractJavaProjectConfigurator - Adding source folder /lostAndFoundApplication/src/test/java
2025-09-20 21:46:11,115 [Worker-26: Updating Maven Project] INFO  o.e.m.j.i.AbstractJavaProjectConfigurator - Adding resource folder /lostAndFoundApplication/src/test/resources
2025-09-20 21:46:11,786 [Worker-26: Updating Maven Project] INFO  o.e.m.c.i.p.ProjectConfigurationManager - Update completed for 1 poms: local refresh takes 0.00 sec, refresh facades takes 3.00 sec, update config takes 0.00 sec 
2025-09-20 21:46:12,929 [Worker-19: Building] INFO  o.a.m.s.f.DefaultMavenResourcesFiltering - Copying 1 resource from src\main\resources to target\classes
2025-09-20 21:46:12,956 [Worker-19: Building] INFO  o.a.m.s.f.DefaultMavenResourcesFiltering - Copying 0 resource from src\main\resources to target\classes
2025-09-20 21:46:12,974 [Worker-19: Building] INFO  o.a.m.s.f.DefaultMavenResourcesFiltering - skip non existing resourceDirectory S:\InfosysProject\CampusManagement\lostAndFoundApplication\src\test\resources
2025-09-20 21:46:14,379 [main] INFO  o.e.m2e.actions.ExecutePomAction - Creating new launch configuration
2025-09-20 21:46:24,390 [Worker-10: Launching lostAndFoundApplication (4)] INFO  o.eclipse.m2e.core.internal.Bundles - getClasspathEntries(Bundle=org.eclipse.m2e.maven.runtime_3.9.900.20240824-1409 [640])
2025-09-20 21:46:24,393 [Worker-10: Launching lostAndFoundApplication (4)] INFO  o.eclipse.m2e.core.internal.Bundles - 	Entry: C:\Users\Dhaswan\.p2\pool\plugins\org.eclipse.m2e.maven.runtime_3.9.900.20240824-1409
2025-09-20 21:46:24,394 [Worker-10: Launching lostAndFoundApplication (4)] INFO  o.eclipse.m2e.core.internal.Bundles - 	Entry: C:\Users\Dhaswan\.p2\pool\plugins\org.eclipse.m2e.maven.runtime_3.9.900.20240824-1409\jars\aopalliance-1.0.jar
2025-09-20 21:46:24,394 [Worker-10: Launching lostAndFoundApplication (4)] INFO  o.eclipse.m2e.core.internal.Bundles - 	Entry: C:\Users\Dhaswan\.p2\pool\plugins\org.eclipse.m2e.maven.runtime_3.9.900.20240824-1409\jars\guice-5.1.0.jar
2025-09-20 21:46:24,394 [Worker-10: Launching lostAndFoundApplication (4)] INFO  o.eclipse.m2e.core.internal.Bundles - 	Entry: C:\Users\Dhaswan\.p2\pool\plugins\org.eclipse.m2e.maven.runtime_3.9.900.20240824-1409\jars\httpclient-4.5.14.jar
2025-09-20 21:46:24,394 [Worker-10: Launching lostAndFoundApplication (4)] INFO  o.eclipse.m2e.core.internal.Bundles - 	Entry: C:\Users\Dhaswan\.p2\pool\plugins\org.eclipse.m2e.maven.runtime_3.9.900.20240824-1409\jars\httpcore-4.4.16.jar
2025-09-20 21:46:24,394 [Worker-10: Launching lostAndFoundApplication (4)] INFO  o.eclipse.m2e.core.internal.Bundles - 	Entry: C:\Users\Dhaswan\.p2\pool\plugins\org.eclipse.m2e.maven.runtime_3.9.900.20240824-1409\jars\jansi-2.4.1.jar
2025-09-20 21:46:24,394 [Worker-10: Launching lostAndFoundApplication (4)] INFO  o.eclipse.m2e.core.internal.Bundles - 	Entry: C:\Users\Dhaswan\.p2\pool\plugins\org.eclipse.m2e.maven.runtime_3.9.900.20240824-1409\jars\jcl-over-slf4j-1.7.36.jar
2025-09-20 21:46:24,394 [Worker-10: Launching lostAndFoundApplication (4)] INFO  o.eclipse.m2e.core.internal.Bundles - 	Entry: C:\Users\Dhaswan\.p2\pool\plugins\org.eclipse.m2e.maven.runtime_3.9.900.20240824-1409\jars\maven-artifact-3.9.9.jar
2025-09-20 21:46:24,395 [Worker-10: Launching lostAndFoundApplication (4)] INFO  o.eclipse.m2e.core.internal.Bundles - 	Entry: C:\Users\Dhaswan\.p2\pool\plugins\org.eclipse.m2e.maven.runtime_3.9.900.20240824-1409\jars\maven-builder-support-3.9.9.jar
2025-09-20 21:46:24,395 [Worker-10: Launching lostAndFoundApplication (4)] INFO  o.eclipse.m2e.core.internal.Bundles - 	Entry: C:\Users\Dhaswan\.p2\pool\plugins\org.eclipse.m2e.maven.runtime_3.9.900.20240824-1409\jars\maven-compat-3.9.9.jar
2025-09-20 21:46:24,395 [Worker-10: Launching lostAndFoundApplication (4)] INFO  o.eclipse.m2e.core.internal.Bundles - 	Entry: C:\Users\Dhaswan\.p2\pool\plugins\org.eclipse.m2e.maven.runtime_3.9.900.20240824-1409\jars\maven-core-3.9.9.jar
2025-09-20 21:46:24,395 [Worker-10: Launching lostAndFoundApplication (4)] INFO  o.eclipse.m2e.core.internal.Bundles - 	Entry: C:\Users\Dhaswan\.p2\pool\plugins\org.eclipse.m2e.maven.runtime_3.9.900.20240824-1409\jars\maven-embedder-3.9.9.jar
2025-09-20 21:46:24,395 [Worker-10: Launching lostAndFoundApplication (4)] INFO  o.eclipse.m2e.core.internal.Bundles - 	Entry: C:\Users\Dhaswan\.p2\pool\plugins\org.eclipse.m2e.maven.runtime_3.9.900.20240824-1409\jars\maven-model-3.9.9.jar
2025-09-20 21:46:24,395 [Worker-10: Launching lostAndFoundApplication (4)] INFO  o.eclipse.m2e.core.internal.Bundles - 	Entry: C:\Users\Dhaswan\.p2\pool\plugins\org.eclipse.m2e.maven.runtime_3.9.900.20240824-1409\jars\maven-model-builder-3.9.9.jar
2025-09-20 21:46:24,396 [Worker-10: Launching lostAndFoundApplication (4)] INFO  o.eclipse.m2e.core.internal.Bundles - 	Entry: C:\Users\Dhaswan\.p2\pool\plugins\org.eclipse.m2e.maven.runtime_3.9.900.20240824-1409\jars\maven-plugin-api-3.9.9.jar
2025-09-20 21:46:24,396 [Worker-10: Launching lostAndFoundApplication (4)] INFO  o.eclipse.m2e.core.internal.Bundles - 	Entry: C:\Users\Dhaswan\.p2\pool\plugins\org.eclipse.m2e.maven.runtime_3.9.900.20240824-1409\jars\maven-repository-metadata-3.9.9.jar
2025-09-20 21:46:24,396 [Worker-10: Launching lostAndFoundApplication (4)] INFO  o.eclipse.m2e.core.internal.Bundles - 	Entry: C:\Users\Dhaswan\.p2\pool\plugins\org.eclipse.m2e.maven.runtime_3.9.900.20240824-1409\jars\maven-resolver-api-1.9.22.jar
2025-09-20 21:46:24,397 [Worker-10: Launching lostAndFoundApplication (4)] INFO  o.eclipse.m2e.core.internal.Bundles - 	Entry: C:\Users\Dhaswan\.p2\pool\plugins\org.eclipse.m2e.maven.runtime_3.9.900.20240824-1409\jars\maven-resolver-connector-basic-1.9.22.jar
2025-09-20 21:46:24,398 [Worker-10: Launching lostAndFoundApplication (4)] INFO  o.eclipse.m2e.core.internal.Bundles - 	Entry: C:\Users\Dhaswan\.p2\pool\plugins\org.eclipse.m2e.maven.runtime_3.9.900.20240824-1409\jars\maven-resolver-impl-1.9.22.jar
2025-09-20 21:46:24,400 [Worker-10: Launching lostAndFoundApplication (4)] INFO  o.eclipse.m2e.core.internal.Bundles - 	Entry: C:\Users\Dhaswan\.p2\pool\plugins\org.eclipse.m2e.maven.runtime_3.9.900.20240824-1409\jars\maven-resolver-named-locks-1.9.22.jar
2025-09-20 21:46:24,401 [Worker-10: Launching lostAndFoundApplication (4)] INFO  o.eclipse.m2e.core.internal.Bundles - 	Entry: C:\Users\Dhaswan\.p2\pool\plugins\org.eclipse.m2e.maven.runtime_3.9.900.20240824-1409\jars\maven-resolver-provider-3.9.9.jar
2025-09-20 21:46:24,402 [Worker-10: Launching lostAndFoundApplication (4)] INFO  o.eclipse.m2e.core.internal.Bundles - 	Entry: C:\Users\Dhaswan\.p2\pool\plugins\org.eclipse.m2e.maven.runtime_3.9.900.20240824-1409\jars\maven-resolver-spi-1.9.22.jar
2025-09-20 21:46:24,403 [Worker-10: Launching lostAndFoundApplication (4)] INFO  o.eclipse.m2e.core.internal.Bundles - 	Entry: C:\Users\Dhaswan\.p2\pool\plugins\org.eclipse.m2e.maven.runtime_3.9.900.20240824-1409\jars\maven-resolver-transport-file-1.9.22.jar
2025-09-20 21:46:24,403 [Worker-10: Launching lostAndFoundApplication (4)] INFO  o.eclipse.m2e.core.internal.Bundles - 	Entry: C:\Users\Dhaswan\.p2\pool\plugins\org.eclipse.m2e.maven.runtime_3.9.900.20240824-1409\jars\maven-resolver-transport-http-1.9.22.jar
2025-09-20 21:46:24,403 [Worker-10: Launching lostAndFoundApplication (4)] INFO  o.eclipse.m2e.core.internal.Bundles - 	Entry: C:\Users\Dhaswan\.p2\pool\plugins\org.eclipse.m2e.maven.runtime_3.9.900.20240824-1409\jars\maven-resolver-transport-wagon-1.9.22.jar
2025-09-20 21:46:24,404 [Worker-10: Launching lostAndFoundApplication (4)] INFO  o.eclipse.m2e.core.internal.Bundles - 	Entry: C:\Users\Dhaswan\.p2\pool\plugins\org.eclipse.m2e.maven.runtime_3.9.900.20240824-1409\jars\maven-resolver-util-1.9.22.jar
2025-09-20 21:46:24,404 [Worker-10: Launching lostAndFoundApplication (4)] INFO  o.eclipse.m2e.core.internal.Bundles - 	Entry: C:\Users\Dhaswan\.p2\pool\plugins\org.eclipse.m2e.maven.runtime_3.9.900.20240824-1409\jars\maven-settings-3.9.9.jar
2025-09-20 21:46:24,404 [Worker-10: Launching lostAndFoundApplication (4)] INFO  o.eclipse.m2e.core.internal.Bundles - 	Entry: C:\Users\Dhaswan\.p2\pool\plugins\org.eclipse.m2e.maven.runtime_3.9.900.20240824-1409\jars\maven-settings-builder-3.9.9.jar
2025-09-20 21:46:24,405 [Worker-10: Launching lostAndFoundApplication (4)] INFO  o.eclipse.m2e.core.internal.Bundles - 	Entry: C:\Users\Dhaswan\.p2\pool\plugins\org.eclipse.m2e.maven.runtime_3.9.900.20240824-1409\jars\maven-shared-utils-3.4.2.jar
2025-09-20 21:46:24,405 [Worker-10: Launching lostAndFoundApplication (4)] INFO  o.eclipse.m2e.core.internal.Bundles - 	Entry: C:\Users\Dhaswan\.p2\pool\plugins\org.eclipse.m2e.maven.runtime_3.9.900.20240824-1409\jars\org.eclipse.sisu.inject-0.9.0.M3.jar
2025-09-20 21:46:24,406 [Worker-10: Launching lostAndFoundApplication (4)] INFO  o.eclipse.m2e.core.internal.Bundles - 	Entry: C:\Users\Dhaswan\.p2\pool\plugins\org.eclipse.m2e.maven.runtime_3.9.900.20240824-1409\jars\org.eclipse.sisu.plexus-0.9.0.M3.jar
2025-09-20 21:46:24,406 [Worker-10: Launching lostAndFoundApplication (4)] INFO  o.eclipse.m2e.core.internal.Bundles - 	Entry: C:\Users\Dhaswan\.p2\pool\plugins\org.eclipse.m2e.maven.runtime_3.9.900.20240824-1409\jars\plexus-build-api-0.0.7.jar
2025-09-20 21:46:24,406 [Worker-10: Launching lostAndFoundApplication (4)] INFO  o.eclipse.m2e.core.internal.Bundles - 	Entry: C:\Users\Dhaswan\.p2\pool\plugins\org.eclipse.m2e.maven.runtime_3.9.900.20240824-1409\jars\plexus-build-api-1.2.0.jar
2025-09-20 21:46:24,406 [Worker-10: Launching lostAndFoundApplication (4)] INFO  o.eclipse.m2e.core.internal.Bundles - 	Entry: C:\Users\Dhaswan\.p2\pool\plugins\org.eclipse.m2e.maven.runtime_3.9.900.20240824-1409\jars\plexus-cipher-2.0.jar
2025-09-20 21:46:24,407 [Worker-10: Launching lostAndFoundApplication (4)] INFO  o.eclipse.m2e.core.internal.Bundles - 	Entry: C:\Users\Dhaswan\.p2\pool\plugins\org.eclipse.m2e.maven.runtime_3.9.900.20240824-1409\jars\plexus-classworlds-2.8.0.jar
2025-09-20 21:46:24,407 [Worker-10: Launching lostAndFoundApplication (4)] INFO  o.eclipse.m2e.core.internal.Bundles - 	Entry: C:\Users\Dhaswan\.p2\pool\plugins\org.eclipse.m2e.maven.runtime_3.9.900.20240824-1409\jars\plexus-component-annotations-2.1.0.jar
2025-09-20 21:46:24,407 [Worker-10: Launching lostAndFoundApplication (4)] INFO  o.eclipse.m2e.core.internal.Bundles - 	Entry: C:\Users\Dhaswan\.p2\pool\plugins\org.eclipse.m2e.maven.runtime_3.9.900.20240824-1409\jars\plexus-interpolation-1.27.jar
2025-09-20 21:46:24,408 [Worker-10: Launching lostAndFoundApplication (4)] INFO  o.eclipse.m2e.core.internal.Bundles - 	Entry: C:\Users\Dhaswan\.p2\pool\plugins\org.eclipse.m2e.maven.runtime_3.9.900.20240824-1409\jars\plexus-sec-dispatcher-2.0.jar
2025-09-20 21:46:24,408 [Worker-10: Launching lostAndFoundApplication (4)] INFO  o.eclipse.m2e.core.internal.Bundles - 	Entry: C:\Users\Dhaswan\.p2\pool\plugins\org.eclipse.m2e.maven.runtime_3.9.900.20240824-1409\jars\plexus-utils-3.5.1.jar
2025-09-20 21:46:24,408 [Worker-10: Launching lostAndFoundApplication (4)] INFO  o.eclipse.m2e.core.internal.Bundles - 	Entry: C:\Users\Dhaswan\.p2\pool\plugins\org.eclipse.m2e.maven.runtime_3.9.900.20240824-1409\jars\plexus-xml-3.0.1.jar
2025-09-20 21:46:24,408 [Worker-10: Launching lostAndFoundApplication (4)] INFO  o.eclipse.m2e.core.internal.Bundles - 	Entry: C:\Users\Dhaswan\.p2\pool\plugins\org.eclipse.m2e.maven.runtime_3.9.900.20240824-1409\jars\wagon-file-3.5.3.jar
2025-09-20 21:46:24,408 [Worker-10: Launching lostAndFoundApplication (4)] INFO  o.eclipse.m2e.core.internal.Bundles - 	Entry: C:\Users\Dhaswan\.p2\pool\plugins\org.eclipse.m2e.maven.runtime_3.9.900.20240824-1409\jars\wagon-http-3.5.3.jar
2025-09-20 21:46:24,409 [Worker-10: Launching lostAndFoundApplication (4)] INFO  o.eclipse.m2e.core.internal.Bundles - 	Entry: C:\Users\Dhaswan\.p2\pool\plugins\org.eclipse.m2e.maven.runtime_3.9.900.20240824-1409\jars\wagon-http-shared-3.5.3.jar
2025-09-20 21:46:24,409 [Worker-10: Launching lostAndFoundApplication (4)] INFO  o.eclipse.m2e.core.internal.Bundles - 	Entry: C:\Users\Dhaswan\.p2\pool\plugins\org.eclipse.m2e.maven.runtime_3.9.900.20240824-1409\jars\wagon-provider-api-3.5.3.jar
2025-09-20 21:46:24,411 [Worker-10: Launching lostAndFoundApplication (4)] INFO  o.eclipse.m2e.core.internal.Bundles - getClasspathEntries(Bundle=com.google.guava_33.4.8.jre [1028])
2025-09-20 21:46:24,412 [Worker-10: Launching lostAndFoundApplication (4)] INFO  o.eclipse.m2e.core.internal.Bundles - 	Entry: C:\Users\Dhaswan\.p2\pool\plugins\com.google.guava_33.4.8.jre.jar
2025-09-20 21:46:24,412 [Worker-10: Launching lostAndFoundApplication (4)] INFO  o.eclipse.m2e.core.internal.Bundles - getClasspathEntries(Bundle=slf4j.api_2.0.17 [1112])
2025-09-20 21:46:24,412 [Worker-10: Launching lostAndFoundApplication (4)] INFO  o.eclipse.m2e.core.internal.Bundles - 	Entry: C:\Users\Dhaswan\.p2\pool\plugins\slf4j.api_2.0.17.jar
2025-09-20 21:46:24,412 [Worker-10: Launching lostAndFoundApplication (4)] INFO  o.eclipse.m2e.core.internal.Bundles - getClasspathEntries(Bundle=jakarta.inject.jakarta.inject-api_1.0.5 [34])
2025-09-20 21:46:24,413 [Worker-10: Launching lostAndFoundApplication (4)] INFO  o.eclipse.m2e.core.internal.Bundles - 	Entry: C:\Users\Dhaswan\.p2\pool\plugins\jakarta.inject.jakarta.inject-api_1.0.5.jar
2025-09-20 21:46:24,414 [Worker-10: Launching lostAndFoundApplication (4)] INFO  o.eclipse.m2e.core.internal.Bundles - getClasspathEntries(Bundle=jakarta.annotation-api_1.3.5 [29])
2025-09-20 21:46:24,415 [Worker-10: Launching lostAndFoundApplication (4)] INFO  o.eclipse.m2e.core.internal.Bundles - 	Entry: C:\Users\Dhaswan\.p2\pool\plugins\jakarta.annotation-api_1.3.5.jar
2025-09-20 21:46:24,415 [Worker-10: Launching lostAndFoundApplication (4)] INFO  o.eclipse.m2e.core.internal.Bundles - getClasspathEntries(Bundle=org.apache.commons.cli_1.9.0 [78])
2025-09-20 21:46:24,416 [Worker-10: Launching lostAndFoundApplication (4)] INFO  o.eclipse.m2e.core.internal.Bundles - 	Entry: C:\Users\Dhaswan\.p2\pool\plugins\org.apache.commons.cli_1.9.0.jar
2025-09-20 21:46:24,416 [Worker-10: Launching lostAndFoundApplication (4)] INFO  o.eclipse.m2e.core.internal.Bundles - getClasspathEntries(Bundle=org.apache.commons.commons-codec_1.16.0 [81])
2025-09-20 21:46:24,416 [Worker-10: Launching lostAndFoundApplication (4)] INFO  o.eclipse.m2e.core.internal.Bundles - 	Entry: C:\Users\Dhaswan\.p2\pool\plugins\org.apache.commons.commons-codec_1.16.0.jar
2025-09-20 21:46:24,416 [Worker-10: Launching lostAndFoundApplication (4)] INFO  o.eclipse.m2e.core.internal.Bundles - getClasspathEntries(Bundle=com.google.guava.failureaccess_1.0.3 [1029])
2025-09-20 21:46:24,417 [Worker-10: Launching lostAndFoundApplication (4)] INFO  o.eclipse.m2e.core.internal.Bundles - 	Entry: C:\Users\Dhaswan\.p2\pool\plugins\com.google.guava.failureaccess_1.0.3.jar
2025-09-20 21:46:24,422 [Worker-10: Launching lostAndFoundApplication (4)] INFO  o.e.m.i.launch.MavenLaunchDelegate - Run build in "S:\InfosysProject\CampusManagement\lostAndFoundApplication":
2025-09-20 21:46:24,428 [Worker-10: Launching lostAndFoundApplication (4)] INFO  o.e.m.i.launch.MavenLaunchDelegate -  mvn  -Ppom.xml -B -Dstyle.color=always clean install
2025-09-20 22:15:39,016 [Worker-41: Building] INFO  o.a.m.s.f.DefaultMavenResourcesFiltering - Copying 1 resource from src\main\resources to target\classes
2025-09-20 22:15:39,036 [Worker-41: Building] INFO  o.a.m.s.f.DefaultMavenResourcesFiltering - Copying 0 resource from src\main\resources to target\classes
2025-09-20 22:15:39,041 [Worker-41: Building] INFO  o.a.m.s.f.DefaultMavenResourcesFiltering - skip non existing resourceDirectory S:\InfosysProject\CampusManagement\lostAndFoundApplication\src\test\resources
2025-09-21 15:46:01,290 [Worker-6: Loading available Gradle versions] INFO  o.e.b.c.i.u.g.PublishedGradleVersions - Gradle version information cache is up-to-date. Trying to read.
2025-09-21 15:49:00,026 [Worker-10: Building] INFO  o.a.m.s.f.DefaultMavenResourcesFiltering - Copying 1 resource from src\main\resources to target\classes
2025-09-21 15:49:00,061 [Worker-10: Building] INFO  o.a.m.s.f.DefaultMavenResourcesFiltering - Copying 0 resource from src\main\resources to target\classes
2025-09-21 15:49:00,067 [Worker-10: Building] INFO  o.a.m.s.f.DefaultMavenResourcesFiltering - skip non existing resourceDirectory S:\InfosysProject\CampusManagement\lostAndFoundApplication\src\test\resources
2025-09-21 16:03:41,061 [Worker-34: Updating Maven Project] INFO  o.e.m.c.i.p.ProjectConfigurationManager - Update started
2025-09-21 16:03:43,272 [Worker-34: Updating Maven Project] INFO  o.e.m.c.i.l.LifecycleMappingFactory - Using org.eclipse.m2e.jdt.JarLifecycleMapping lifecycle mapping for MavenProject: edu.infosys:lostAndFoundApplication:0.0.1-SNAPSHOT @ S:\InfosysProject\CampusManagement\lostAndFoundApplication\pom.xml.
2025-09-21 16:03:45,782 [Worker-34: Updating Maven Project] INFO  o.e.m.j.i.AbstractJavaProjectConfigurator - Adding source folder /lostAndFoundApplication/src/main/java
2025-09-21 16:03:45,785 [Worker-34: Updating Maven Project] INFO  o.e.m.j.i.AbstractJavaProjectConfigurator - Adding resource folder /lostAndFoundApplication/src/main/resources
2025-09-21 16:03:45,786 [Worker-34: Updating Maven Project] INFO  o.e.m.j.i.AbstractJavaProjectConfigurator - Adding resource folder /lostAndFoundApplication/src/main/resources
2025-09-21 16:03:45,787 [Worker-34: Updating Maven Project] INFO  o.e.m.j.i.AbstractJavaProjectConfigurator - Adding source folder /lostAndFoundApplication/src/test/java
2025-09-21 16:03:45,788 [Worker-34: Updating Maven Project] INFO  o.e.m.j.i.AbstractJavaProjectConfigurator - Adding resource folder /lostAndFoundApplication/src/test/resources
2025-09-21 16:03:46,332 [Worker-34: Updating Maven Project] INFO  o.e.m.c.i.p.ProjectConfigurationManager - Update completed for 1 poms: local refresh takes 0.00 sec, refresh facades takes 4.00 sec, update config takes 0.00 sec 
2025-09-21 16:03:47,039 [Worker-36: Building] INFO  o.a.m.s.f.DefaultMavenResourcesFiltering - Copying 1 resource from src\main\resources to target\classes
2025-09-21 16:03:47,061 [Worker-36: Building] INFO  o.a.m.s.f.DefaultMavenResourcesFiltering - Copying 0 resource from src\main\resources to target\classes
2025-09-21 16:03:47,070 [Worker-36: Building] INFO  o.a.m.s.f.DefaultMavenResourcesFiltering - skip non existing resourceDirectory S:\InfosysProject\CampusManagement\lostAndFoundApplication\src\test\resources
2025-09-21 16:03:48,164 [main] INFO  o.e.m2e.actions.ExecutePomAction - Creating new launch configuration
2025-09-21 16:03:57,248 [Worker-35: Launching lostAndFoundApplication (5)] INFO  o.eclipse.m2e.core.internal.Bundles - getClasspathEntries(Bundle=org.eclipse.m2e.maven.runtime_3.9.900.20240824-1409 [640])
2025-09-21 16:03:57,268 [Worker-35: Launching lostAndFoundApplication (5)] INFO  o.eclipse.m2e.core.internal.Bundles - 	Entry: C:\Users\Dhaswan\.p2\pool\plugins\org.eclipse.m2e.maven.runtime_3.9.900.20240824-1409
2025-09-21 16:03:57,270 [Worker-35: Launching lostAndFoundApplication (5)] INFO  o.eclipse.m2e.core.internal.Bundles - 	Entry: C:\Users\Dhaswan\.p2\pool\plugins\org.eclipse.m2e.maven.runtime_3.9.900.20240824-1409\jars\aopalliance-1.0.jar
2025-09-21 16:03:57,271 [Worker-35: Launching lostAndFoundApplication (5)] INFO  o.eclipse.m2e.core.internal.Bundles - 	Entry: C:\Users\Dhaswan\.p2\pool\plugins\org.eclipse.m2e.maven.runtime_3.9.900.20240824-1409\jars\guice-5.1.0.jar
2025-09-21 16:03:57,272 [Worker-35: Launching lostAndFoundApplication (5)] INFO  o.eclipse.m2e.core.internal.Bundles - 	Entry: C:\Users\Dhaswan\.p2\pool\plugins\org.eclipse.m2e.maven.runtime_3.9.900.20240824-1409\jars\httpclient-4.5.14.jar
2025-09-21 16:03:57,273 [Worker-35: Launching lostAndFoundApplication (5)] INFO  o.eclipse.m2e.core.internal.Bundles - 	Entry: C:\Users\Dhaswan\.p2\pool\plugins\org.eclipse.m2e.maven.runtime_3.9.900.20240824-1409\jars\httpcore-4.4.16.jar
2025-09-21 16:03:57,274 [Worker-35: Launching lostAndFoundApplication (5)] INFO  o.eclipse.m2e.core.internal.Bundles - 	Entry: C:\Users\Dhaswan\.p2\pool\plugins\org.eclipse.m2e.maven.runtime_3.9.900.20240824-1409\jars\jansi-2.4.1.jar
2025-09-21 16:03:57,275 [Worker-35: Launching lostAndFoundApplication (5)] INFO  o.eclipse.m2e.core.internal.Bundles - 	Entry: C:\Users\Dhaswan\.p2\pool\plugins\org.eclipse.m2e.maven.runtime_3.9.900.20240824-1409\jars\jcl-over-slf4j-1.7.36.jar
2025-09-21 16:03:57,276 [Worker-35: Launching lostAndFoundApplication (5)] INFO  o.eclipse.m2e.core.internal.Bundles - 	Entry: C:\Users\Dhaswan\.p2\pool\plugins\org.eclipse.m2e.maven.runtime_3.9.900.20240824-1409\jars\maven-artifact-3.9.9.jar
2025-09-21 16:03:57,277 [Worker-35: Launching lostAndFoundApplication (5)] INFO  o.eclipse.m2e.core.internal.Bundles - 	Entry: C:\Users\Dhaswan\.p2\pool\plugins\org.eclipse.m2e.maven.runtime_3.9.900.20240824-1409\jars\maven-builder-support-3.9.9.jar
2025-09-21 16:03:57,279 [Worker-35: Launching lostAndFoundApplication (5)] INFO  o.eclipse.m2e.core.internal.Bundles - 	Entry: C:\Users\Dhaswan\.p2\pool\plugins\org.eclipse.m2e.maven.runtime_3.9.900.20240824-1409\jars\maven-compat-3.9.9.jar
2025-09-21 16:03:57,280 [Worker-35: Launching lostAndFoundApplication (5)] INFO  o.eclipse.m2e.core.internal.Bundles - 	Entry: C:\Users\Dhaswan\.p2\pool\plugins\org.eclipse.m2e.maven.runtime_3.9.900.20240824-1409\jars\maven-core-3.9.9.jar
2025-09-21 16:03:57,282 [Worker-35: Launching lostAndFoundApplication (5)] INFO  o.eclipse.m2e.core.internal.Bundles - 	Entry: C:\Users\Dhaswan\.p2\pool\plugins\org.eclipse.m2e.maven.runtime_3.9.900.20240824-1409\jars\maven-embedder-3.9.9.jar
2025-09-21 16:03:57,283 [Worker-35: Launching lostAndFoundApplication (5)] INFO  o.eclipse.m2e.core.internal.Bundles - 	Entry: C:\Users\Dhaswan\.p2\pool\plugins\org.eclipse.m2e.maven.runtime_3.9.900.20240824-1409\jars\maven-model-3.9.9.jar
2025-09-21 16:03:57,284 [Worker-35: Launching lostAndFoundApplication (5)] INFO  o.eclipse.m2e.core.internal.Bundles - 	Entry: C:\Users\Dhaswan\.p2\pool\plugins\org.eclipse.m2e.maven.runtime_3.9.900.20240824-1409\jars\maven-model-builder-3.9.9.jar
2025-09-21 16:03:57,285 [Worker-35: Launching lostAndFoundApplication (5)] INFO  o.eclipse.m2e.core.internal.Bundles - 	Entry: C:\Users\Dhaswan\.p2\pool\plugins\org.eclipse.m2e.maven.runtime_3.9.900.20240824-1409\jars\maven-plugin-api-3.9.9.jar
2025-09-21 16:03:57,287 [Worker-35: Launching lostAndFoundApplication (5)] INFO  o.eclipse.m2e.core.internal.Bundles - 	Entry: C:\Users\Dhaswan\.p2\pool\plugins\org.eclipse.m2e.maven.runtime_3.9.900.20240824-1409\jars\maven-repository-metadata-3.9.9.jar
2025-09-21 16:03:57,288 [Worker-35: Launching lostAndFoundApplication (5)] INFO  o.eclipse.m2e.core.internal.Bundles - 	Entry: C:\Users\Dhaswan\.p2\pool\plugins\org.eclipse.m2e.maven.runtime_3.9.900.20240824-1409\jars\maven-resolver-api-1.9.22.jar
2025-09-21 16:03:57,289 [Worker-35: Launching lostAndFoundApplication (5)] INFO  o.eclipse.m2e.core.internal.Bundles - 	Entry: C:\Users\Dhaswan\.p2\pool\plugins\org.eclipse.m2e.maven.runtime_3.9.900.20240824-1409\jars\maven-resolver-connector-basic-1.9.22.jar
2025-09-21 16:03:57,290 [Worker-35: Launching lostAndFoundApplication (5)] INFO  o.eclipse.m2e.core.internal.Bundles - 	Entry: C:\Users\Dhaswan\.p2\pool\plugins\org.eclipse.m2e.maven.runtime_3.9.900.20240824-1409\jars\maven-resolver-impl-1.9.22.jar
2025-09-21 16:03:57,291 [Worker-35: Launching lostAndFoundApplication (5)] INFO  o.eclipse.m2e.core.internal.Bundles - 	Entry: C:\Users\Dhaswan\.p2\pool\plugins\org.eclipse.m2e.maven.runtime_3.9.900.20240824-1409\jars\maven-resolver-named-locks-1.9.22.jar
2025-09-21 16:03:57,292 [Worker-35: Launching lostAndFoundApplication (5)] INFO  o.eclipse.m2e.core.internal.Bundles - 	Entry: C:\Users\Dhaswan\.p2\pool\plugins\org.eclipse.m2e.maven.runtime_3.9.900.20240824-1409\jars\maven-resolver-provider-3.9.9.jar
2025-09-21 16:03:57,293 [Worker-35: Launching lostAndFoundApplication (5)] INFO  o.eclipse.m2e.core.internal.Bundles - 	Entry: C:\Users\Dhaswan\.p2\pool\plugins\org.eclipse.m2e.maven.runtime_3.9.900.20240824-1409\jars\maven-resolver-spi-1.9.22.jar
2025-09-21 16:03:57,294 [Worker-35: Launching lostAndFoundApplication (5)] INFO  o.eclipse.m2e.core.internal.Bundles - 	Entry: C:\Users\Dhaswan\.p2\pool\plugins\org.eclipse.m2e.maven.runtime_3.9.900.20240824-1409\jars\maven-resolver-transport-file-1.9.22.jar
2025-09-21 16:03:57,294 [Worker-35: Launching lostAndFoundApplication (5)] INFO  o.eclipse.m2e.core.internal.Bundles - 	Entry: C:\Users\Dhaswan\.p2\pool\plugins\org.eclipse.m2e.maven.runtime_3.9.900.20240824-1409\jars\maven-resolver-transport-http-1.9.22.jar
2025-09-21 16:03:57,295 [Worker-35: Launching lostAndFoundApplication (5)] INFO  o.eclipse.m2e.core.internal.Bundles - 	Entry: C:\Users\Dhaswan\.p2\pool\plugins\org.eclipse.m2e.maven.runtime_3.9.900.20240824-1409\jars\maven-resolver-transport-wagon-1.9.22.jar
2025-09-21 16:03:57,295 [Worker-35: Launching lostAndFoundApplication (5)] INFO  o.eclipse.m2e.core.internal.Bundles - 	Entry: C:\Users\Dhaswan\.p2\pool\plugins\org.eclipse.m2e.maven.runtime_3.9.900.20240824-1409\jars\maven-resolver-util-1.9.22.jar
2025-09-21 16:03:57,296 [Worker-35: Launching lostAndFoundApplication (5)] INFO  o.eclipse.m2e.core.internal.Bundles - 	Entry: C:\Users\Dhaswan\.p2\pool\plugins\org.eclipse.m2e.maven.runtime_3.9.900.20240824-1409\jars\maven-settings-3.9.9.jar
2025-09-21 16:03:57,297 [Worker-35: Launching lostAndFoundApplication (5)] INFO  o.eclipse.m2e.core.internal.Bundles - 	Entry: C:\Users\Dhaswan\.p2\pool\plugins\org.eclipse.m2e.maven.runtime_3.9.900.20240824-1409\jars\maven-settings-builder-3.9.9.jar
2025-09-21 16:03:57,297 [Worker-35: Launching lostAndFoundApplication (5)] INFO  o.eclipse.m2e.core.internal.Bundles - 	Entry: C:\Users\Dhaswan\.p2\pool\plugins\org.eclipse.m2e.maven.runtime_3.9.900.20240824-1409\jars\maven-shared-utils-3.4.2.jar
2025-09-21 16:03:57,298 [Worker-35: Launching lostAndFoundApplication (5)] INFO  o.eclipse.m2e.core.internal.Bundles - 	Entry: C:\Users\Dhaswan\.p2\pool\plugins\org.eclipse.m2e.maven.runtime_3.9.900.20240824-1409\jars\org.eclipse.sisu.inject-0.9.0.M3.jar
2025-09-21 16:03:57,299 [Worker-35: Launching lostAndFoundApplication (5)] INFO  o.eclipse.m2e.core.internal.Bundles - 	Entry: C:\Users\Dhaswan\.p2\pool\plugins\org.eclipse.m2e.maven.runtime_3.9.900.20240824-1409\jars\org.eclipse.sisu.plexus-0.9.0.M3.jar
2025-09-21 16:03:57,300 [Worker-35: Launching lostAndFoundApplication (5)] INFO  o.eclipse.m2e.core.internal.Bundles - 	Entry: C:\Users\Dhaswan\.p2\pool\plugins\org.eclipse.m2e.maven.runtime_3.9.900.20240824-1409\jars\plexus-build-api-0.0.7.jar
2025-09-21 16:03:57,301 [Worker-35: Launching lostAndFoundApplication (5)] INFO  o.eclipse.m2e.core.internal.Bundles - 	Entry: C:\Users\Dhaswan\.p2\pool\plugins\org.eclipse.m2e.maven.runtime_3.9.900.20240824-1409\jars\plexus-build-api-1.2.0.jar
2025-09-21 16:03:57,301 [Worker-35: Launching lostAndFoundApplication (5)] INFO  o.eclipse.m2e.core.internal.Bundles - 	Entry: C:\Users\Dhaswan\.p2\pool\plugins\org.eclipse.m2e.maven.runtime_3.9.900.20240824-1409\jars\plexus-cipher-2.0.jar
2025-09-21 16:03:57,302 [Worker-35: Launching lostAndFoundApplication (5)] INFO  o.eclipse.m2e.core.internal.Bundles - 	Entry: C:\Users\Dhaswan\.p2\pool\plugins\org.eclipse.m2e.maven.runtime_3.9.900.20240824-1409\jars\plexus-classworlds-2.8.0.jar
2025-09-21 16:03:57,303 [Worker-35: Launching lostAndFoundApplication (5)] INFO  o.eclipse.m2e.core.internal.Bundles - 	Entry: C:\Users\Dhaswan\.p2\pool\plugins\org.eclipse.m2e.maven.runtime_3.9.900.20240824-1409\jars\plexus-component-annotations-2.1.0.jar
2025-09-21 16:03:57,303 [Worker-35: Launching lostAndFoundApplication (5)] INFO  o.eclipse.m2e.core.internal.Bundles - 	Entry: C:\Users\Dhaswan\.p2\pool\plugins\org.eclipse.m2e.maven.runtime_3.9.900.20240824-1409\jars\plexus-interpolation-1.27.jar
2025-09-21 16:03:57,304 [Worker-35: Launching lostAndFoundApplication (5)] INFO  o.eclipse.m2e.core.internal.Bundles - 	Entry: C:\Users\Dhaswan\.p2\pool\plugins\org.eclipse.m2e.maven.runtime_3.9.900.20240824-1409\jars\plexus-sec-dispatcher-2.0.jar
2025-09-21 16:03:57,306 [Worker-35: Launching lostAndFoundApplication (5)] INFO  o.eclipse.m2e.core.internal.Bundles - 	Entry: C:\Users\Dhaswan\.p2\pool\plugins\org.eclipse.m2e.maven.runtime_3.9.900.20240824-1409\jars\plexus-utils-3.5.1.jar
2025-09-21 16:03:57,307 [Worker-35: Launching lostAndFoundApplication (5)] INFO  o.eclipse.m2e.core.internal.Bundles - 	Entry: C:\Users\Dhaswan\.p2\pool\plugins\org.eclipse.m2e.maven.runtime_3.9.900.20240824-1409\jars\plexus-xml-3.0.1.jar
2025-09-21 16:03:57,309 [Worker-35: Launching lostAndFoundApplication (5)] INFO  o.eclipse.m2e.core.internal.Bundles - 	Entry: C:\Users\Dhaswan\.p2\pool\plugins\org.eclipse.m2e.maven.runtime_3.9.900.20240824-1409\jars\wagon-file-3.5.3.jar
2025-09-21 16:03:57,309 [Worker-35: Launching lostAndFoundApplication (5)] INFO  o.eclipse.m2e.core.internal.Bundles - 	Entry: C:\Users\Dhaswan\.p2\pool\plugins\org.eclipse.m2e.maven.runtime_3.9.900.20240824-1409\jars\wagon-http-3.5.3.jar
2025-09-21 16:03:57,310 [Worker-35: Launching lostAndFoundApplication (5)] INFO  o.eclipse.m2e.core.internal.Bundles - 	Entry: C:\Users\Dhaswan\.p2\pool\plugins\org.eclipse.m2e.maven.runtime_3.9.900.20240824-1409\jars\wagon-http-shared-3.5.3.jar
2025-09-21 16:03:57,311 [Worker-35: Launching lostAndFoundApplication (5)] INFO  o.eclipse.m2e.core.internal.Bundles - 	Entry: C:\Users\Dhaswan\.p2\pool\plugins\org.eclipse.m2e.maven.runtime_3.9.900.20240824-1409\jars\wagon-provider-api-3.5.3.jar
2025-09-21 16:03:57,318 [Worker-35: Launching lostAndFoundApplication (5)] INFO  o.eclipse.m2e.core.internal.Bundles - getClasspathEntries(Bundle=com.google.guava_33.4.8.jre [1028])
2025-09-21 16:03:57,322 [Worker-35: Launching lostAndFoundApplication (5)] INFO  o.eclipse.m2e.core.internal.Bundles - 	Entry: C:\Users\Dhaswan\.p2\pool\plugins\com.google.guava_33.4.8.jre.jar
2025-09-21 16:03:57,323 [Worker-35: Launching lostAndFoundApplication (5)] INFO  o.eclipse.m2e.core.internal.Bundles - getClasspathEntries(Bundle=slf4j.api_2.0.17 [1112])
2025-09-21 16:03:57,326 [Worker-35: Launching lostAndFoundApplication (5)] INFO  o.eclipse.m2e.core.internal.Bundles - 	Entry: C:\Users\Dhaswan\.p2\pool\plugins\slf4j.api_2.0.17.jar
2025-09-21 16:03:57,327 [Worker-35: Launching lostAndFoundApplication (5)] INFO  o.eclipse.m2e.core.internal.Bundles - getClasspathEntries(Bundle=jakarta.inject.jakarta.inject-api_1.0.5 [34])
2025-09-21 16:03:57,329 [Worker-35: Launching lostAndFoundApplication (5)] INFO  o.eclipse.m2e.core.internal.Bundles - 	Entry: C:\Users\Dhaswan\.p2\pool\plugins\jakarta.inject.jakarta.inject-api_1.0.5.jar
2025-09-21 16:03:57,329 [Worker-35: Launching lostAndFoundApplication (5)] INFO  o.eclipse.m2e.core.internal.Bundles - getClasspathEntries(Bundle=jakarta.annotation-api_1.3.5 [29])
2025-09-21 16:03:57,330 [Worker-35: Launching lostAndFoundApplication (5)] INFO  o.eclipse.m2e.core.internal.Bundles - 	Entry: C:\Users\Dhaswan\.p2\pool\plugins\jakarta.annotation-api_1.3.5.jar
2025-09-21 16:03:57,331 [Worker-35: Launching lostAndFoundApplication (5)] INFO  o.eclipse.m2e.core.internal.Bundles - getClasspathEntries(Bundle=org.apache.commons.cli_1.9.0 [78])
2025-09-21 16:03:57,332 [Worker-35: Launching lostAndFoundApplication (5)] INFO  o.eclipse.m2e.core.internal.Bundles - 	Entry: C:\Users\Dhaswan\.p2\pool\plugins\org.apache.commons.cli_1.9.0.jar
2025-09-21 16:03:57,333 [Worker-35: Launching lostAndFoundApplication (5)] INFO  o.eclipse.m2e.core.internal.Bundles - getClasspathEntries(Bundle=org.apache.commons.commons-codec_1.16.0 [81])
2025-09-21 16:03:57,334 [Worker-35: Launching lostAndFoundApplication (5)] INFO  o.eclipse.m2e.core.internal.Bundles - 	Entry: C:\Users\Dhaswan\.p2\pool\plugins\org.apache.commons.commons-codec_1.16.0.jar
2025-09-21 16:03:57,335 [Worker-35: Launching lostAndFoundApplication (5)] INFO  o.eclipse.m2e.core.internal.Bundles - getClasspathEntries(Bundle=com.google.guava.failureaccess_1.0.3 [1029])
2025-09-21 16:03:57,336 [Worker-35: Launching lostAndFoundApplication (5)] INFO  o.eclipse.m2e.core.internal.Bundles - 	Entry: C:\Users\Dhaswan\.p2\pool\plugins\com.google.guava.failureaccess_1.0.3.jar
2025-09-21 16:03:57,348 [Worker-35: Launching lostAndFoundApplication (5)] INFO  o.e.m.i.launch.MavenLaunchDelegate - Run build in "S:\InfosysProject\CampusManagement\lostAndFoundApplication":
2025-09-21 16:03:57,350 [Worker-35: Launching lostAndFoundApplication (5)] INFO  o.e.m.i.launch.MavenLaunchDelegate -  mvn  -Ppom.xml -B -Dstyle.color=always clean install
2025-09-22 20:00:25,139 [Worker-4: Loading available Gradle versions] INFO  o.e.b.c.i.u.g.PublishedGradleVersions - Gradle version information cache is out-of-date. Trying to update.
2025-09-22 20:19:23,682 [Worker-42: Building] INFO  o.a.m.s.f.DefaultMavenResourcesFiltering - Copying 1 resource from src\main\resources to target\classes
2025-09-22 20:19:23,733 [Worker-42: Building] INFO  o.a.m.s.f.DefaultMavenResourcesFiltering - Copying 0 resource from src\main\resources to target\classes
2025-09-22 20:19:23,743 [Worker-42: Building] INFO  o.a.m.s.f.DefaultMavenResourcesFiltering - skip non existing resourceDirectory S:\InfosysProject\CampusManagement\lostAndFoundApplication\src\test\resources
2025-09-22 20:19:31,574 [Worker-39: Building] INFO  o.a.m.s.f.DefaultMavenResourcesFiltering - Copying 1 resource from src\main\resources to target\classes
2025-09-22 20:19:31,580 [Worker-39: Building] INFO  o.a.m.s.f.DefaultMavenResourcesFiltering - Copying 0 resource from src\main\resources to target\classes
2025-09-22 20:19:31,583 [Worker-39: Building] INFO  o.a.m.s.f.DefaultMavenResourcesFiltering - skip non existing resourceDirectory S:\InfosysProject\CampusManagement\lostAndFoundApplication\src\test\resources
2025-09-22 20:37:46,947 [Worker-51: Building] INFO  o.a.m.s.f.DefaultMavenResourcesFiltering - Copying 1 resource from src\main\resources to target\classes
2025-09-22 20:37:46,959 [Worker-51: Building] INFO  o.a.m.s.f.DefaultMavenResourcesFiltering - Copying 0 resource from src\main\resources to target\classes
2025-09-22 20:37:46,965 [Worker-51: Building] INFO  o.a.m.s.f.DefaultMavenResourcesFiltering - skip non existing resourceDirectory S:\InfosysProject\CampusManagement\lostAndFoundApplication\src\test\resources
2025-09-22 20:39:51,837 [Worker-51: Building] INFO  o.a.m.s.f.DefaultMavenResourcesFiltering - Copying 1 resource from src\main\resources to target\classes
2025-09-22 20:39:51,862 [Worker-51: Building] INFO  o.a.m.s.f.DefaultMavenResourcesFiltering - Copying 0 resource from src\main\resources to target\classes
2025-09-22 20:39:51,867 [Worker-51: Building] INFO  o.a.m.s.f.DefaultMavenResourcesFiltering - skip non existing resourceDirectory S:\InfosysProject\CampusManagement\lostAndFoundApplication\src\test\resources
2025-09-23 20:02:13,387 [Worker-6: Loading available Gradle versions] INFO  o.e.b.c.i.u.g.PublishedGradleVersions - Gradle version information cache is out-of-date. Trying to update.
2025-09-24 20:17:44,938 [Worker-33: Loading available Gradle versions] INFO  o.e.b.c.i.u.g.PublishedGradleVersions - Gradle version information cache is out-of-date. Trying to update.
2025-09-25 19:52:49,380 [Worker-1: Loading available Gradle versions] INFO  o.e.b.c.i.u.g.PublishedGradleVersions - Gradle version information cache is up-to-date. Trying to read.
2025-09-25 19:53:03,530 [Worker-13: Launching lostAndFoundApplication - LostAndFoundApplication] INFO  o.a.m.s.f.DefaultMavenResourcesFiltering - Copying 1 resource from src\main\resources to target\classes
2025-09-25 19:53:03,564 [Worker-13: Launching lostAndFoundApplication - LostAndFoundApplication] INFO  o.a.m.s.f.DefaultMavenResourcesFiltering - Copying 0 resource from src\main\resources to target\classes
2025-09-25 19:53:03,569 [Worker-13: Launching lostAndFoundApplication - LostAndFoundApplication] INFO  o.a.m.s.f.DefaultMavenResourcesFiltering - skip non existing resourceDirectory S:\InfosysProject\CampusManagement\lostAndFoundApplication\src\test\resources
2025-09-25 20:22:33,996 [Worker-36: Building] INFO  o.a.m.s.f.DefaultMavenResourcesFiltering - Copying 1 resource from src\main\resources to target\classes
2025-09-25 20:22:34,073 [Worker-36: Building] INFO  o.a.m.s.f.DefaultMavenResourcesFiltering - Copying 0 resource from src\main\resources to target\classes
2025-09-25 20:22:34,079 [Worker-36: Building] INFO  o.a.m.s.f.DefaultMavenResourcesFiltering - skip non existing resourceDirectory S:\InfosysProject\CampusManagement\lostAndFoundApplication\src\test\resources
2025-09-25 20:28:58,508 [Worker-40: Building] INFO  o.a.m.s.f.DefaultMavenResourcesFiltering - Copying 1 resource from src\main\resources to target\classes
2025-09-25 20:28:58,519 [Worker-40: Building] INFO  o.a.m.s.f.DefaultMavenResourcesFiltering - Copying 0 resource from src\main\resources to target\classes
2025-09-25 20:28:58,521 [Worker-40: Building] INFO  o.a.m.s.f.DefaultMavenResourcesFiltering - skip non existing resourceDirectory S:\InfosysProject\CampusManagement\lostAndFoundApplication\src\test\resources
2025-09-25 20:29:26,610 [Worker-38: Building] INFO  o.a.m.s.f.DefaultMavenResourcesFiltering - Copying 1 resource from src\main\resources to target\classes
2025-09-25 20:29:26,618 [Worker-38: Building] INFO  o.a.m.s.f.DefaultMavenResourcesFiltering - Copying 0 resource from src\main\resources to target\classes
2025-09-25 20:29:26,621 [Worker-38: Building] INFO  o.a.m.s.f.DefaultMavenResourcesFiltering - skip non existing resourceDirectory S:\InfosysProject\CampusManagement\lostAndFoundApplication\src\test\resources
2025-09-25 20:30:55,940 [Worker-42: Building] INFO  o.a.m.s.f.DefaultMavenResourcesFiltering - Copying 1 resource from src\main\resources to target\classes
2025-09-25 20:30:55,959 [Worker-42: Building] INFO  o.a.m.s.f.DefaultMavenResourcesFiltering - Copying 0 resource from src\main\resources to target\classes
2025-09-25 20:30:55,966 [Worker-42: Building] INFO  o.a.m.s.f.DefaultMavenResourcesFiltering - skip non existing resourceDirectory S:\InfosysProject\CampusManagement\lostAndFoundApplication\src\test\resources
2025-09-25 20:31:13,995 [Worker-38: Building] INFO  o.a.m.s.f.DefaultMavenResourcesFiltering - Copying 1 resource from src\main\resources to target\classes
2025-09-25 20:31:14,005 [Worker-38: Building] INFO  o.a.m.s.f.DefaultMavenResourcesFiltering - Copying 0 resource from src\main\resources to target\classes
2025-09-25 20:31:14,008 [Worker-38: Building] INFO  o.a.m.s.f.DefaultMavenResourcesFiltering - skip non existing resourceDirectory S:\InfosysProject\CampusManagement\lostAndFoundApplication\src\test\resources
2025-09-25 20:31:30,965 [Worker-38: Building] INFO  o.a.m.s.f.DefaultMavenResourcesFiltering - Copying 1 resource from src\main\resources to target\classes
2025-09-25 20:31:30,973 [Worker-38: Building] INFO  o.a.m.s.f.DefaultMavenResourcesFiltering - Copying 0 resource from src\main\resources to target\classes
2025-09-25 20:31:30,976 [Worker-38: Building] INFO  o.a.m.s.f.DefaultMavenResourcesFiltering - skip non existing resourceDirectory S:\InfosysProject\CampusManagement\lostAndFoundApplication\src\test\resources
2025-09-25 20:37:35,809 [Worker-39: Building] INFO  o.a.m.s.f.DefaultMavenResourcesFiltering - Copying 1 resource from src\main\resources to target\classes
2025-09-25 20:37:35,838 [Worker-39: Building] INFO  o.a.m.s.f.DefaultMavenResourcesFiltering - Copying 0 resource from src\main\resources to target\classes
2025-09-25 20:37:35,855 [Worker-39: Building] INFO  o.a.m.s.f.DefaultMavenResourcesFiltering - skip non existing resourceDirectory S:\InfosysProject\CampusManagement\lostAndFoundApplication\src\test\resources
2025-09-25 20:38:01,775 [Worker-39: Building] INFO  o.a.m.s.f.DefaultMavenResourcesFiltering - Copying 1 resource from src\main\resources to target\classes
2025-09-25 20:38:01,846 [Worker-39: Building] INFO  o.a.m.s.f.DefaultMavenResourcesFiltering - Copying 0 resource from src\main\resources to target\classes
2025-09-25 20:38:01,851 [Worker-39: Building] INFO  o.a.m.s.f.DefaultMavenResourcesFiltering - skip non existing resourceDirectory S:\InfosysProject\CampusManagement\lostAndFoundApplication\src\test\resources
2025-09-25 20:38:22,215 [Worker-47: Building] INFO  o.a.m.s.f.DefaultMavenResourcesFiltering - Copying 1 resource from src\main\resources to target\classes
2025-09-25 20:38:22,223 [Worker-47: Building] INFO  o.a.m.s.f.DefaultMavenResourcesFiltering - Copying 0 resource from src\main\resources to target\classes
2025-09-25 20:38:22,226 [Worker-47: Building] INFO  o.a.m.s.f.DefaultMavenResourcesFiltering - skip non existing resourceDirectory S:\InfosysProject\CampusManagement\lostAndFoundApplication\src\test\resources
2025-09-25 20:39:41,091 [Worker-44: Building] INFO  o.a.m.s.f.DefaultMavenResourcesFiltering - Copying 1 resource from src\main\resources to target\classes
2025-09-25 20:39:41,124 [Worker-44: Building] INFO  o.a.m.s.f.DefaultMavenResourcesFiltering - Copying 0 resource from src\main\resources to target\classes
2025-09-25 20:39:41,127 [Worker-44: Building] INFO  o.a.m.s.f.DefaultMavenResourcesFiltering - skip non existing resourceDirectory S:\InfosysProject\CampusManagement\lostAndFoundApplication\src\test\resources
2025-09-25 20:40:00,827 [Worker-45: Building] INFO  o.a.m.s.f.DefaultMavenResourcesFiltering - Copying 1 resource from src\main\resources to target\classes
2025-09-25 20:40:00,840 [Worker-45: Building] INFO  o.a.m.s.f.DefaultMavenResourcesFiltering - Copying 0 resource from src\main\resources to target\classes
2025-09-25 20:40:00,843 [Worker-45: Building] INFO  o.a.m.s.f.DefaultMavenResourcesFiltering - skip non existing resourceDirectory S:\InfosysProject\CampusManagement\lostAndFoundApplication\src\test\resources
2025-09-25 20:46:12,989 [Worker-50: Building] INFO  o.a.m.s.f.DefaultMavenResourcesFiltering - Copying 1 resource from src\main\resources to target\classes
2025-09-25 20:46:13,064 [Worker-50: Building] INFO  o.a.m.s.f.DefaultMavenResourcesFiltering - Copying 0 resource from src\main\resources to target\classes
2025-09-25 20:46:13,073 [Worker-50: Building] INFO  o.a.m.s.f.DefaultMavenResourcesFiltering - skip non existing resourceDirectory S:\InfosysProject\CampusManagement\lostAndFoundApplication\src\test\resources
2025-09-25 20:46:18,290 [Worker-51: Building] INFO  o.a.m.s.f.DefaultMavenResourcesFiltering - Copying 0 resource from src\main\resources to target\classes
2025-09-25 20:46:18,292 [Worker-51: Building] INFO  o.a.m.s.f.DefaultMavenResourcesFiltering - Copying 0 resource from src\main\resources to target\classes
2025-09-25 20:46:18,295 [Worker-51: Building] INFO  o.a.m.s.f.DefaultMavenResourcesFiltering - skip non existing resourceDirectory S:\InfosysProject\CampusManagement\lostAndFoundApplication\src\test\resources
2025-09-25 20:46:27,883 [Worker-48: Building] INFO  o.a.m.s.f.DefaultMavenResourcesFiltering - Copying 1 resource from src\main\resources to target\classes
2025-09-25 20:46:27,898 [Worker-48: Building] INFO  o.a.m.s.f.DefaultMavenResourcesFiltering - Copying 0 resource from src\main\resources to target\classes
2025-09-25 20:46:27,904 [Worker-48: Building] INFO  o.a.m.s.f.DefaultMavenResourcesFiltering - skip non existing resourceDirectory S:\InfosysProject\CampusManagement\lostAndFoundApplication\src\test\resources
2025-09-25 20:46:50,707 [Worker-48: Updating Maven Project] INFO  o.e.m.c.i.p.ProjectConfigurationManager - Update started
2025-09-25 20:46:52,444 [Worker-48: Updating Maven Project] INFO  o.e.m.c.i.l.LifecycleMappingFactory - Using org.eclipse.m2e.jdt.JarLifecycleMapping lifecycle mapping for MavenProject: edu.infosys:lostAndFoundApplication:0.0.1-SNAPSHOT @ S:\InfosysProject\CampusManagement\lostAndFoundApplication\pom.xml.
2025-09-25 20:46:53,856 [Worker-48: Updating Maven Project] INFO  o.e.m.j.i.AbstractJavaProjectConfigurator - Adding source folder /lostAndFoundApplication/src/main/java
2025-09-25 20:46:53,860 [Worker-48: Updating Maven Project] INFO  o.e.m.j.i.AbstractJavaProjectConfigurator - Adding resource folder /lostAndFoundApplication/src/main/resources
2025-09-25 20:46:53,861 [Worker-48: Updating Maven Project] INFO  o.e.m.j.i.AbstractJavaProjectConfigurator - Adding resource folder /lostAndFoundApplication/src/main/resources
2025-09-25 20:46:53,863 [Worker-48: Updating Maven Project] INFO  o.e.m.j.i.AbstractJavaProjectConfigurator - Adding source folder /lostAndFoundApplication/src/test/java
2025-09-25 20:46:53,864 [Worker-48: Updating Maven Project] INFO  o.e.m.j.i.AbstractJavaProjectConfigurator - Adding resource folder /lostAndFoundApplication/src/test/resources
2025-09-25 20:46:54,353 [Worker-48: Updating Maven Project] INFO  o.e.m.c.i.p.ProjectConfigurationManager - Update completed for 1 poms: local refresh takes 0.00 sec, refresh facades takes 2.00 sec, update config takes 0.00 sec 
2025-09-25 20:46:54,795 [Worker-48: Building] INFO  o.a.m.s.f.DefaultMavenResourcesFiltering - Copying 1 resource from src\main\resources to target\classes
2025-09-25 20:46:54,811 [Worker-48: Building] INFO  o.a.m.s.f.DefaultMavenResourcesFiltering - Copying 0 resource from src\main\resources to target\classes
2025-09-25 20:46:54,817 [Worker-48: Building] INFO  o.a.m.s.f.DefaultMavenResourcesFiltering - skip non existing resourceDirectory S:\InfosysProject\CampusManagement\lostAndFoundApplication\src\test\resources
2025-09-25 20:46:58,696 [main] INFO  o.e.m2e.actions.ExecutePomAction - Creating new launch configuration
2025-09-25 20:47:16,490 [Worker-48: Launching lostAndFoundApplication (6)] INFO  o.eclipse.m2e.core.internal.Bundles - getClasspathEntries(Bundle=org.eclipse.m2e.maven.runtime_3.9.900.20240824-1409 [640])
2025-09-25 20:47:16,498 [Worker-48: Launching lostAndFoundApplication (6)] INFO  o.eclipse.m2e.core.internal.Bundles - 	Entry: C:\Users\Dhaswan\.p2\pool\plugins\org.eclipse.m2e.maven.runtime_3.9.900.20240824-1409
2025-09-25 20:47:16,499 [Worker-48: Launching lostAndFoundApplication (6)] INFO  o.eclipse.m2e.core.internal.Bundles - 	Entry: C:\Users\Dhaswan\.p2\pool\plugins\org.eclipse.m2e.maven.runtime_3.9.900.20240824-1409\jars\aopalliance-1.0.jar
2025-09-25 20:47:16,499 [Worker-48: Launching lostAndFoundApplication (6)] INFO  o.eclipse.m2e.core.internal.Bundles - 	Entry: C:\Users\Dhaswan\.p2\pool\plugins\org.eclipse.m2e.maven.runtime_3.9.900.20240824-1409\jars\guice-5.1.0.jar
2025-09-25 20:47:16,499 [Worker-48: Launching lostAndFoundApplication (6)] INFO  o.eclipse.m2e.core.internal.Bundles - 	Entry: C:\Users\Dhaswan\.p2\pool\plugins\org.eclipse.m2e.maven.runtime_3.9.900.20240824-1409\jars\httpclient-4.5.14.jar
2025-09-25 20:47:16,500 [Worker-48: Launching lostAndFoundApplication (6)] INFO  o.eclipse.m2e.core.internal.Bundles - 	Entry: C:\Users\Dhaswan\.p2\pool\plugins\org.eclipse.m2e.maven.runtime_3.9.900.20240824-1409\jars\httpcore-4.4.16.jar
2025-09-25 20:47:16,500 [Worker-48: Launching lostAndFoundApplication (6)] INFO  o.eclipse.m2e.core.internal.Bundles - 	Entry: C:\Users\Dhaswan\.p2\pool\plugins\org.eclipse.m2e.maven.runtime_3.9.900.20240824-1409\jars\jansi-2.4.1.jar
2025-09-25 20:47:16,500 [Worker-48: Launching lostAndFoundApplication (6)] INFO  o.eclipse.m2e.core.internal.Bundles - 	Entry: C:\Users\Dhaswan\.p2\pool\plugins\org.eclipse.m2e.maven.runtime_3.9.900.20240824-1409\jars\jcl-over-slf4j-1.7.36.jar
2025-09-25 20:47:16,500 [Worker-48: Launching lostAndFoundApplication (6)] INFO  o.eclipse.m2e.core.internal.Bundles - 	Entry: C:\Users\Dhaswan\.p2\pool\plugins\org.eclipse.m2e.maven.runtime_3.9.900.20240824-1409\jars\maven-artifact-3.9.9.jar
2025-09-25 20:47:16,500 [Worker-48: Launching lostAndFoundApplication (6)] INFO  o.eclipse.m2e.core.internal.Bundles - 	Entry: C:\Users\Dhaswan\.p2\pool\plugins\org.eclipse.m2e.maven.runtime_3.9.900.20240824-1409\jars\maven-builder-support-3.9.9.jar
2025-09-25 20:47:16,501 [Worker-48: Launching lostAndFoundApplication (6)] INFO  o.eclipse.m2e.core.internal.Bundles - 	Entry: C:\Users\Dhaswan\.p2\pool\plugins\org.eclipse.m2e.maven.runtime_3.9.900.20240824-1409\jars\maven-compat-3.9.9.jar
2025-09-25 20:47:16,501 [Worker-48: Launching lostAndFoundApplication (6)] INFO  o.eclipse.m2e.core.internal.Bundles - 	Entry: C:\Users\Dhaswan\.p2\pool\plugins\org.eclipse.m2e.maven.runtime_3.9.900.20240824-1409\jars\maven-core-3.9.9.jar
2025-09-25 20:47:16,502 [Worker-48: Launching lostAndFoundApplication (6)] INFO  o.eclipse.m2e.core.internal.Bundles - 	Entry: C:\Users\Dhaswan\.p2\pool\plugins\org.eclipse.m2e.maven.runtime_3.9.900.20240824-1409\jars\maven-embedder-3.9.9.jar
2025-09-25 20:47:16,502 [Worker-48: Launching lostAndFoundApplication (6)] INFO  o.eclipse.m2e.core.internal.Bundles - 	Entry: C:\Users\Dhaswan\.p2\pool\plugins\org.eclipse.m2e.maven.runtime_3.9.900.20240824-1409\jars\maven-model-3.9.9.jar
2025-09-25 20:47:16,502 [Worker-48: Launching lostAndFoundApplication (6)] INFO  o.eclipse.m2e.core.internal.Bundles - 	Entry: C:\Users\Dhaswan\.p2\pool\plugins\org.eclipse.m2e.maven.runtime_3.9.900.20240824-1409\jars\maven-model-builder-3.9.9.jar
2025-09-25 20:47:16,503 [Worker-48: Launching lostAndFoundApplication (6)] INFO  o.eclipse.m2e.core.internal.Bundles - 	Entry: C:\Users\Dhaswan\.p2\pool\plugins\org.eclipse.m2e.maven.runtime_3.9.900.20240824-1409\jars\maven-plugin-api-3.9.9.jar
2025-09-25 20:47:16,504 [Worker-48: Launching lostAndFoundApplication (6)] INFO  o.eclipse.m2e.core.internal.Bundles - 	Entry: C:\Users\Dhaswan\.p2\pool\plugins\org.eclipse.m2e.maven.runtime_3.9.900.20240824-1409\jars\maven-repository-metadata-3.9.9.jar
2025-09-25 20:47:16,506 [Worker-48: Launching lostAndFoundApplication (6)] INFO  o.eclipse.m2e.core.internal.Bundles - 	Entry: C:\Users\Dhaswan\.p2\pool\plugins\org.eclipse.m2e.maven.runtime_3.9.900.20240824-1409\jars\maven-resolver-api-1.9.22.jar
2025-09-25 20:47:16,507 [Worker-48: Launching lostAndFoundApplication (6)] INFO  o.eclipse.m2e.core.internal.Bundles - 	Entry: C:\Users\Dhaswan\.p2\pool\plugins\org.eclipse.m2e.maven.runtime_3.9.900.20240824-1409\jars\maven-resolver-connector-basic-1.9.22.jar
2025-09-25 20:47:16,507 [Worker-48: Launching lostAndFoundApplication (6)] INFO  o.eclipse.m2e.core.internal.Bundles - 	Entry: C:\Users\Dhaswan\.p2\pool\plugins\org.eclipse.m2e.maven.runtime_3.9.900.20240824-1409\jars\maven-resolver-impl-1.9.22.jar
2025-09-25 20:47:16,508 [Worker-48: Launching lostAndFoundApplication (6)] INFO  o.eclipse.m2e.core.internal.Bundles - 	Entry: C:\Users\Dhaswan\.p2\pool\plugins\org.eclipse.m2e.maven.runtime_3.9.900.20240824-1409\jars\maven-resolver-named-locks-1.9.22.jar
2025-09-25 20:47:16,509 [Worker-48: Launching lostAndFoundApplication (6)] INFO  o.eclipse.m2e.core.internal.Bundles - 	Entry: C:\Users\Dhaswan\.p2\pool\plugins\org.eclipse.m2e.maven.runtime_3.9.900.20240824-1409\jars\maven-resolver-provider-3.9.9.jar
2025-09-25 20:47:16,509 [Worker-48: Launching lostAndFoundApplication (6)] INFO  o.eclipse.m2e.core.internal.Bundles - 	Entry: C:\Users\Dhaswan\.p2\pool\plugins\org.eclipse.m2e.maven.runtime_3.9.900.20240824-1409\jars\maven-resolver-spi-1.9.22.jar
2025-09-25 20:47:16,510 [Worker-48: Launching lostAndFoundApplication (6)] INFO  o.eclipse.m2e.core.internal.Bundles - 	Entry: C:\Users\Dhaswan\.p2\pool\plugins\org.eclipse.m2e.maven.runtime_3.9.900.20240824-1409\jars\maven-resolver-transport-file-1.9.22.jar
2025-09-25 20:47:16,510 [Worker-48: Launching lostAndFoundApplication (6)] INFO  o.eclipse.m2e.core.internal.Bundles - 	Entry: C:\Users\Dhaswan\.p2\pool\plugins\org.eclipse.m2e.maven.runtime_3.9.900.20240824-1409\jars\maven-resolver-transport-http-1.9.22.jar
2025-09-25 20:47:16,510 [Worker-48: Launching lostAndFoundApplication (6)] INFO  o.eclipse.m2e.core.internal.Bundles - 	Entry: C:\Users\Dhaswan\.p2\pool\plugins\org.eclipse.m2e.maven.runtime_3.9.900.20240824-1409\jars\maven-resolver-transport-wagon-1.9.22.jar
2025-09-25 20:47:16,511 [Worker-48: Launching lostAndFoundApplication (6)] INFO  o.eclipse.m2e.core.internal.Bundles - 	Entry: C:\Users\Dhaswan\.p2\pool\plugins\org.eclipse.m2e.maven.runtime_3.9.900.20240824-1409\jars\maven-resolver-util-1.9.22.jar
2025-09-25 20:47:16,511 [Worker-48: Launching lostAndFoundApplication (6)] INFO  o.eclipse.m2e.core.internal.Bundles - 	Entry: C:\Users\Dhaswan\.p2\pool\plugins\org.eclipse.m2e.maven.runtime_3.9.900.20240824-1409\jars\maven-settings-3.9.9.jar
2025-09-25 20:47:16,511 [Worker-48: Launching lostAndFoundApplication (6)] INFO  o.eclipse.m2e.core.internal.Bundles - 	Entry: C:\Users\Dhaswan\.p2\pool\plugins\org.eclipse.m2e.maven.runtime_3.9.900.20240824-1409\jars\maven-settings-builder-3.9.9.jar
2025-09-25 20:47:16,512 [Worker-48: Launching lostAndFoundApplication (6)] INFO  o.eclipse.m2e.core.internal.Bundles - 	Entry: C:\Users\Dhaswan\.p2\pool\plugins\org.eclipse.m2e.maven.runtime_3.9.900.20240824-1409\jars\maven-shared-utils-3.4.2.jar
2025-09-25 20:47:16,512 [Worker-48: Launching lostAndFoundApplication (6)] INFO  o.eclipse.m2e.core.internal.Bundles - 	Entry: C:\Users\Dhaswan\.p2\pool\plugins\org.eclipse.m2e.maven.runtime_3.9.900.20240824-1409\jars\org.eclipse.sisu.inject-0.9.0.M3.jar
2025-09-25 20:47:16,512 [Worker-48: Launching lostAndFoundApplication (6)] INFO  o.eclipse.m2e.core.internal.Bundles - 	Entry: C:\Users\Dhaswan\.p2\pool\plugins\org.eclipse.m2e.maven.runtime_3.9.900.20240824-1409\jars\org.eclipse.sisu.plexus-0.9.0.M3.jar
2025-09-25 20:47:16,512 [Worker-48: Launching lostAndFoundApplication (6)] INFO  o.eclipse.m2e.core.internal.Bundles - 	Entry: C:\Users\Dhaswan\.p2\pool\plugins\org.eclipse.m2e.maven.runtime_3.9.900.20240824-1409\jars\plexus-build-api-0.0.7.jar
2025-09-25 20:47:16,512 [Worker-48: Launching lostAndFoundApplication (6)] INFO  o.eclipse.m2e.core.internal.Bundles - 	Entry: C:\Users\Dhaswan\.p2\pool\plugins\org.eclipse.m2e.maven.runtime_3.9.900.20240824-1409\jars\plexus-build-api-1.2.0.jar
2025-09-25 20:47:16,512 [Worker-48: Launching lostAndFoundApplication (6)] INFO  o.eclipse.m2e.core.internal.Bundles - 	Entry: C:\Users\Dhaswan\.p2\pool\plugins\org.eclipse.m2e.maven.runtime_3.9.900.20240824-1409\jars\plexus-cipher-2.0.jar
2025-09-25 20:47:16,513 [Worker-48: Launching lostAndFoundApplication (6)] INFO  o.eclipse.m2e.core.internal.Bundles - 	Entry: C:\Users\Dhaswan\.p2\pool\plugins\org.eclipse.m2e.maven.runtime_3.9.900.20240824-1409\jars\plexus-classworlds-2.8.0.jar
2025-09-25 20:47:16,513 [Worker-48: Launching lostAndFoundApplication (6)] INFO  o.eclipse.m2e.core.internal.Bundles - 	Entry: C:\Users\Dhaswan\.p2\pool\plugins\org.eclipse.m2e.maven.runtime_3.9.900.20240824-1409\jars\plexus-component-annotations-2.1.0.jar
2025-09-25 20:47:16,514 [Worker-48: Launching lostAndFoundApplication (6)] INFO  o.eclipse.m2e.core.internal.Bundles - 	Entry: C:\Users\Dhaswan\.p2\pool\plugins\org.eclipse.m2e.maven.runtime_3.9.900.20240824-1409\jars\plexus-interpolation-1.27.jar
2025-09-25 20:47:16,514 [Worker-48: Launching lostAndFoundApplication (6)] INFO  o.eclipse.m2e.core.internal.Bundles - 	Entry: C:\Users\Dhaswan\.p2\pool\plugins\org.eclipse.m2e.maven.runtime_3.9.900.20240824-1409\jars\plexus-sec-dispatcher-2.0.jar
2025-09-25 20:47:16,514 [Worker-48: Launching lostAndFoundApplication (6)] INFO  o.eclipse.m2e.core.internal.Bundles - 	Entry: C:\Users\Dhaswan\.p2\pool\plugins\org.eclipse.m2e.maven.runtime_3.9.900.20240824-1409\jars\plexus-utils-3.5.1.jar
2025-09-25 20:47:16,514 [Worker-48: Launching lostAndFoundApplication (6)] INFO  o.eclipse.m2e.core.internal.Bundles - 	Entry: C:\Users\Dhaswan\.p2\pool\plugins\org.eclipse.m2e.maven.runtime_3.9.900.20240824-1409\jars\plexus-xml-3.0.1.jar
2025-09-25 20:47:16,514 [Worker-48: Launching lostAndFoundApplication (6)] INFO  o.eclipse.m2e.core.internal.Bundles - 	Entry: C:\Users\Dhaswan\.p2\pool\plugins\org.eclipse.m2e.maven.runtime_3.9.900.20240824-1409\jars\wagon-file-3.5.3.jar
2025-09-25 20:47:16,515 [Worker-48: Launching lostAndFoundApplication (6)] INFO  o.eclipse.m2e.core.internal.Bundles - 	Entry: C:\Users\Dhaswan\.p2\pool\plugins\org.eclipse.m2e.maven.runtime_3.9.900.20240824-1409\jars\wagon-http-3.5.3.jar
2025-09-25 20:47:16,515 [Worker-48: Launching lostAndFoundApplication (6)] INFO  o.eclipse.m2e.core.internal.Bundles - 	Entry: C:\Users\Dhaswan\.p2\pool\plugins\org.eclipse.m2e.maven.runtime_3.9.900.20240824-1409\jars\wagon-http-shared-3.5.3.jar
2025-09-25 20:47:16,515 [Worker-48: Launching lostAndFoundApplication (6)] INFO  o.eclipse.m2e.core.internal.Bundles - 	Entry: C:\Users\Dhaswan\.p2\pool\plugins\org.eclipse.m2e.maven.runtime_3.9.900.20240824-1409\jars\wagon-provider-api-3.5.3.jar
2025-09-25 20:47:16,517 [Worker-48: Launching lostAndFoundApplication (6)] INFO  o.eclipse.m2e.core.internal.Bundles - getClasspathEntries(Bundle=com.google.guava_33.4.8.jre [1028])
2025-09-25 20:47:16,518 [Worker-48: Launching lostAndFoundApplication (6)] INFO  o.eclipse.m2e.core.internal.Bundles - 	Entry: C:\Users\Dhaswan\.p2\pool\plugins\com.google.guava_33.4.8.jre.jar
2025-09-25 20:47:16,518 [Worker-48: Launching lostAndFoundApplication (6)] INFO  o.eclipse.m2e.core.internal.Bundles - getClasspathEntries(Bundle=slf4j.api_2.0.17 [1112])
2025-09-25 20:47:16,519 [Worker-48: Launching lostAndFoundApplication (6)] INFO  o.eclipse.m2e.core.internal.Bundles - 	Entry: C:\Users\Dhaswan\.p2\pool\plugins\slf4j.api_2.0.17.jar
2025-09-25 20:47:16,519 [Worker-48: Launching lostAndFoundApplication (6)] INFO  o.eclipse.m2e.core.internal.Bundles - getClasspathEntries(Bundle=jakarta.inject.jakarta.inject-api_1.0.5 [34])
2025-09-25 20:47:16,520 [Worker-48: Launching lostAndFoundApplication (6)] INFO  o.eclipse.m2e.core.internal.Bundles - 	Entry: C:\Users\Dhaswan\.p2\pool\plugins\jakarta.inject.jakarta.inject-api_1.0.5.jar
2025-09-25 20:47:16,520 [Worker-48: Launching lostAndFoundApplication (6)] INFO  o.eclipse.m2e.core.internal.Bundles - getClasspathEntries(Bundle=jakarta.annotation-api_1.3.5 [29])
2025-09-25 20:47:16,520 [Worker-48: Launching lostAndFoundApplication (6)] INFO  o.eclipse.m2e.core.internal.Bundles - 	Entry: C:\Users\Dhaswan\.p2\pool\plugins\jakarta.annotation-api_1.3.5.jar
2025-09-25 20:47:16,520 [Worker-48: Launching lostAndFoundApplication (6)] INFO  o.eclipse.m2e.core.internal.Bundles - getClasspathEntries(Bundle=org.apache.commons.cli_1.9.0 [78])
2025-09-25 20:47:16,521 [Worker-48: Launching lostAndFoundApplication (6)] INFO  o.eclipse.m2e.core.internal.Bundles - 	Entry: C:\Users\Dhaswan\.p2\pool\plugins\org.apache.commons.cli_1.9.0.jar
2025-09-25 20:47:16,521 [Worker-48: Launching lostAndFoundApplication (6)] INFO  o.eclipse.m2e.core.internal.Bundles - getClasspathEntries(Bundle=org.apache.commons.commons-codec_1.16.0 [81])
2025-09-25 20:47:16,521 [Worker-48: Launching lostAndFoundApplication (6)] INFO  o.eclipse.m2e.core.internal.Bundles - 	Entry: C:\Users\Dhaswan\.p2\pool\plugins\org.apache.commons.commons-codec_1.16.0.jar
2025-09-25 20:47:16,521 [Worker-48: Launching lostAndFoundApplication (6)] INFO  o.eclipse.m2e.core.internal.Bundles - getClasspathEntries(Bundle=com.google.guava.failureaccess_1.0.3 [1029])
2025-09-25 20:47:16,522 [Worker-48: Launching lostAndFoundApplication (6)] INFO  o.eclipse.m2e.core.internal.Bundles - 	Entry: C:\Users\Dhaswan\.p2\pool\plugins\com.google.guava.failureaccess_1.0.3.jar
2025-09-25 20:47:16,527 [Worker-48: Launching lostAndFoundApplication (6)] INFO  o.e.m.i.launch.MavenLaunchDelegate - Run build in "S:\InfosysProject\CampusManagement\lostAndFoundApplication":
2025-09-25 20:47:16,528 [Worker-48: Launching lostAndFoundApplication (6)] INFO  o.e.m.i.launch.MavenLaunchDelegate -  mvn  -Ppom.xml -B -Dstyle.color=always clean install
2025-09-26 19:59:25,566 [Worker-2: Loading available Gradle versions] INFO  o.e.b.c.i.u.g.PublishedGradleVersions - Gradle version information cache is out-of-date. Trying to update.
2025-09-26 19:59:44,621 [Worker-10: Updating Maven Project] INFO  o.e.m.c.i.p.ProjectConfigurationManager - Update started
2025-09-26 19:59:45,697 [Worker-10: Updating Maven Project] INFO  o.e.m.c.i.l.LifecycleMappingFactory - Using org.eclipse.m2e.jdt.JarLifecycleMapping lifecycle mapping for MavenProject: edu.infosys:lostAndFoundApplication:0.0.1-SNAPSHOT @ S:\InfosysProject\CampusManagement\lostAndFoundApplication\pom.xml.
2025-09-26 19:59:47,154 [Worker-10: Updating Maven Project] INFO  o.e.m.j.i.AbstractJavaProjectConfigurator - Adding source folder /lostAndFoundApplication/src/main/java
2025-09-26 19:59:47,155 [Worker-10: Updating Maven Project] INFO  o.e.m.j.i.AbstractJavaProjectConfigurator - Adding resource folder /lostAndFoundApplication/src/main/resources
2025-09-26 19:59:47,156 [Worker-10: Updating Maven Project] INFO  o.e.m.j.i.AbstractJavaProjectConfigurator - Adding resource folder /lostAndFoundApplication/src/main/resources
2025-09-26 19:59:47,157 [Worker-10: Updating Maven Project] INFO  o.e.m.j.i.AbstractJavaProjectConfigurator - Adding source folder /lostAndFoundApplication/src/test/java
2025-09-26 19:59:47,158 [Worker-10: Updating Maven Project] INFO  o.e.m.j.i.AbstractJavaProjectConfigurator - Adding resource folder /lostAndFoundApplication/src/test/resources
2025-09-26 19:59:47,742 [Worker-10: Updating Maven Project] INFO  o.e.m.c.i.p.ProjectConfigurationManager - Update completed for 1 poms: local refresh takes 0.00 sec, refresh facades takes 2.00 sec, update config takes 0.00 sec 
2025-09-26 19:59:48,576 [Worker-19: Building] INFO  o.a.m.s.f.DefaultMavenResourcesFiltering - Copying 1 resource from src\main\resources to target\classes
2025-09-26 19:59:48,606 [Worker-19: Building] INFO  o.a.m.s.f.DefaultMavenResourcesFiltering - Copying 0 resource from src\main\resources to target\classes
2025-09-26 19:59:48,614 [Worker-19: Building] INFO  o.a.m.s.f.DefaultMavenResourcesFiltering - skip non existing resourceDirectory S:\InfosysProject\CampusManagement\lostAndFoundApplication\src\test\resources
2025-09-26 20:01:03,595 [main] INFO  o.e.m2e.actions.ExecutePomAction - Creating new launch configuration
2025-09-26 20:01:14,223 [Worker-27: Launching lostAndFoundApplication (7)] INFO  o.eclipse.m2e.core.internal.Bundles - getClasspathEntries(Bundle=org.eclipse.m2e.maven.runtime_3.9.900.20240824-1409 [640])
2025-09-26 20:01:14,225 [Worker-27: Launching lostAndFoundApplication (7)] INFO  o.eclipse.m2e.core.internal.Bundles - 	Entry: C:\Users\Dhaswan\.p2\pool\plugins\org.eclipse.m2e.maven.runtime_3.9.900.20240824-1409
2025-09-26 20:01:14,225 [Worker-27: Launching lostAndFoundApplication (7)] INFO  o.eclipse.m2e.core.internal.Bundles - 	Entry: C:\Users\Dhaswan\.p2\pool\plugins\org.eclipse.m2e.maven.runtime_3.9.900.20240824-1409\jars\aopalliance-1.0.jar
2025-09-26 20:01:14,226 [Worker-27: Launching lostAndFoundApplication (7)] INFO  o.eclipse.m2e.core.internal.Bundles - 	Entry: C:\Users\Dhaswan\.p2\pool\plugins\org.eclipse.m2e.maven.runtime_3.9.900.20240824-1409\jars\guice-5.1.0.jar
2025-09-26 20:01:14,226 [Worker-27: Launching lostAndFoundApplication (7)] INFO  o.eclipse.m2e.core.internal.Bundles - 	Entry: C:\Users\Dhaswan\.p2\pool\plugins\org.eclipse.m2e.maven.runtime_3.9.900.20240824-1409\jars\httpclient-4.5.14.jar
2025-09-26 20:01:14,226 [Worker-27: Launching lostAndFoundApplication (7)] INFO  o.eclipse.m2e.core.internal.Bundles - 	Entry: C:\Users\Dhaswan\.p2\pool\plugins\org.eclipse.m2e.maven.runtime_3.9.900.20240824-1409\jars\httpcore-4.4.16.jar
2025-09-26 20:01:14,226 [Worker-27: Launching lostAndFoundApplication (7)] INFO  o.eclipse.m2e.core.internal.Bundles - 	Entry: C:\Users\Dhaswan\.p2\pool\plugins\org.eclipse.m2e.maven.runtime_3.9.900.20240824-1409\jars\jansi-2.4.1.jar
2025-09-26 20:01:14,226 [Worker-27: Launching lostAndFoundApplication (7)] INFO  o.eclipse.m2e.core.internal.Bundles - 	Entry: C:\Users\Dhaswan\.p2\pool\plugins\org.eclipse.m2e.maven.runtime_3.9.900.20240824-1409\jars\jcl-over-slf4j-1.7.36.jar
2025-09-26 20:01:14,226 [Worker-27: Launching lostAndFoundApplication (7)] INFO  o.eclipse.m2e.core.internal.Bundles - 	Entry: C:\Users\Dhaswan\.p2\pool\plugins\org.eclipse.m2e.maven.runtime_3.9.900.20240824-1409\jars\maven-artifact-3.9.9.jar
2025-09-26 20:01:14,226 [Worker-27: Launching lostAndFoundApplication (7)] INFO  o.eclipse.m2e.core.internal.Bundles - 	Entry: C:\Users\Dhaswan\.p2\pool\plugins\org.eclipse.m2e.maven.runtime_3.9.900.20240824-1409\jars\maven-builder-support-3.9.9.jar
2025-09-26 20:01:14,227 [Worker-27: Launching lostAndFoundApplication (7)] INFO  o.eclipse.m2e.core.internal.Bundles - 	Entry: C:\Users\Dhaswan\.p2\pool\plugins\org.eclipse.m2e.maven.runtime_3.9.900.20240824-1409\jars\maven-compat-3.9.9.jar
2025-09-26 20:01:14,227 [Worker-27: Launching lostAndFoundApplication (7)] INFO  o.eclipse.m2e.core.internal.Bundles - 	Entry: C:\Users\Dhaswan\.p2\pool\plugins\org.eclipse.m2e.maven.runtime_3.9.900.20240824-1409\jars\maven-core-3.9.9.jar
2025-09-26 20:01:14,227 [Worker-27: Launching lostAndFoundApplication (7)] INFO  o.eclipse.m2e.core.internal.Bundles - 	Entry: C:\Users\Dhaswan\.p2\pool\plugins\org.eclipse.m2e.maven.runtime_3.9.900.20240824-1409\jars\maven-embedder-3.9.9.jar
2025-09-26 20:01:14,227 [Worker-27: Launching lostAndFoundApplication (7)] INFO  o.eclipse.m2e.core.internal.Bundles - 	Entry: C:\Users\Dhaswan\.p2\pool\plugins\org.eclipse.m2e.maven.runtime_3.9.900.20240824-1409\jars\maven-model-3.9.9.jar
2025-09-26 20:01:14,227 [Worker-27: Launching lostAndFoundApplication (7)] INFO  o.eclipse.m2e.core.internal.Bundles - 	Entry: C:\Users\Dhaswan\.p2\pool\plugins\org.eclipse.m2e.maven.runtime_3.9.900.20240824-1409\jars\maven-model-builder-3.9.9.jar
2025-09-26 20:01:14,227 [Worker-27: Launching lostAndFoundApplication (7)] INFO  o.eclipse.m2e.core.internal.Bundles - 	Entry: C:\Users\Dhaswan\.p2\pool\plugins\org.eclipse.m2e.maven.runtime_3.9.900.20240824-1409\jars\maven-plugin-api-3.9.9.jar
2025-09-26 20:01:14,227 [Worker-27: Launching lostAndFoundApplication (7)] INFO  o.eclipse.m2e.core.internal.Bundles - 	Entry: C:\Users\Dhaswan\.p2\pool\plugins\org.eclipse.m2e.maven.runtime_3.9.900.20240824-1409\jars\maven-repository-metadata-3.9.9.jar
2025-09-26 20:01:14,228 [Worker-27: Launching lostAndFoundApplication (7)] INFO  o.eclipse.m2e.core.internal.Bundles - 	Entry: C:\Users\Dhaswan\.p2\pool\plugins\org.eclipse.m2e.maven.runtime_3.9.900.20240824-1409\jars\maven-resolver-api-1.9.22.jar
2025-09-26 20:01:14,228 [Worker-27: Launching lostAndFoundApplication (7)] INFO  o.eclipse.m2e.core.internal.Bundles - 	Entry: C:\Users\Dhaswan\.p2\pool\plugins\org.eclipse.m2e.maven.runtime_3.9.900.20240824-1409\jars\maven-resolver-connector-basic-1.9.22.jar
2025-09-26 20:01:14,228 [Worker-27: Launching lostAndFoundApplication (7)] INFO  o.eclipse.m2e.core.internal.Bundles - 	Entry: C:\Users\Dhaswan\.p2\pool\plugins\org.eclipse.m2e.maven.runtime_3.9.900.20240824-1409\jars\maven-resolver-impl-1.9.22.jar
2025-09-26 20:01:14,228 [Worker-27: Launching lostAndFoundApplication (7)] INFO  o.eclipse.m2e.core.internal.Bundles - 	Entry: C:\Users\Dhaswan\.p2\pool\plugins\org.eclipse.m2e.maven.runtime_3.9.900.20240824-1409\jars\maven-resolver-named-locks-1.9.22.jar
2025-09-26 20:01:14,228 [Worker-27: Launching lostAndFoundApplication (7)] INFO  o.eclipse.m2e.core.internal.Bundles - 	Entry: C:\Users\Dhaswan\.p2\pool\plugins\org.eclipse.m2e.maven.runtime_3.9.900.20240824-1409\jars\maven-resolver-provider-3.9.9.jar
2025-09-26 20:01:14,228 [Worker-27: Launching lostAndFoundApplication (7)] INFO  o.eclipse.m2e.core.internal.Bundles - 	Entry: C:\Users\Dhaswan\.p2\pool\plugins\org.eclipse.m2e.maven.runtime_3.9.900.20240824-1409\jars\maven-resolver-spi-1.9.22.jar
2025-09-26 20:01:14,229 [Worker-27: Launching lostAndFoundApplication (7)] INFO  o.eclipse.m2e.core.internal.Bundles - 	Entry: C:\Users\Dhaswan\.p2\pool\plugins\org.eclipse.m2e.maven.runtime_3.9.900.20240824-1409\jars\maven-resolver-transport-file-1.9.22.jar
2025-09-26 20:01:14,229 [Worker-27: Launching lostAndFoundApplication (7)] INFO  o.eclipse.m2e.core.internal.Bundles - 	Entry: C:\Users\Dhaswan\.p2\pool\plugins\org.eclipse.m2e.maven.runtime_3.9.900.20240824-1409\jars\maven-resolver-transport-http-1.9.22.jar
2025-09-26 20:01:14,229 [Worker-27: Launching lostAndFoundApplication (7)] INFO  o.eclipse.m2e.core.internal.Bundles - 	Entry: C:\Users\Dhaswan\.p2\pool\plugins\org.eclipse.m2e.maven.runtime_3.9.900.20240824-1409\jars\maven-resolver-transport-wagon-1.9.22.jar
2025-09-26 20:01:14,229 [Worker-27: Launching lostAndFoundApplication (7)] INFO  o.eclipse.m2e.core.internal.Bundles - 	Entry: C:\Users\Dhaswan\.p2\pool\plugins\org.eclipse.m2e.maven.runtime_3.9.900.20240824-1409\jars\maven-resolver-util-1.9.22.jar
2025-09-26 20:01:14,229 [Worker-27: Launching lostAndFoundApplication (7)] INFO  o.eclipse.m2e.core.internal.Bundles - 	Entry: C:\Users\Dhaswan\.p2\pool\plugins\org.eclipse.m2e.maven.runtime_3.9.900.20240824-1409\jars\maven-settings-3.9.9.jar
2025-09-26 20:01:14,229 [Worker-27: Launching lostAndFoundApplication (7)] INFO  o.eclipse.m2e.core.internal.Bundles - 	Entry: C:\Users\Dhaswan\.p2\pool\plugins\org.eclipse.m2e.maven.runtime_3.9.900.20240824-1409\jars\maven-settings-builder-3.9.9.jar
2025-09-26 20:01:14,229 [Worker-27: Launching lostAndFoundApplication (7)] INFO  o.eclipse.m2e.core.internal.Bundles - 	Entry: C:\Users\Dhaswan\.p2\pool\plugins\org.eclipse.m2e.maven.runtime_3.9.900.20240824-1409\jars\maven-shared-utils-3.4.2.jar
2025-09-26 20:01:14,230 [Worker-27: Launching lostAndFoundApplication (7)] INFO  o.eclipse.m2e.core.internal.Bundles - 	Entry: C:\Users\Dhaswan\.p2\pool\plugins\org.eclipse.m2e.maven.runtime_3.9.900.20240824-1409\jars\org.eclipse.sisu.inject-0.9.0.M3.jar
2025-09-26 20:01:14,230 [Worker-27: Launching lostAndFoundApplication (7)] INFO  o.eclipse.m2e.core.internal.Bundles - 	Entry: C:\Users\Dhaswan\.p2\pool\plugins\org.eclipse.m2e.maven.runtime_3.9.900.20240824-1409\jars\org.eclipse.sisu.plexus-0.9.0.M3.jar
2025-09-26 20:01:14,230 [Worker-27: Launching lostAndFoundApplication (7)] INFO  o.eclipse.m2e.core.internal.Bundles - 	Entry: C:\Users\Dhaswan\.p2\pool\plugins\org.eclipse.m2e.maven.runtime_3.9.900.20240824-1409\jars\plexus-build-api-0.0.7.jar
2025-09-26 20:01:14,230 [Worker-27: Launching lostAndFoundApplication (7)] INFO  o.eclipse.m2e.core.internal.Bundles - 	Entry: C:\Users\Dhaswan\.p2\pool\plugins\org.eclipse.m2e.maven.runtime_3.9.900.20240824-1409\jars\plexus-build-api-1.2.0.jar
2025-09-26 20:01:14,230 [Worker-27: Launching lostAndFoundApplication (7)] INFO  o.eclipse.m2e.core.internal.Bundles - 	Entry: C:\Users\Dhaswan\.p2\pool\plugins\org.eclipse.m2e.maven.runtime_3.9.900.20240824-1409\jars\plexus-cipher-2.0.jar
2025-09-26 20:01:14,230 [Worker-27: Launching lostAndFoundApplication (7)] INFO  o.eclipse.m2e.core.internal.Bundles - 	Entry: C:\Users\Dhaswan\.p2\pool\plugins\org.eclipse.m2e.maven.runtime_3.9.900.20240824-1409\jars\plexus-classworlds-2.8.0.jar
2025-09-26 20:01:14,230 [Worker-27: Launching lostAndFoundApplication (7)] INFO  o.eclipse.m2e.core.internal.Bundles - 	Entry: C:\Users\Dhaswan\.p2\pool\plugins\org.eclipse.m2e.maven.runtime_3.9.900.20240824-1409\jars\plexus-component-annotations-2.1.0.jar
2025-09-26 20:01:14,230 [Worker-27: Launching lostAndFoundApplication (7)] INFO  o.eclipse.m2e.core.internal.Bundles - 	Entry: C:\Users\Dhaswan\.p2\pool\plugins\org.eclipse.m2e.maven.runtime_3.9.900.20240824-1409\jars\plexus-interpolation-1.27.jar
2025-09-26 20:01:14,231 [Worker-27: Launching lostAndFoundApplication (7)] INFO  o.eclipse.m2e.core.internal.Bundles - 	Entry: C:\Users\Dhaswan\.p2\pool\plugins\org.eclipse.m2e.maven.runtime_3.9.900.20240824-1409\jars\plexus-sec-dispatcher-2.0.jar
2025-09-26 20:01:14,231 [Worker-27: Launching lostAndFoundApplication (7)] INFO  o.eclipse.m2e.core.internal.Bundles - 	Entry: C:\Users\Dhaswan\.p2\pool\plugins\org.eclipse.m2e.maven.runtime_3.9.900.20240824-1409\jars\plexus-utils-3.5.1.jar
2025-09-26 20:01:14,231 [Worker-27: Launching lostAndFoundApplication (7)] INFO  o.eclipse.m2e.core.internal.Bundles - 	Entry: C:\Users\Dhaswan\.p2\pool\plugins\org.eclipse.m2e.maven.runtime_3.9.900.20240824-1409\jars\plexus-xml-3.0.1.jar
2025-09-26 20:01:14,231 [Worker-27: Launching lostAndFoundApplication (7)] INFO  o.eclipse.m2e.core.internal.Bundles - 	Entry: C:\Users\Dhaswan\.p2\pool\plugins\org.eclipse.m2e.maven.runtime_3.9.900.20240824-1409\jars\wagon-file-3.5.3.jar
2025-09-26 20:01:14,231 [Worker-27: Launching lostAndFoundApplication (7)] INFO  o.eclipse.m2e.core.internal.Bundles - 	Entry: C:\Users\Dhaswan\.p2\pool\plugins\org.eclipse.m2e.maven.runtime_3.9.900.20240824-1409\jars\wagon-http-3.5.3.jar
2025-09-26 20:01:14,231 [Worker-27: Launching lostAndFoundApplication (7)] INFO  o.eclipse.m2e.core.internal.Bundles - 	Entry: C:\Users\Dhaswan\.p2\pool\plugins\org.eclipse.m2e.maven.runtime_3.9.900.20240824-1409\jars\wagon-http-shared-3.5.3.jar
2025-09-26 20:01:14,232 [Worker-27: Launching lostAndFoundApplication (7)] INFO  o.eclipse.m2e.core.internal.Bundles - 	Entry: C:\Users\Dhaswan\.p2\pool\plugins\org.eclipse.m2e.maven.runtime_3.9.900.20240824-1409\jars\wagon-provider-api-3.5.3.jar
2025-09-26 20:01:14,234 [Worker-27: Launching lostAndFoundApplication (7)] INFO  o.eclipse.m2e.core.internal.Bundles - getClasspathEntries(Bundle=com.google.guava_33.4.8.jre [1028])
2025-09-26 20:01:14,235 [Worker-27: Launching lostAndFoundApplication (7)] INFO  o.eclipse.m2e.core.internal.Bundles - 	Entry: C:\Users\Dhaswan\.p2\pool\plugins\com.google.guava_33.4.8.jre.jar
2025-09-26 20:01:14,235 [Worker-27: Launching lostAndFoundApplication (7)] INFO  o.eclipse.m2e.core.internal.Bundles - getClasspathEntries(Bundle=slf4j.api_2.0.17 [1112])
2025-09-26 20:01:14,235 [Worker-27: Launching lostAndFoundApplication (7)] INFO  o.eclipse.m2e.core.internal.Bundles - 	Entry: C:\Users\Dhaswan\.p2\pool\plugins\slf4j.api_2.0.17.jar
2025-09-26 20:01:14,236 [Worker-27: Launching lostAndFoundApplication (7)] INFO  o.eclipse.m2e.core.internal.Bundles - getClasspathEntries(Bundle=jakarta.inject.jakarta.inject-api_1.0.5 [34])
2025-09-26 20:01:14,236 [Worker-27: Launching lostAndFoundApplication (7)] INFO  o.eclipse.m2e.core.internal.Bundles - 	Entry: C:\Users\Dhaswan\.p2\pool\plugins\jakarta.inject.jakarta.inject-api_1.0.5.jar
2025-09-26 20:01:14,236 [Worker-27: Launching lostAndFoundApplication (7)] INFO  o.eclipse.m2e.core.internal.Bundles - getClasspathEntries(Bundle=jakarta.annotation-api_1.3.5 [29])
2025-09-26 20:01:14,236 [Worker-27: Launching lostAndFoundApplication (7)] INFO  o.eclipse.m2e.core.internal.Bundles - 	Entry: C:\Users\Dhaswan\.p2\pool\plugins\jakarta.annotation-api_1.3.5.jar
2025-09-26 20:01:14,236 [Worker-27: Launching lostAndFoundApplication (7)] INFO  o.eclipse.m2e.core.internal.Bundles - getClasspathEntries(Bundle=org.apache.commons.cli_1.9.0 [78])
2025-09-26 20:01:14,237 [Worker-27: Launching lostAndFoundApplication (7)] INFO  o.eclipse.m2e.core.internal.Bundles - 	Entry: C:\Users\Dhaswan\.p2\pool\plugins\org.apache.commons.cli_1.9.0.jar
2025-09-26 20:01:14,237 [Worker-27: Launching lostAndFoundApplication (7)] INFO  o.eclipse.m2e.core.internal.Bundles - getClasspathEntries(Bundle=org.apache.commons.commons-codec_1.16.0 [81])
2025-09-26 20:01:14,237 [Worker-27: Launching lostAndFoundApplication (7)] INFO  o.eclipse.m2e.core.internal.Bundles - 	Entry: C:\Users\Dhaswan\.p2\pool\plugins\org.apache.commons.commons-codec_1.16.0.jar
2025-09-26 20:01:14,237 [Worker-27: Launching lostAndFoundApplication (7)] INFO  o.eclipse.m2e.core.internal.Bundles - getClasspathEntries(Bundle=com.google.guava.failureaccess_1.0.3 [1029])
2025-09-26 20:01:14,237 [Worker-27: Launching lostAndFoundApplication (7)] INFO  o.eclipse.m2e.core.internal.Bundles - 	Entry: C:\Users\Dhaswan\.p2\pool\plugins\com.google.guava.failureaccess_1.0.3.jar
2025-09-26 20:01:14,242 [Worker-27: Launching lostAndFoundApplication (7)] INFO  o.e.m.i.launch.MavenLaunchDelegate - Run build in "S:\InfosysProject\CampusManagement\lostAndFoundApplication":
2025-09-26 20:01:14,250 [Worker-27: Launching lostAndFoundApplication (7)] INFO  o.e.m.i.launch.MavenLaunchDelegate -  mvn  -Ppom.xml -B -Dstyle.color=always clean install
2025-09-26 20:29:52,470 [Worker-43: Building] INFO  o.a.m.s.f.DefaultMavenResourcesFiltering - Copying 1 resource from src\main\resources to target\classes
2025-09-26 20:29:52,497 [Worker-43: Building] INFO  o.a.m.s.f.DefaultMavenResourcesFiltering - Copying 0 resource from src\main\resources to target\classes
2025-09-26 20:29:52,501 [Worker-43: Building] INFO  o.a.m.s.f.DefaultMavenResourcesFiltering - skip non existing resourceDirectory S:\InfosysProject\CampusManagement\lostAndFoundApplication\src\test\resources
2025-09-26 20:31:29,942 [Worker-39: Building] INFO  o.a.m.s.f.DefaultMavenResourcesFiltering - Copying 1 resource from src\main\resources to target\classes
2025-09-26 20:31:29,956 [Worker-39: Building] INFO  o.a.m.s.f.DefaultMavenResourcesFiltering - Copying 0 resource from src\main\resources to target\classes
2025-09-26 20:31:29,961 [Worker-39: Building] INFO  o.a.m.s.f.DefaultMavenResourcesFiltering - skip non existing resourceDirectory S:\InfosysProject\CampusManagement\lostAndFoundApplication\src\test\resources
2025-09-26 20:31:52,693 [Worker-48: Updating Maven Project] INFO  o.e.m.c.i.p.ProjectConfigurationManager - Update started
2025-09-26 20:31:53,254 [Worker-48: Updating Maven Project] INFO  o.e.m.c.i.l.LifecycleMappingFactory - Using org.eclipse.m2e.jdt.JarLifecycleMapping lifecycle mapping for MavenProject: edu.infosys:lostAndFoundApplication:0.0.1-SNAPSHOT @ S:\InfosysProject\CampusManagement\lostAndFoundApplication\pom.xml.
2025-09-26 20:31:54,118 [Worker-48: Updating Maven Project] INFO  o.e.m.j.i.AbstractJavaProjectConfigurator - Adding source folder /lostAndFoundApplication/src/main/java
2025-09-26 20:31:54,118 [Worker-48: Updating Maven Project] INFO  o.e.m.j.i.AbstractJavaProjectConfigurator - Adding resource folder /lostAndFoundApplication/src/main/resources
2025-09-26 20:31:54,119 [Worker-48: Updating Maven Project] INFO  o.e.m.j.i.AbstractJavaProjectConfigurator - Adding resource folder /lostAndFoundApplication/src/main/resources
2025-09-26 20:31:54,119 [Worker-48: Updating Maven Project] INFO  o.e.m.j.i.AbstractJavaProjectConfigurator - Adding source folder /lostAndFoundApplication/src/test/java
2025-09-26 20:31:54,120 [Worker-48: Updating Maven Project] INFO  o.e.m.j.i.AbstractJavaProjectConfigurator - Adding resource folder /lostAndFoundApplication/src/test/resources
2025-09-26 20:31:54,462 [Worker-48: Updating Maven Project] INFO  o.e.m.c.i.p.ProjectConfigurationManager - Update completed for 1 poms: local refresh takes 0.00 sec, refresh facades takes 1.00 sec, update config takes 0.00 sec 
2025-09-26 20:31:55,008 [Worker-31: Building] INFO  o.a.m.s.f.DefaultMavenResourcesFiltering - Copying 1 resource from src\main\resources to target\classes
2025-09-26 20:31:55,026 [Worker-31: Building] INFO  o.a.m.s.f.DefaultMavenResourcesFiltering - Copying 0 resource from src\main\resources to target\classes
2025-09-26 20:31:55,030 [Worker-31: Building] INFO  o.a.m.s.f.DefaultMavenResourcesFiltering - skip non existing resourceDirectory S:\InfosysProject\CampusManagement\lostAndFoundApplication\src\test\resources
2025-09-26 20:32:02,094 [main] INFO  o.e.m2e.actions.ExecutePomAction - Creating new launch configuration
2025-09-26 20:32:09,614 [Worker-39: Launching lostAndFoundApplication (8)] INFO  o.eclipse.m2e.core.internal.Bundles - getClasspathEntries(Bundle=org.eclipse.m2e.maven.runtime_3.9.900.20240824-1409 [640])
2025-09-26 20:32:09,617 [Worker-39: Launching lostAndFoundApplication (8)] INFO  o.eclipse.m2e.core.internal.Bundles - 	Entry: C:\Users\Dhaswan\.p2\pool\plugins\org.eclipse.m2e.maven.runtime_3.9.900.20240824-1409
2025-09-26 20:32:09,618 [Worker-39: Launching lostAndFoundApplication (8)] INFO  o.eclipse.m2e.core.internal.Bundles - 	Entry: C:\Users\Dhaswan\.p2\pool\plugins\org.eclipse.m2e.maven.runtime_3.9.900.20240824-1409\jars\aopalliance-1.0.jar
2025-09-26 20:32:09,618 [Worker-39: Launching lostAndFoundApplication (8)] INFO  o.eclipse.m2e.core.internal.Bundles - 	Entry: C:\Users\Dhaswan\.p2\pool\plugins\org.eclipse.m2e.maven.runtime_3.9.900.20240824-1409\jars\guice-5.1.0.jar
2025-09-26 20:32:09,619 [Worker-39: Launching lostAndFoundApplication (8)] INFO  o.eclipse.m2e.core.internal.Bundles - 	Entry: C:\Users\Dhaswan\.p2\pool\plugins\org.eclipse.m2e.maven.runtime_3.9.900.20240824-1409\jars\httpclient-4.5.14.jar
2025-09-26 20:32:09,619 [Worker-39: Launching lostAndFoundApplication (8)] INFO  o.eclipse.m2e.core.internal.Bundles - 	Entry: C:\Users\Dhaswan\.p2\pool\plugins\org.eclipse.m2e.maven.runtime_3.9.900.20240824-1409\jars\httpcore-4.4.16.jar
2025-09-26 20:32:09,620 [Worker-39: Launching lostAndFoundApplication (8)] INFO  o.eclipse.m2e.core.internal.Bundles - 	Entry: C:\Users\Dhaswan\.p2\pool\plugins\org.eclipse.m2e.maven.runtime_3.9.900.20240824-1409\jars\jansi-2.4.1.jar
2025-09-26 20:32:09,620 [Worker-39: Launching lostAndFoundApplication (8)] INFO  o.eclipse.m2e.core.internal.Bundles - 	Entry: C:\Users\Dhaswan\.p2\pool\plugins\org.eclipse.m2e.maven.runtime_3.9.900.20240824-1409\jars\jcl-over-slf4j-1.7.36.jar
2025-09-26 20:32:09,621 [Worker-39: Launching lostAndFoundApplication (8)] INFO  o.eclipse.m2e.core.internal.Bundles - 	Entry: C:\Users\Dhaswan\.p2\pool\plugins\org.eclipse.m2e.maven.runtime_3.9.900.20240824-1409\jars\maven-artifact-3.9.9.jar
2025-09-26 20:32:09,621 [Worker-39: Launching lostAndFoundApplication (8)] INFO  o.eclipse.m2e.core.internal.Bundles - 	Entry: C:\Users\Dhaswan\.p2\pool\plugins\org.eclipse.m2e.maven.runtime_3.9.900.20240824-1409\jars\maven-builder-support-3.9.9.jar
2025-09-26 20:32:09,622 [Worker-39: Launching lostAndFoundApplication (8)] INFO  o.eclipse.m2e.core.internal.Bundles - 	Entry: C:\Users\Dhaswan\.p2\pool\plugins\org.eclipse.m2e.maven.runtime_3.9.900.20240824-1409\jars\maven-compat-3.9.9.jar
2025-09-26 20:32:09,622 [Worker-39: Launching lostAndFoundApplication (8)] INFO  o.eclipse.m2e.core.internal.Bundles - 	Entry: C:\Users\Dhaswan\.p2\pool\plugins\org.eclipse.m2e.maven.runtime_3.9.900.20240824-1409\jars\maven-core-3.9.9.jar
2025-09-26 20:32:09,623 [Worker-39: Launching lostAndFoundApplication (8)] INFO  o.eclipse.m2e.core.internal.Bundles - 	Entry: C:\Users\Dhaswan\.p2\pool\plugins\org.eclipse.m2e.maven.runtime_3.9.900.20240824-1409\jars\maven-embedder-3.9.9.jar
2025-09-26 20:32:09,624 [Worker-39: Launching lostAndFoundApplication (8)] INFO  o.eclipse.m2e.core.internal.Bundles - 	Entry: C:\Users\Dhaswan\.p2\pool\plugins\org.eclipse.m2e.maven.runtime_3.9.900.20240824-1409\jars\maven-model-3.9.9.jar
2025-09-26 20:32:09,624 [Worker-39: Launching lostAndFoundApplication (8)] INFO  o.eclipse.m2e.core.internal.Bundles - 	Entry: C:\Users\Dhaswan\.p2\pool\plugins\org.eclipse.m2e.maven.runtime_3.9.900.20240824-1409\jars\maven-model-builder-3.9.9.jar
2025-09-26 20:32:09,624 [Worker-39: Launching lostAndFoundApplication (8)] INFO  o.eclipse.m2e.core.internal.Bundles - 	Entry: C:\Users\Dhaswan\.p2\pool\plugins\org.eclipse.m2e.maven.runtime_3.9.900.20240824-1409\jars\maven-plugin-api-3.9.9.jar
2025-09-26 20:32:09,624 [Worker-39: Launching lostAndFoundApplication (8)] INFO  o.eclipse.m2e.core.internal.Bundles - 	Entry: C:\Users\Dhaswan\.p2\pool\plugins\org.eclipse.m2e.maven.runtime_3.9.900.20240824-1409\jars\maven-repository-metadata-3.9.9.jar
2025-09-26 20:32:09,626 [Worker-39: Launching lostAndFoundApplication (8)] INFO  o.eclipse.m2e.core.internal.Bundles - 	Entry: C:\Users\Dhaswan\.p2\pool\plugins\org.eclipse.m2e.maven.runtime_3.9.900.20240824-1409\jars\maven-resolver-api-1.9.22.jar
2025-09-26 20:32:09,626 [Worker-39: Launching lostAndFoundApplication (8)] INFO  o.eclipse.m2e.core.internal.Bundles - 	Entry: C:\Users\Dhaswan\.p2\pool\plugins\org.eclipse.m2e.maven.runtime_3.9.900.20240824-1409\jars\maven-resolver-connector-basic-1.9.22.jar
2025-09-26 20:32:09,626 [Worker-39: Launching lostAndFoundApplication (8)] INFO  o.eclipse.m2e.core.internal.Bundles - 	Entry: C:\Users\Dhaswan\.p2\pool\plugins\org.eclipse.m2e.maven.runtime_3.9.900.20240824-1409\jars\maven-resolver-impl-1.9.22.jar
2025-09-26 20:32:09,627 [Worker-39: Launching lostAndFoundApplication (8)] INFO  o.eclipse.m2e.core.internal.Bundles - 	Entry: C:\Users\Dhaswan\.p2\pool\plugins\org.eclipse.m2e.maven.runtime_3.9.900.20240824-1409\jars\maven-resolver-named-locks-1.9.22.jar
2025-09-26 20:32:09,627 [Worker-39: Launching lostAndFoundApplication (8)] INFO  o.eclipse.m2e.core.internal.Bundles - 	Entry: C:\Users\Dhaswan\.p2\pool\plugins\org.eclipse.m2e.maven.runtime_3.9.900.20240824-1409\jars\maven-resolver-provider-3.9.9.jar
2025-09-26 20:32:09,627 [Worker-39: Launching lostAndFoundApplication (8)] INFO  o.eclipse.m2e.core.internal.Bundles - 	Entry: C:\Users\Dhaswan\.p2\pool\plugins\org.eclipse.m2e.maven.runtime_3.9.900.20240824-1409\jars\maven-resolver-spi-1.9.22.jar
2025-09-26 20:32:09,627 [Worker-39: Launching lostAndFoundApplication (8)] INFO  o.eclipse.m2e.core.internal.Bundles - 	Entry: C:\Users\Dhaswan\.p2\pool\plugins\org.eclipse.m2e.maven.runtime_3.9.900.20240824-1409\jars\maven-resolver-transport-file-1.9.22.jar
2025-09-26 20:32:09,627 [Worker-39: Launching lostAndFoundApplication (8)] INFO  o.eclipse.m2e.core.internal.Bundles - 	Entry: C:\Users\Dhaswan\.p2\pool\plugins\org.eclipse.m2e.maven.runtime_3.9.900.20240824-1409\jars\maven-resolver-transport-http-1.9.22.jar
2025-09-26 20:32:09,627 [Worker-39: Launching lostAndFoundApplication (8)] INFO  o.eclipse.m2e.core.internal.Bundles - 	Entry: C:\Users\Dhaswan\.p2\pool\plugins\org.eclipse.m2e.maven.runtime_3.9.900.20240824-1409\jars\maven-resolver-transport-wagon-1.9.22.jar
2025-09-26 20:32:09,628 [Worker-39: Launching lostAndFoundApplication (8)] INFO  o.eclipse.m2e.core.internal.Bundles - 	Entry: C:\Users\Dhaswan\.p2\pool\plugins\org.eclipse.m2e.maven.runtime_3.9.900.20240824-1409\jars\maven-resolver-util-1.9.22.jar
2025-09-26 20:32:09,628 [Worker-39: Launching lostAndFoundApplication (8)] INFO  o.eclipse.m2e.core.internal.Bundles - 	Entry: C:\Users\Dhaswan\.p2\pool\plugins\org.eclipse.m2e.maven.runtime_3.9.900.20240824-1409\jars\maven-settings-3.9.9.jar
2025-09-26 20:32:09,628 [Worker-39: Launching lostAndFoundApplication (8)] INFO  o.eclipse.m2e.core.internal.Bundles - 	Entry: C:\Users\Dhaswan\.p2\pool\plugins\org.eclipse.m2e.maven.runtime_3.9.900.20240824-1409\jars\maven-settings-builder-3.9.9.jar
2025-09-26 20:32:09,628 [Worker-39: Launching lostAndFoundApplication (8)] INFO  o.eclipse.m2e.core.internal.Bundles - 	Entry: C:\Users\Dhaswan\.p2\pool\plugins\org.eclipse.m2e.maven.runtime_3.9.900.20240824-1409\jars\maven-shared-utils-3.4.2.jar
2025-09-26 20:32:09,628 [Worker-39: Launching lostAndFoundApplication (8)] INFO  o.eclipse.m2e.core.internal.Bundles - 	Entry: C:\Users\Dhaswan\.p2\pool\plugins\org.eclipse.m2e.maven.runtime_3.9.900.20240824-1409\jars\org.eclipse.sisu.inject-0.9.0.M3.jar
2025-09-26 20:32:09,628 [Worker-39: Launching lostAndFoundApplication (8)] INFO  o.eclipse.m2e.core.internal.Bundles - 	Entry: C:\Users\Dhaswan\.p2\pool\plugins\org.eclipse.m2e.maven.runtime_3.9.900.20240824-1409\jars\org.eclipse.sisu.plexus-0.9.0.M3.jar
2025-09-26 20:32:09,629 [Worker-39: Launching lostAndFoundApplication (8)] INFO  o.eclipse.m2e.core.internal.Bundles - 	Entry: C:\Users\Dhaswan\.p2\pool\plugins\org.eclipse.m2e.maven.runtime_3.9.900.20240824-1409\jars\plexus-build-api-0.0.7.jar
2025-09-26 20:32:09,629 [Worker-39: Launching lostAndFoundApplication (8)] INFO  o.eclipse.m2e.core.internal.Bundles - 	Entry: C:\Users\Dhaswan\.p2\pool\plugins\org.eclipse.m2e.maven.runtime_3.9.900.20240824-1409\jars\plexus-build-api-1.2.0.jar
2025-09-26 20:32:09,629 [Worker-39: Launching lostAndFoundApplication (8)] INFO  o.eclipse.m2e.core.internal.Bundles - 	Entry: C:\Users\Dhaswan\.p2\pool\plugins\org.eclipse.m2e.maven.runtime_3.9.900.20240824-1409\jars\plexus-cipher-2.0.jar
2025-09-26 20:32:09,629 [Worker-39: Launching lostAndFoundApplication (8)] INFO  o.eclipse.m2e.core.internal.Bundles - 	Entry: C:\Users\Dhaswan\.p2\pool\plugins\org.eclipse.m2e.maven.runtime_3.9.900.20240824-1409\jars\plexus-classworlds-2.8.0.jar
2025-09-26 20:32:09,630 [Worker-39: Launching lostAndFoundApplication (8)] INFO  o.eclipse.m2e.core.internal.Bundles - 	Entry: C:\Users\Dhaswan\.p2\pool\plugins\org.eclipse.m2e.maven.runtime_3.9.900.20240824-1409\jars\plexus-component-annotations-2.1.0.jar
2025-09-26 20:32:09,630 [Worker-39: Launching lostAndFoundApplication (8)] INFO  o.eclipse.m2e.core.internal.Bundles - 	Entry: C:\Users\Dhaswan\.p2\pool\plugins\org.eclipse.m2e.maven.runtime_3.9.900.20240824-1409\jars\plexus-interpolation-1.27.jar
2025-09-26 20:32:09,630 [Worker-39: Launching lostAndFoundApplication (8)] INFO  o.eclipse.m2e.core.internal.Bundles - 	Entry: C:\Users\Dhaswan\.p2\pool\plugins\org.eclipse.m2e.maven.runtime_3.9.900.20240824-1409\jars\plexus-sec-dispatcher-2.0.jar
2025-09-26 20:32:09,630 [Worker-39: Launching lostAndFoundApplication (8)] INFO  o.eclipse.m2e.core.internal.Bundles - 	Entry: C:\Users\Dhaswan\.p2\pool\plugins\org.eclipse.m2e.maven.runtime_3.9.900.20240824-1409\jars\plexus-utils-3.5.1.jar
2025-09-26 20:32:09,630 [Worker-39: Launching lostAndFoundApplication (8)] INFO  o.eclipse.m2e.core.internal.Bundles - 	Entry: C:\Users\Dhaswan\.p2\pool\plugins\org.eclipse.m2e.maven.runtime_3.9.900.20240824-1409\jars\plexus-xml-3.0.1.jar
2025-09-26 20:32:09,630 [Worker-39: Launching lostAndFoundApplication (8)] INFO  o.eclipse.m2e.core.internal.Bundles - 	Entry: C:\Users\Dhaswan\.p2\pool\plugins\org.eclipse.m2e.maven.runtime_3.9.900.20240824-1409\jars\wagon-file-3.5.3.jar
2025-09-26 20:32:09,630 [Worker-39: Launching lostAndFoundApplication (8)] INFO  o.eclipse.m2e.core.internal.Bundles - 	Entry: C:\Users\Dhaswan\.p2\pool\plugins\org.eclipse.m2e.maven.runtime_3.9.900.20240824-1409\jars\wagon-http-3.5.3.jar
2025-09-26 20:32:09,631 [Worker-39: Launching lostAndFoundApplication (8)] INFO  o.eclipse.m2e.core.internal.Bundles - 	Entry: C:\Users\Dhaswan\.p2\pool\plugins\org.eclipse.m2e.maven.runtime_3.9.900.20240824-1409\jars\wagon-http-shared-3.5.3.jar
2025-09-26 20:32:09,631 [Worker-39: Launching lostAndFoundApplication (8)] INFO  o.eclipse.m2e.core.internal.Bundles - 	Entry: C:\Users\Dhaswan\.p2\pool\plugins\org.eclipse.m2e.maven.runtime_3.9.900.20240824-1409\jars\wagon-provider-api-3.5.3.jar
2025-09-26 20:32:09,632 [Worker-39: Launching lostAndFoundApplication (8)] INFO  o.eclipse.m2e.core.internal.Bundles - getClasspathEntries(Bundle=com.google.guava_33.4.8.jre [1028])
2025-09-26 20:32:09,633 [Worker-39: Launching lostAndFoundApplication (8)] INFO  o.eclipse.m2e.core.internal.Bundles - 	Entry: C:\Users\Dhaswan\.p2\pool\plugins\com.google.guava_33.4.8.jre.jar
2025-09-26 20:32:09,633 [Worker-39: Launching lostAndFoundApplication (8)] INFO  o.eclipse.m2e.core.internal.Bundles - getClasspathEntries(Bundle=slf4j.api_2.0.17 [1112])
2025-09-26 20:32:09,634 [Worker-39: Launching lostAndFoundApplication (8)] INFO  o.eclipse.m2e.core.internal.Bundles - 	Entry: C:\Users\Dhaswan\.p2\pool\plugins\slf4j.api_2.0.17.jar
2025-09-26 20:32:09,635 [Worker-39: Launching lostAndFoundApplication (8)] INFO  o.eclipse.m2e.core.internal.Bundles - getClasspathEntries(Bundle=jakarta.inject.jakarta.inject-api_1.0.5 [34])
2025-09-26 20:32:09,636 [Worker-39: Launching lostAndFoundApplication (8)] INFO  o.eclipse.m2e.core.internal.Bundles - 	Entry: C:\Users\Dhaswan\.p2\pool\plugins\jakarta.inject.jakarta.inject-api_1.0.5.jar
2025-09-26 20:32:09,636 [Worker-39: Launching lostAndFoundApplication (8)] INFO  o.eclipse.m2e.core.internal.Bundles - getClasspathEntries(Bundle=jakarta.annotation-api_1.3.5 [29])
2025-09-26 20:32:09,637 [Worker-39: Launching lostAndFoundApplication (8)] INFO  o.eclipse.m2e.core.internal.Bundles - 	Entry: C:\Users\Dhaswan\.p2\pool\plugins\jakarta.annotation-api_1.3.5.jar
2025-09-26 20:32:09,637 [Worker-39: Launching lostAndFoundApplication (8)] INFO  o.eclipse.m2e.core.internal.Bundles - getClasspathEntries(Bundle=org.apache.commons.cli_1.9.0 [78])
2025-09-26 20:32:09,638 [Worker-39: Launching lostAndFoundApplication (8)] INFO  o.eclipse.m2e.core.internal.Bundles - 	Entry: C:\Users\Dhaswan\.p2\pool\plugins\org.apache.commons.cli_1.9.0.jar
2025-09-26 20:32:09,638 [Worker-39: Launching lostAndFoundApplication (8)] INFO  o.eclipse.m2e.core.internal.Bundles - getClasspathEntries(Bundle=org.apache.commons.commons-codec_1.16.0 [81])
2025-09-26 20:32:09,639 [Worker-39: Launching lostAndFoundApplication (8)] INFO  o.eclipse.m2e.core.internal.Bundles - 	Entry: C:\Users\Dhaswan\.p2\pool\plugins\org.apache.commons.commons-codec_1.16.0.jar
2025-09-26 20:32:09,640 [Worker-39: Launching lostAndFoundApplication (8)] INFO  o.eclipse.m2e.core.internal.Bundles - getClasspathEntries(Bundle=com.google.guava.failureaccess_1.0.3 [1029])
2025-09-26 20:32:09,640 [Worker-39: Launching lostAndFoundApplication (8)] INFO  o.eclipse.m2e.core.internal.Bundles - 	Entry: C:\Users\Dhaswan\.p2\pool\plugins\com.google.guava.failureaccess_1.0.3.jar
2025-09-26 20:32:09,642 [Worker-39: Launching lostAndFoundApplication (8)] INFO  o.e.m.i.launch.MavenLaunchDelegate - Run build in "S:\InfosysProject\CampusManagement\lostAndFoundApplication":
2025-09-26 20:32:09,642 [Worker-39: Launching lostAndFoundApplication (8)] INFO  o.e.m.i.launch.MavenLaunchDelegate -  mvn  -Ppom.xml -B -Dstyle.color=always clean install
2025-09-26 20:38:46,248 [Worker-53: Building] INFO  o.a.m.s.f.DefaultMavenResourcesFiltering - Copying 1 resource from src\main\resources to target\classes
2025-09-26 20:38:46,267 [Worker-53: Building] INFO  o.a.m.s.f.DefaultMavenResourcesFiltering - Copying 0 resource from src\main\resources to target\classes
2025-09-26 20:38:46,270 [Worker-53: Building] INFO  o.a.m.s.f.DefaultMavenResourcesFiltering - skip non existing resourceDirectory S:\InfosysProject\CampusManagement\lostAndFoundApplication\src\test\resources
2025-09-26 20:38:54,884 [Worker-53: Building] INFO  o.a.m.s.f.DefaultMavenResourcesFiltering - Copying 1 resource from src\main\resources to target\classes
2025-09-26 20:38:54,894 [Worker-53: Building] INFO  o.a.m.s.f.DefaultMavenResourcesFiltering - Copying 0 resource from src\main\resources to target\classes
2025-09-26 20:38:54,897 [Worker-53: Building] INFO  o.a.m.s.f.DefaultMavenResourcesFiltering - skip non existing resourceDirectory S:\InfosysProject\CampusManagement\lostAndFoundApplication\src\test\resources
2025-09-26 20:58:44,322 [Worker-50: Building] INFO  o.e.m.c.i.l.LifecycleMappingFactory - Using org.eclipse.m2e.jdt.JarLifecycleMapping lifecycle mapping for MavenProject: edu.infosys:lostAndFoundApplication:0.0.1-SNAPSHOT @ S:\InfosysProject\CampusManagement\lostAndFoundApplication\pom.xml.
2025-09-26 20:58:45,378 [Worker-50: Building] INFO  o.a.m.s.f.DefaultMavenResourcesFiltering - Copying 0 resource from src\main\resources to target\classes
2025-09-26 20:58:45,378 [Worker-50: Building] INFO  o.a.m.s.f.DefaultMavenResourcesFiltering - Copying 0 resource from src\main\resources to target\classes
2025-09-26 20:58:45,383 [Worker-50: Building] INFO  o.a.m.s.f.DefaultMavenResourcesFiltering - skip non existing resourceDirectory S:\InfosysProject\CampusManagement\lostAndFoundApplication\src\test\resources
2025-09-26 20:58:46,815 [Worker-62: Building] INFO  o.a.m.s.f.DefaultMavenResourcesFiltering - Copying 1 resource from src\main\resources to target\classes
2025-09-26 20:58:46,832 [Worker-62: Building] INFO  o.a.m.s.f.DefaultMavenResourcesFiltering - Copying 0 resource from src\main\resources to target\classes
2025-09-26 20:58:46,834 [Worker-62: Building] INFO  o.a.m.s.f.DefaultMavenResourcesFiltering - skip non existing resourceDirectory S:\InfosysProject\CampusManagement\lostAndFoundApplication\src\test\resources
2025-09-26 21:00:41,900 [Worker-58: Updating Maven Project] INFO  o.e.m.c.i.p.ProjectConfigurationManager - Update started
2025-09-26 21:00:42,344 [Worker-58: Updating Maven Project] INFO  o.e.m.c.i.l.LifecycleMappingFactory - Using org.eclipse.m2e.jdt.JarLifecycleMapping lifecycle mapping for MavenProject: edu.infosys:lostAndFoundApplication:0.0.1-SNAPSHOT @ S:\InfosysProject\CampusManagement\lostAndFoundApplication\pom.xml.
2025-09-26 21:00:43,096 [Worker-58: Updating Maven Project] INFO  o.e.m.j.i.AbstractJavaProjectConfigurator - Adding source folder /lostAndFoundApplication/src/main/java
2025-09-26 21:00:43,097 [Worker-58: Updating Maven Project] INFO  o.e.m.j.i.AbstractJavaProjectConfigurator - Adding resource folder /lostAndFoundApplication/src/main/resources
2025-09-26 21:00:43,097 [Worker-58: Updating Maven Project] INFO  o.e.m.j.i.AbstractJavaProjectConfigurator - Adding resource folder /lostAndFoundApplication/src/main/resources
2025-09-26 21:00:43,098 [Worker-58: Updating Maven Project] INFO  o.e.m.j.i.AbstractJavaProjectConfigurator - Adding source folder /lostAndFoundApplication/src/test/java
2025-09-26 21:00:43,098 [Worker-58: Updating Maven Project] INFO  o.e.m.j.i.AbstractJavaProjectConfigurator - Adding resource folder /lostAndFoundApplication/src/test/resources
2025-09-26 21:00:43,416 [Worker-58: Updating Maven Project] INFO  o.e.m.c.i.p.ProjectConfigurationManager - Update completed for 1 poms: local refresh takes 0.00 sec, refresh facades takes 1.00 sec, update config takes 0.00 sec 
2025-09-26 21:00:43,804 [Worker-50: Building] INFO  o.a.m.s.f.DefaultMavenResourcesFiltering - Copying 1 resource from src\main\resources to target\classes
2025-09-26 21:00:43,815 [Worker-50: Building] INFO  o.a.m.s.f.DefaultMavenResourcesFiltering - Copying 0 resource from src\main\resources to target\classes
2025-09-26 21:00:43,820 [Worker-50: Building] INFO  o.a.m.s.f.DefaultMavenResourcesFiltering - skip non existing resourceDirectory S:\InfosysProject\CampusManagement\lostAndFoundApplication\src\test\resources
2025-09-26 21:00:52,502 [main] INFO  o.e.m2e.actions.ExecutePomAction - Creating new launch configuration
2025-09-26 21:00:59,555 [Worker-62: Launching lostAndFoundApplication (9)] INFO  o.eclipse.m2e.core.internal.Bundles - getClasspathEntries(Bundle=org.eclipse.m2e.maven.runtime_3.9.900.20240824-1409 [640])
2025-09-26 21:00:59,556 [Worker-62: Launching lostAndFoundApplication (9)] INFO  o.eclipse.m2e.core.internal.Bundles - 	Entry: C:\Users\Dhaswan\.p2\pool\plugins\org.eclipse.m2e.maven.runtime_3.9.900.20240824-1409
2025-09-26 21:00:59,557 [Worker-62: Launching lostAndFoundApplication (9)] INFO  o.eclipse.m2e.core.internal.Bundles - 	Entry: C:\Users\Dhaswan\.p2\pool\plugins\org.eclipse.m2e.maven.runtime_3.9.900.20240824-1409\jars\aopalliance-1.0.jar
2025-09-26 21:00:59,557 [Worker-62: Launching lostAndFoundApplication (9)] INFO  o.eclipse.m2e.core.internal.Bundles - 	Entry: C:\Users\Dhaswan\.p2\pool\plugins\org.eclipse.m2e.maven.runtime_3.9.900.20240824-1409\jars\guice-5.1.0.jar
2025-09-26 21:00:59,557 [Worker-62: Launching lostAndFoundApplication (9)] INFO  o.eclipse.m2e.core.internal.Bundles - 	Entry: C:\Users\Dhaswan\.p2\pool\plugins\org.eclipse.m2e.maven.runtime_3.9.900.20240824-1409\jars\httpclient-4.5.14.jar
2025-09-26 21:00:59,557 [Worker-62: Launching lostAndFoundApplication (9)] INFO  o.eclipse.m2e.core.internal.Bundles - 	Entry: C:\Users\Dhaswan\.p2\pool\plugins\org.eclipse.m2e.maven.runtime_3.9.900.20240824-1409\jars\httpcore-4.4.16.jar
2025-09-26 21:00:59,557 [Worker-62: Launching lostAndFoundApplication (9)] INFO  o.eclipse.m2e.core.internal.Bundles - 	Entry: C:\Users\Dhaswan\.p2\pool\plugins\org.eclipse.m2e.maven.runtime_3.9.900.20240824-1409\jars\jansi-2.4.1.jar
2025-09-26 21:00:59,557 [Worker-62: Launching lostAndFoundApplication (9)] INFO  o.eclipse.m2e.core.internal.Bundles - 	Entry: C:\Users\Dhaswan\.p2\pool\plugins\org.eclipse.m2e.maven.runtime_3.9.900.20240824-1409\jars\jcl-over-slf4j-1.7.36.jar
2025-09-26 21:00:59,558 [Worker-62: Launching lostAndFoundApplication (9)] INFO  o.eclipse.m2e.core.internal.Bundles - 	Entry: C:\Users\Dhaswan\.p2\pool\plugins\org.eclipse.m2e.maven.runtime_3.9.900.20240824-1409\jars\maven-artifact-3.9.9.jar
2025-09-26 21:00:59,558 [Worker-62: Launching lostAndFoundApplication (9)] INFO  o.eclipse.m2e.core.internal.Bundles - 	Entry: C:\Users\Dhaswan\.p2\pool\plugins\org.eclipse.m2e.maven.runtime_3.9.900.20240824-1409\jars\maven-builder-support-3.9.9.jar
2025-09-26 21:00:59,559 [Worker-62: Launching lostAndFoundApplication (9)] INFO  o.eclipse.m2e.core.internal.Bundles - 	Entry: C:\Users\Dhaswan\.p2\pool\plugins\org.eclipse.m2e.maven.runtime_3.9.900.20240824-1409\jars\maven-compat-3.9.9.jar
2025-09-26 21:00:59,560 [Worker-62: Launching lostAndFoundApplication (9)] INFO  o.eclipse.m2e.core.internal.Bundles - 	Entry: C:\Users\Dhaswan\.p2\pool\plugins\org.eclipse.m2e.maven.runtime_3.9.900.20240824-1409\jars\maven-core-3.9.9.jar
2025-09-26 21:00:59,560 [Worker-62: Launching lostAndFoundApplication (9)] INFO  o.eclipse.m2e.core.internal.Bundles - 	Entry: C:\Users\Dhaswan\.p2\pool\plugins\org.eclipse.m2e.maven.runtime_3.9.900.20240824-1409\jars\maven-embedder-3.9.9.jar
2025-09-26 21:00:59,560 [Worker-62: Launching lostAndFoundApplication (9)] INFO  o.eclipse.m2e.core.internal.Bundles - 	Entry: C:\Users\Dhaswan\.p2\pool\plugins\org.eclipse.m2e.maven.runtime_3.9.900.20240824-1409\jars\maven-model-3.9.9.jar
2025-09-26 21:00:59,560 [Worker-62: Launching lostAndFoundApplication (9)] INFO  o.eclipse.m2e.core.internal.Bundles - 	Entry: C:\Users\Dhaswan\.p2\pool\plugins\org.eclipse.m2e.maven.runtime_3.9.900.20240824-1409\jars\maven-model-builder-3.9.9.jar
2025-09-26 21:00:59,561 [Worker-62: Launching lostAndFoundApplication (9)] INFO  o.eclipse.m2e.core.internal.Bundles - 	Entry: C:\Users\Dhaswan\.p2\pool\plugins\org.eclipse.m2e.maven.runtime_3.9.900.20240824-1409\jars\maven-plugin-api-3.9.9.jar
2025-09-26 21:00:59,561 [Worker-62: Launching lostAndFoundApplication (9)] INFO  o.eclipse.m2e.core.internal.Bundles - 	Entry: C:\Users\Dhaswan\.p2\pool\plugins\org.eclipse.m2e.maven.runtime_3.9.900.20240824-1409\jars\maven-repository-metadata-3.9.9.jar
2025-09-26 21:00:59,561 [Worker-62: Launching lostAndFoundApplication (9)] INFO  o.eclipse.m2e.core.internal.Bundles - 	Entry: C:\Users\Dhaswan\.p2\pool\plugins\org.eclipse.m2e.maven.runtime_3.9.900.20240824-1409\jars\maven-resolver-api-1.9.22.jar
2025-09-26 21:00:59,561 [Worker-62: Launching lostAndFoundApplication (9)] INFO  o.eclipse.m2e.core.internal.Bundles - 	Entry: C:\Users\Dhaswan\.p2\pool\plugins\org.eclipse.m2e.maven.runtime_3.9.900.20240824-1409\jars\maven-resolver-connector-basic-1.9.22.jar
2025-09-26 21:00:59,561 [Worker-62: Launching lostAndFoundApplication (9)] INFO  o.eclipse.m2e.core.internal.Bundles - 	Entry: C:\Users\Dhaswan\.p2\pool\plugins\org.eclipse.m2e.maven.runtime_3.9.900.20240824-1409\jars\maven-resolver-impl-1.9.22.jar
2025-09-26 21:00:59,561 [Worker-62: Launching lostAndFoundApplication (9)] INFO  o.eclipse.m2e.core.internal.Bundles - 	Entry: C:\Users\Dhaswan\.p2\pool\plugins\org.eclipse.m2e.maven.runtime_3.9.900.20240824-1409\jars\maven-resolver-named-locks-1.9.22.jar
2025-09-26 21:00:59,562 [Worker-62: Launching lostAndFoundApplication (9)] INFO  o.eclipse.m2e.core.internal.Bundles - 	Entry: C:\Users\Dhaswan\.p2\pool\plugins\org.eclipse.m2e.maven.runtime_3.9.900.20240824-1409\jars\maven-resolver-provider-3.9.9.jar
2025-09-26 21:00:59,562 [Worker-62: Launching lostAndFoundApplication (9)] INFO  o.eclipse.m2e.core.internal.Bundles - 	Entry: C:\Users\Dhaswan\.p2\pool\plugins\org.eclipse.m2e.maven.runtime_3.9.900.20240824-1409\jars\maven-resolver-spi-1.9.22.jar
2025-09-26 21:00:59,562 [Worker-62: Launching lostAndFoundApplication (9)] INFO  o.eclipse.m2e.core.internal.Bundles - 	Entry: C:\Users\Dhaswan\.p2\pool\plugins\org.eclipse.m2e.maven.runtime_3.9.900.20240824-1409\jars\maven-resolver-transport-file-1.9.22.jar
2025-09-26 21:00:59,562 [Worker-62: Launching lostAndFoundApplication (9)] INFO  o.eclipse.m2e.core.internal.Bundles - 	Entry: C:\Users\Dhaswan\.p2\pool\plugins\org.eclipse.m2e.maven.runtime_3.9.900.20240824-1409\jars\maven-resolver-transport-http-1.9.22.jar
2025-09-26 21:00:59,562 [Worker-62: Launching lostAndFoundApplication (9)] INFO  o.eclipse.m2e.core.internal.Bundles - 	Entry: C:\Users\Dhaswan\.p2\pool\plugins\org.eclipse.m2e.maven.runtime_3.9.900.20240824-1409\jars\maven-resolver-transport-wagon-1.9.22.jar
2025-09-26 21:00:59,562 [Worker-62: Launching lostAndFoundApplication (9)] INFO  o.eclipse.m2e.core.internal.Bundles - 	Entry: C:\Users\Dhaswan\.p2\pool\plugins\org.eclipse.m2e.maven.runtime_3.9.900.20240824-1409\jars\maven-resolver-util-1.9.22.jar
2025-09-26 21:00:59,562 [Worker-62: Launching lostAndFoundApplication (9)] INFO  o.eclipse.m2e.core.internal.Bundles - 	Entry: C:\Users\Dhaswan\.p2\pool\plugins\org.eclipse.m2e.maven.runtime_3.9.900.20240824-1409\jars\maven-settings-3.9.9.jar
2025-09-26 21:00:59,562 [Worker-62: Launching lostAndFoundApplication (9)] INFO  o.eclipse.m2e.core.internal.Bundles - 	Entry: C:\Users\Dhaswan\.p2\pool\plugins\org.eclipse.m2e.maven.runtime_3.9.900.20240824-1409\jars\maven-settings-builder-3.9.9.jar
2025-09-26 21:00:59,562 [Worker-62: Launching lostAndFoundApplication (9)] INFO  o.eclipse.m2e.core.internal.Bundles - 	Entry: C:\Users\Dhaswan\.p2\pool\plugins\org.eclipse.m2e.maven.runtime_3.9.900.20240824-1409\jars\maven-shared-utils-3.4.2.jar
2025-09-26 21:00:59,562 [Worker-62: Launching lostAndFoundApplication (9)] INFO  o.eclipse.m2e.core.internal.Bundles - 	Entry: C:\Users\Dhaswan\.p2\pool\plugins\org.eclipse.m2e.maven.runtime_3.9.900.20240824-1409\jars\org.eclipse.sisu.inject-0.9.0.M3.jar
2025-09-26 21:00:59,563 [Worker-62: Launching lostAndFoundApplication (9)] INFO  o.eclipse.m2e.core.internal.Bundles - 	Entry: C:\Users\Dhaswan\.p2\pool\plugins\org.eclipse.m2e.maven.runtime_3.9.900.20240824-1409\jars\org.eclipse.sisu.plexus-0.9.0.M3.jar
2025-09-26 21:00:59,563 [Worker-62: Launching lostAndFoundApplication (9)] INFO  o.eclipse.m2e.core.internal.Bundles - 	Entry: C:\Users\Dhaswan\.p2\pool\plugins\org.eclipse.m2e.maven.runtime_3.9.900.20240824-1409\jars\plexus-build-api-0.0.7.jar
2025-09-26 21:00:59,563 [Worker-62: Launching lostAndFoundApplication (9)] INFO  o.eclipse.m2e.core.internal.Bundles - 	Entry: C:\Users\Dhaswan\.p2\pool\plugins\org.eclipse.m2e.maven.runtime_3.9.900.20240824-1409\jars\plexus-build-api-1.2.0.jar
2025-09-26 21:00:59,563 [Worker-62: Launching lostAndFoundApplication (9)] INFO  o.eclipse.m2e.core.internal.Bundles - 	Entry: C:\Users\Dhaswan\.p2\pool\plugins\org.eclipse.m2e.maven.runtime_3.9.900.20240824-1409\jars\plexus-cipher-2.0.jar
2025-09-26 21:00:59,563 [Worker-62: Launching lostAndFoundApplication (9)] INFO  o.eclipse.m2e.core.internal.Bundles - 	Entry: C:\Users\Dhaswan\.p2\pool\plugins\org.eclipse.m2e.maven.runtime_3.9.900.20240824-1409\jars\plexus-classworlds-2.8.0.jar
2025-09-26 21:00:59,563 [Worker-62: Launching lostAndFoundApplication (9)] INFO  o.eclipse.m2e.core.internal.Bundles - 	Entry: C:\Users\Dhaswan\.p2\pool\plugins\org.eclipse.m2e.maven.runtime_3.9.900.20240824-1409\jars\plexus-component-annotations-2.1.0.jar
2025-09-26 21:00:59,563 [Worker-62: Launching lostAndFoundApplication (9)] INFO  o.eclipse.m2e.core.internal.Bundles - 	Entry: C:\Users\Dhaswan\.p2\pool\plugins\org.eclipse.m2e.maven.runtime_3.9.900.20240824-1409\jars\plexus-interpolation-1.27.jar
2025-09-26 21:00:59,563 [Worker-62: Launching lostAndFoundApplication (9)] INFO  o.eclipse.m2e.core.internal.Bundles - 	Entry: C:\Users\Dhaswan\.p2\pool\plugins\org.eclipse.m2e.maven.runtime_3.9.900.20240824-1409\jars\plexus-sec-dispatcher-2.0.jar
2025-09-26 21:00:59,563 [Worker-62: Launching lostAndFoundApplication (9)] INFO  o.eclipse.m2e.core.internal.Bundles - 	Entry: C:\Users\Dhaswan\.p2\pool\plugins\org.eclipse.m2e.maven.runtime_3.9.900.20240824-1409\jars\plexus-utils-3.5.1.jar
2025-09-26 21:00:59,563 [Worker-62: Launching lostAndFoundApplication (9)] INFO  o.eclipse.m2e.core.internal.Bundles - 	Entry: C:\Users\Dhaswan\.p2\pool\plugins\org.eclipse.m2e.maven.runtime_3.9.900.20240824-1409\jars\plexus-xml-3.0.1.jar
2025-09-26 21:00:59,564 [Worker-62: Launching lostAndFoundApplication (9)] INFO  o.eclipse.m2e.core.internal.Bundles - 	Entry: C:\Users\Dhaswan\.p2\pool\plugins\org.eclipse.m2e.maven.runtime_3.9.900.20240824-1409\jars\wagon-file-3.5.3.jar
2025-09-26 21:00:59,564 [Worker-62: Launching lostAndFoundApplication (9)] INFO  o.eclipse.m2e.core.internal.Bundles - 	Entry: C:\Users\Dhaswan\.p2\pool\plugins\org.eclipse.m2e.maven.runtime_3.9.900.20240824-1409\jars\wagon-http-3.5.3.jar
2025-09-26 21:00:59,564 [Worker-62: Launching lostAndFoundApplication (9)] INFO  o.eclipse.m2e.core.internal.Bundles - 	Entry: C:\Users\Dhaswan\.p2\pool\plugins\org.eclipse.m2e.maven.runtime_3.9.900.20240824-1409\jars\wagon-http-shared-3.5.3.jar
2025-09-26 21:00:59,564 [Worker-62: Launching lostAndFoundApplication (9)] INFO  o.eclipse.m2e.core.internal.Bundles - 	Entry: C:\Users\Dhaswan\.p2\pool\plugins\org.eclipse.m2e.maven.runtime_3.9.900.20240824-1409\jars\wagon-provider-api-3.5.3.jar
2025-09-26 21:00:59,564 [Worker-62: Launching lostAndFoundApplication (9)] INFO  o.eclipse.m2e.core.internal.Bundles - getClasspathEntries(Bundle=com.google.guava_33.4.8.jre [1028])
2025-09-26 21:00:59,565 [Worker-62: Launching lostAndFoundApplication (9)] INFO  o.eclipse.m2e.core.internal.Bundles - 	Entry: C:\Users\Dhaswan\.p2\pool\plugins\com.google.guava_33.4.8.jre.jar
2025-09-26 21:00:59,565 [Worker-62: Launching lostAndFoundApplication (9)] INFO  o.eclipse.m2e.core.internal.Bundles - getClasspathEntries(Bundle=slf4j.api_2.0.17 [1112])
2025-09-26 21:00:59,565 [Worker-62: Launching lostAndFoundApplication (9)] INFO  o.eclipse.m2e.core.internal.Bundles - 	Entry: C:\Users\Dhaswan\.p2\pool\plugins\slf4j.api_2.0.17.jar
2025-09-26 21:00:59,565 [Worker-62: Launching lostAndFoundApplication (9)] INFO  o.eclipse.m2e.core.internal.Bundles - getClasspathEntries(Bundle=jakarta.inject.jakarta.inject-api_1.0.5 [34])
2025-09-26 21:00:59,566 [Worker-62: Launching lostAndFoundApplication (9)] INFO  o.eclipse.m2e.core.internal.Bundles - 	Entry: C:\Users\Dhaswan\.p2\pool\plugins\jakarta.inject.jakarta.inject-api_1.0.5.jar
2025-09-26 21:00:59,566 [Worker-62: Launching lostAndFoundApplication (9)] INFO  o.eclipse.m2e.core.internal.Bundles - getClasspathEntries(Bundle=jakarta.annotation-api_1.3.5 [29])
2025-09-26 21:00:59,567 [Worker-62: Launching lostAndFoundApplication (9)] INFO  o.eclipse.m2e.core.internal.Bundles - 	Entry: C:\Users\Dhaswan\.p2\pool\plugins\jakarta.annotation-api_1.3.5.jar
2025-09-26 21:00:59,567 [Worker-62: Launching lostAndFoundApplication (9)] INFO  o.eclipse.m2e.core.internal.Bundles - getClasspathEntries(Bundle=org.apache.commons.cli_1.9.0 [78])
2025-09-26 21:00:59,569 [Worker-62: Launching lostAndFoundApplication (9)] INFO  o.eclipse.m2e.core.internal.Bundles - 	Entry: C:\Users\Dhaswan\.p2\pool\plugins\org.apache.commons.cli_1.9.0.jar
2025-09-26 21:00:59,569 [Worker-62: Launching lostAndFoundApplication (9)] INFO  o.eclipse.m2e.core.internal.Bundles - getClasspathEntries(Bundle=org.apache.commons.commons-codec_1.16.0 [81])
2025-09-26 21:00:59,570 [Worker-62: Launching lostAndFoundApplication (9)] INFO  o.eclipse.m2e.core.internal.Bundles - 	Entry: C:\Users\Dhaswan\.p2\pool\plugins\org.apache.commons.commons-codec_1.16.0.jar
2025-09-26 21:00:59,570 [Worker-62: Launching lostAndFoundApplication (9)] INFO  o.eclipse.m2e.core.internal.Bundles - getClasspathEntries(Bundle=com.google.guava.failureaccess_1.0.3 [1029])
2025-09-26 21:00:59,571 [Worker-62: Launching lostAndFoundApplication (9)] INFO  o.eclipse.m2e.core.internal.Bundles - 	Entry: C:\Users\Dhaswan\.p2\pool\plugins\com.google.guava.failureaccess_1.0.3.jar
2025-09-26 21:00:59,572 [Worker-62: Launching lostAndFoundApplication (9)] INFO  o.e.m.i.launch.MavenLaunchDelegate - Run build in "S:\InfosysProject\CampusManagement\lostAndFoundApplication":
2025-09-26 21:00:59,572 [Worker-62: Launching lostAndFoundApplication (9)] INFO  o.e.m.i.launch.MavenLaunchDelegate -  mvn  -Ppom.xml -B -Dstyle.color=always clean install
2025-09-26 21:48:10,212 [Worker-68: Building] INFO  o.e.m.c.i.l.LifecycleMappingFactory - Using org.eclipse.m2e.jdt.JarLifecycleMapping lifecycle mapping for MavenProject: edu.infosys:lostAndFoundApplication:0.0.1-SNAPSHOT @ S:\InfosysProject\CampusManagement\lostAndFoundApplication\pom.xml.
2025-09-26 21:48:12,054 [Worker-68: Building] INFO  o.a.m.s.f.DefaultMavenResourcesFiltering - Copying 1 resource from src\main\resources to target\classes
2025-09-26 21:48:12,094 [Worker-68: Building] INFO  o.a.m.s.f.DefaultMavenResourcesFiltering - Copying 0 resource from src\main\resources to target\classes
2025-09-26 21:48:12,101 [Worker-68: Building] INFO  o.a.m.s.f.DefaultMavenResourcesFiltering - skip non existing resourceDirectory S:\InfosysProject\CampusManagement\lostAndFoundApplication\src\test\resources
2025-09-26 21:49:18,649 [Worker-6: Loading available Gradle versions] INFO  o.e.b.c.i.u.g.PublishedGradleVersions - Gradle version information cache is up-to-date. Trying to read.
2025-09-26 21:54:35,036 [Worker-27: Building] INFO  o.e.m.c.i.l.LifecycleMappingFactory - Using org.eclipse.m2e.jdt.JarLifecycleMapping lifecycle mapping for MavenProject: edu.infosys:lostAndFoundApplication:0.0.1-SNAPSHOT @ S:\InfosysProject\CampusManagement\lostAndFoundApplication\pom.xml.
2025-09-26 21:54:37,130 [Worker-27: Building] INFO  o.a.m.s.f.DefaultMavenResourcesFiltering - Copying 1 resource from src\main\resources to target\classes
2025-09-26 21:54:37,148 [Worker-27: Building] INFO  o.a.m.s.f.DefaultMavenResourcesFiltering - Copying 0 resource from src\main\resources to target\classes
2025-09-26 21:54:37,154 [Worker-27: Building] INFO  o.a.m.s.f.DefaultMavenResourcesFiltering - skip non existing resourceDirectory S:\InfosysProject\CampusManagement\lostAndFoundApplication\src\test\resources
2025-09-26 21:54:53,006 [Worker-23: Updating Maven Project] INFO  o.e.m.c.i.p.ProjectConfigurationManager - Update started
2025-09-26 21:54:53,541 [Worker-23: Updating Maven Project] INFO  o.e.m.c.i.l.LifecycleMappingFactory - Using org.eclipse.m2e.jdt.JarLifecycleMapping lifecycle mapping for MavenProject: edu.infosys:lostAndFoundApplication:0.0.1-SNAPSHOT @ S:\InfosysProject\CampusManagement\lostAndFoundApplication\pom.xml.
2025-09-26 21:54:54,618 [Worker-23: Updating Maven Project] INFO  o.e.m.j.i.AbstractJavaProjectConfigurator - Adding source folder /lostAndFoundApplication/src/main/java
2025-09-26 21:54:54,620 [Worker-23: Updating Maven Project] INFO  o.e.m.j.i.AbstractJavaProjectConfigurator - Adding resource folder /lostAndFoundApplication/src/main/resources
2025-09-26 21:54:54,621 [Worker-23: Updating Maven Project] INFO  o.e.m.j.i.AbstractJavaProjectConfigurator - Adding resource folder /lostAndFoundApplication/src/main/resources
2025-09-26 21:54:54,623 [Worker-23: Updating Maven Project] INFO  o.e.m.j.i.AbstractJavaProjectConfigurator - Adding source folder /lostAndFoundApplication/src/test/java
2025-09-26 21:54:54,624 [Worker-23: Updating Maven Project] INFO  o.e.m.j.i.AbstractJavaProjectConfigurator - Adding resource folder /lostAndFoundApplication/src/test/resources
2025-09-26 21:54:55,100 [Worker-23: Updating Maven Project] INFO  o.e.m.c.i.p.ProjectConfigurationManager - Update completed for 1 poms: local refresh takes 0.00 sec, refresh facades takes 1.00 sec, update config takes 0.00 sec 
2025-09-26 21:54:55,633 [Worker-21: Building] INFO  o.a.m.s.f.DefaultMavenResourcesFiltering - Copying 1 resource from src\main\resources to target\classes
2025-09-26 21:54:55,685 [Worker-21: Building] INFO  o.a.m.s.f.DefaultMavenResourcesFiltering - Copying 0 resource from src\main\resources to target\classes
2025-09-26 21:54:55,692 [Worker-21: Building] INFO  o.a.m.s.f.DefaultMavenResourcesFiltering - skip non existing resourceDirectory S:\InfosysProject\CampusManagement\lostAndFoundApplication\src\test\resources
2025-09-26 21:55:04,205 [main] INFO  o.e.m2e.actions.ExecutePomAction - Creating new launch configuration
2025-09-26 21:55:10,451 [Worker-5: Launching lostAndFoundApplication (10)] INFO  o.eclipse.m2e.core.internal.Bundles - getClasspathEntries(Bundle=org.eclipse.m2e.maven.runtime_3.9.900.20240824-1409 [640])
2025-09-26 21:55:10,454 [Worker-5: Launching lostAndFoundApplication (10)] INFO  o.eclipse.m2e.core.internal.Bundles - 	Entry: C:\Users\Dhaswan\.p2\pool\plugins\org.eclipse.m2e.maven.runtime_3.9.900.20240824-1409
2025-09-26 21:55:10,454 [Worker-5: Launching lostAndFoundApplication (10)] INFO  o.eclipse.m2e.core.internal.Bundles - 	Entry: C:\Users\Dhaswan\.p2\pool\plugins\org.eclipse.m2e.maven.runtime_3.9.900.20240824-1409\jars\aopalliance-1.0.jar
2025-09-26 21:55:10,455 [Worker-5: Launching lostAndFoundApplication (10)] INFO  o.eclipse.m2e.core.internal.Bundles - 	Entry: C:\Users\Dhaswan\.p2\pool\plugins\org.eclipse.m2e.maven.runtime_3.9.900.20240824-1409\jars\guice-5.1.0.jar
2025-09-26 21:55:10,455 [Worker-5: Launching lostAndFoundApplication (10)] INFO  o.eclipse.m2e.core.internal.Bundles - 	Entry: C:\Users\Dhaswan\.p2\pool\plugins\org.eclipse.m2e.maven.runtime_3.9.900.20240824-1409\jars\httpclient-4.5.14.jar
2025-09-26 21:55:10,455 [Worker-5: Launching lostAndFoundApplication (10)] INFO  o.eclipse.m2e.core.internal.Bundles - 	Entry: C:\Users\Dhaswan\.p2\pool\plugins\org.eclipse.m2e.maven.runtime_3.9.900.20240824-1409\jars\httpcore-4.4.16.jar
2025-09-26 21:55:10,455 [Worker-5: Launching lostAndFoundApplication (10)] INFO  o.eclipse.m2e.core.internal.Bundles - 	Entry: C:\Users\Dhaswan\.p2\pool\plugins\org.eclipse.m2e.maven.runtime_3.9.900.20240824-1409\jars\jansi-2.4.1.jar
2025-09-26 21:55:10,455 [Worker-5: Launching lostAndFoundApplication (10)] INFO  o.eclipse.m2e.core.internal.Bundles - 	Entry: C:\Users\Dhaswan\.p2\pool\plugins\org.eclipse.m2e.maven.runtime_3.9.900.20240824-1409\jars\jcl-over-slf4j-1.7.36.jar
2025-09-26 21:55:10,456 [Worker-5: Launching lostAndFoundApplication (10)] INFO  o.eclipse.m2e.core.internal.Bundles - 	Entry: C:\Users\Dhaswan\.p2\pool\plugins\org.eclipse.m2e.maven.runtime_3.9.900.20240824-1409\jars\maven-artifact-3.9.9.jar
2025-09-26 21:55:10,456 [Worker-5: Launching lostAndFoundApplication (10)] INFO  o.eclipse.m2e.core.internal.Bundles - 	Entry: C:\Users\Dhaswan\.p2\pool\plugins\org.eclipse.m2e.maven.runtime_3.9.900.20240824-1409\jars\maven-builder-support-3.9.9.jar
2025-09-26 21:55:10,456 [Worker-5: Launching lostAndFoundApplication (10)] INFO  o.eclipse.m2e.core.internal.Bundles - 	Entry: C:\Users\Dhaswan\.p2\pool\plugins\org.eclipse.m2e.maven.runtime_3.9.900.20240824-1409\jars\maven-compat-3.9.9.jar
2025-09-26 21:55:10,456 [Worker-5: Launching lostAndFoundApplication (10)] INFO  o.eclipse.m2e.core.internal.Bundles - 	Entry: C:\Users\Dhaswan\.p2\pool\plugins\org.eclipse.m2e.maven.runtime_3.9.900.20240824-1409\jars\maven-core-3.9.9.jar
2025-09-26 21:55:10,457 [Worker-5: Launching lostAndFoundApplication (10)] INFO  o.eclipse.m2e.core.internal.Bundles - 	Entry: C:\Users\Dhaswan\.p2\pool\plugins\org.eclipse.m2e.maven.runtime_3.9.900.20240824-1409\jars\maven-embedder-3.9.9.jar
2025-09-26 21:55:10,457 [Worker-5: Launching lostAndFoundApplication (10)] INFO  o.eclipse.m2e.core.internal.Bundles - 	Entry: C:\Users\Dhaswan\.p2\pool\plugins\org.eclipse.m2e.maven.runtime_3.9.900.20240824-1409\jars\maven-model-3.9.9.jar
2025-09-26 21:55:10,457 [Worker-5: Launching lostAndFoundApplication (10)] INFO  o.eclipse.m2e.core.internal.Bundles - 	Entry: C:\Users\Dhaswan\.p2\pool\plugins\org.eclipse.m2e.maven.runtime_3.9.900.20240824-1409\jars\maven-model-builder-3.9.9.jar
2025-09-26 21:55:10,457 [Worker-5: Launching lostAndFoundApplication (10)] INFO  o.eclipse.m2e.core.internal.Bundles - 	Entry: C:\Users\Dhaswan\.p2\pool\plugins\org.eclipse.m2e.maven.runtime_3.9.900.20240824-1409\jars\maven-plugin-api-3.9.9.jar
2025-09-26 21:55:10,458 [Worker-5: Launching lostAndFoundApplication (10)] INFO  o.eclipse.m2e.core.internal.Bundles - 	Entry: C:\Users\Dhaswan\.p2\pool\plugins\org.eclipse.m2e.maven.runtime_3.9.900.20240824-1409\jars\maven-repository-metadata-3.9.9.jar
2025-09-26 21:55:10,458 [Worker-5: Launching lostAndFoundApplication (10)] INFO  o.eclipse.m2e.core.internal.Bundles - 	Entry: C:\Users\Dhaswan\.p2\pool\plugins\org.eclipse.m2e.maven.runtime_3.9.900.20240824-1409\jars\maven-resolver-api-1.9.22.jar
2025-09-26 21:55:10,458 [Worker-5: Launching lostAndFoundApplication (10)] INFO  o.eclipse.m2e.core.internal.Bundles - 	Entry: C:\Users\Dhaswan\.p2\pool\plugins\org.eclipse.m2e.maven.runtime_3.9.900.20240824-1409\jars\maven-resolver-connector-basic-1.9.22.jar
2025-09-26 21:55:10,458 [Worker-5: Launching lostAndFoundApplication (10)] INFO  o.eclipse.m2e.core.internal.Bundles - 	Entry: C:\Users\Dhaswan\.p2\pool\plugins\org.eclipse.m2e.maven.runtime_3.9.900.20240824-1409\jars\maven-resolver-impl-1.9.22.jar
2025-09-26 21:55:10,459 [Worker-5: Launching lostAndFoundApplication (10)] INFO  o.eclipse.m2e.core.internal.Bundles - 	Entry: C:\Users\Dhaswan\.p2\pool\plugins\org.eclipse.m2e.maven.runtime_3.9.900.20240824-1409\jars\maven-resolver-named-locks-1.9.22.jar
2025-09-26 21:55:10,459 [Worker-5: Launching lostAndFoundApplication (10)] INFO  o.eclipse.m2e.core.internal.Bundles - 	Entry: C:\Users\Dhaswan\.p2\pool\plugins\org.eclipse.m2e.maven.runtime_3.9.900.20240824-1409\jars\maven-resolver-provider-3.9.9.jar
2025-09-26 21:55:10,459 [Worker-5: Launching lostAndFoundApplication (10)] INFO  o.eclipse.m2e.core.internal.Bundles - 	Entry: C:\Users\Dhaswan\.p2\pool\plugins\org.eclipse.m2e.maven.runtime_3.9.900.20240824-1409\jars\maven-resolver-spi-1.9.22.jar
2025-09-26 21:55:10,460 [Worker-5: Launching lostAndFoundApplication (10)] INFO  o.eclipse.m2e.core.internal.Bundles - 	Entry: C:\Users\Dhaswan\.p2\pool\plugins\org.eclipse.m2e.maven.runtime_3.9.900.20240824-1409\jars\maven-resolver-transport-file-1.9.22.jar
2025-09-26 21:55:10,460 [Worker-5: Launching lostAndFoundApplication (10)] INFO  o.eclipse.m2e.core.internal.Bundles - 	Entry: C:\Users\Dhaswan\.p2\pool\plugins\org.eclipse.m2e.maven.runtime_3.9.900.20240824-1409\jars\maven-resolver-transport-http-1.9.22.jar
2025-09-26 21:55:10,460 [Worker-5: Launching lostAndFoundApplication (10)] INFO  o.eclipse.m2e.core.internal.Bundles - 	Entry: C:\Users\Dhaswan\.p2\pool\plugins\org.eclipse.m2e.maven.runtime_3.9.900.20240824-1409\jars\maven-resolver-transport-wagon-1.9.22.jar
2025-09-26 21:55:10,461 [Worker-5: Launching lostAndFoundApplication (10)] INFO  o.eclipse.m2e.core.internal.Bundles - 	Entry: C:\Users\Dhaswan\.p2\pool\plugins\org.eclipse.m2e.maven.runtime_3.9.900.20240824-1409\jars\maven-resolver-util-1.9.22.jar
2025-09-26 21:55:10,461 [Worker-5: Launching lostAndFoundApplication (10)] INFO  o.eclipse.m2e.core.internal.Bundles - 	Entry: C:\Users\Dhaswan\.p2\pool\plugins\org.eclipse.m2e.maven.runtime_3.9.900.20240824-1409\jars\maven-settings-3.9.9.jar
2025-09-26 21:55:10,461 [Worker-5: Launching lostAndFoundApplication (10)] INFO  o.eclipse.m2e.core.internal.Bundles - 	Entry: C:\Users\Dhaswan\.p2\pool\plugins\org.eclipse.m2e.maven.runtime_3.9.900.20240824-1409\jars\maven-settings-builder-3.9.9.jar
2025-09-26 21:55:10,461 [Worker-5: Launching lostAndFoundApplication (10)] INFO  o.eclipse.m2e.core.internal.Bundles - 	Entry: C:\Users\Dhaswan\.p2\pool\plugins\org.eclipse.m2e.maven.runtime_3.9.900.20240824-1409\jars\maven-shared-utils-3.4.2.jar
2025-09-26 21:55:10,461 [Worker-5: Launching lostAndFoundApplication (10)] INFO  o.eclipse.m2e.core.internal.Bundles - 	Entry: C:\Users\Dhaswan\.p2\pool\plugins\org.eclipse.m2e.maven.runtime_3.9.900.20240824-1409\jars\org.eclipse.sisu.inject-0.9.0.M3.jar
2025-09-26 21:55:10,461 [Worker-5: Launching lostAndFoundApplication (10)] INFO  o.eclipse.m2e.core.internal.Bundles - 	Entry: C:\Users\Dhaswan\.p2\pool\plugins\org.eclipse.m2e.maven.runtime_3.9.900.20240824-1409\jars\org.eclipse.sisu.plexus-0.9.0.M3.jar
2025-09-26 21:55:10,462 [Worker-5: Launching lostAndFoundApplication (10)] INFO  o.eclipse.m2e.core.internal.Bundles - 	Entry: C:\Users\Dhaswan\.p2\pool\plugins\org.eclipse.m2e.maven.runtime_3.9.900.20240824-1409\jars\plexus-build-api-0.0.7.jar
2025-09-26 21:55:10,462 [Worker-5: Launching lostAndFoundApplication (10)] INFO  o.eclipse.m2e.core.internal.Bundles - 	Entry: C:\Users\Dhaswan\.p2\pool\plugins\org.eclipse.m2e.maven.runtime_3.9.900.20240824-1409\jars\plexus-build-api-1.2.0.jar
2025-09-26 21:55:10,462 [Worker-5: Launching lostAndFoundApplication (10)] INFO  o.eclipse.m2e.core.internal.Bundles - 	Entry: C:\Users\Dhaswan\.p2\pool\plugins\org.eclipse.m2e.maven.runtime_3.9.900.20240824-1409\jars\plexus-cipher-2.0.jar
2025-09-26 21:55:10,462 [Worker-5: Launching lostAndFoundApplication (10)] INFO  o.eclipse.m2e.core.internal.Bundles - 	Entry: C:\Users\Dhaswan\.p2\pool\plugins\org.eclipse.m2e.maven.runtime_3.9.900.20240824-1409\jars\plexus-classworlds-2.8.0.jar
2025-09-26 21:55:10,462 [Worker-5: Launching lostAndFoundApplication (10)] INFO  o.eclipse.m2e.core.internal.Bundles - 	Entry: C:\Users\Dhaswan\.p2\pool\plugins\org.eclipse.m2e.maven.runtime_3.9.900.20240824-1409\jars\plexus-component-annotations-2.1.0.jar
2025-09-26 21:55:10,463 [Worker-5: Launching lostAndFoundApplication (10)] INFO  o.eclipse.m2e.core.internal.Bundles - 	Entry: C:\Users\Dhaswan\.p2\pool\plugins\org.eclipse.m2e.maven.runtime_3.9.900.20240824-1409\jars\plexus-interpolation-1.27.jar
2025-09-26 21:55:10,463 [Worker-5: Launching lostAndFoundApplication (10)] INFO  o.eclipse.m2e.core.internal.Bundles - 	Entry: C:\Users\Dhaswan\.p2\pool\plugins\org.eclipse.m2e.maven.runtime_3.9.900.20240824-1409\jars\plexus-sec-dispatcher-2.0.jar
2025-09-26 21:55:10,463 [Worker-5: Launching lostAndFoundApplication (10)] INFO  o.eclipse.m2e.core.internal.Bundles - 	Entry: C:\Users\Dhaswan\.p2\pool\plugins\org.eclipse.m2e.maven.runtime_3.9.900.20240824-1409\jars\plexus-utils-3.5.1.jar
2025-09-26 21:55:10,463 [Worker-5: Launching lostAndFoundApplication (10)] INFO  o.eclipse.m2e.core.internal.Bundles - 	Entry: C:\Users\Dhaswan\.p2\pool\plugins\org.eclipse.m2e.maven.runtime_3.9.900.20240824-1409\jars\plexus-xml-3.0.1.jar
2025-09-26 21:55:10,463 [Worker-5: Launching lostAndFoundApplication (10)] INFO  o.eclipse.m2e.core.internal.Bundles - 	Entry: C:\Users\Dhaswan\.p2\pool\plugins\org.eclipse.m2e.maven.runtime_3.9.900.20240824-1409\jars\wagon-file-3.5.3.jar
2025-09-26 21:55:10,463 [Worker-5: Launching lostAndFoundApplication (10)] INFO  o.eclipse.m2e.core.internal.Bundles - 	Entry: C:\Users\Dhaswan\.p2\pool\plugins\org.eclipse.m2e.maven.runtime_3.9.900.20240824-1409\jars\wagon-http-3.5.3.jar
2025-09-26 21:55:10,463 [Worker-5: Launching lostAndFoundApplication (10)] INFO  o.eclipse.m2e.core.internal.Bundles - 	Entry: C:\Users\Dhaswan\.p2\pool\plugins\org.eclipse.m2e.maven.runtime_3.9.900.20240824-1409\jars\wagon-http-shared-3.5.3.jar
2025-09-26 21:55:10,464 [Worker-5: Launching lostAndFoundApplication (10)] INFO  o.eclipse.m2e.core.internal.Bundles - 	Entry: C:\Users\Dhaswan\.p2\pool\plugins\org.eclipse.m2e.maven.runtime_3.9.900.20240824-1409\jars\wagon-provider-api-3.5.3.jar
2025-09-26 21:55:10,465 [Worker-5: Launching lostAndFoundApplication (10)] INFO  o.eclipse.m2e.core.internal.Bundles - getClasspathEntries(Bundle=com.google.guava_33.4.8.jre [1028])
2025-09-26 21:55:10,466 [Worker-5: Launching lostAndFoundApplication (10)] INFO  o.eclipse.m2e.core.internal.Bundles - 	Entry: C:\Users\Dhaswan\.p2\pool\plugins\com.google.guava_33.4.8.jre.jar
2025-09-26 21:55:10,466 [Worker-5: Launching lostAndFoundApplication (10)] INFO  o.eclipse.m2e.core.internal.Bundles - getClasspathEntries(Bundle=slf4j.api_2.0.17 [1112])
2025-09-26 21:55:10,466 [Worker-5: Launching lostAndFoundApplication (10)] INFO  o.eclipse.m2e.core.internal.Bundles - 	Entry: C:\Users\Dhaswan\.p2\pool\plugins\slf4j.api_2.0.17.jar
2025-09-26 21:55:10,466 [Worker-5: Launching lostAndFoundApplication (10)] INFO  o.eclipse.m2e.core.internal.Bundles - getClasspathEntries(Bundle=jakarta.inject.jakarta.inject-api_1.0.5 [34])
2025-09-26 21:55:10,467 [Worker-5: Launching lostAndFoundApplication (10)] INFO  o.eclipse.m2e.core.internal.Bundles - 	Entry: C:\Users\Dhaswan\.p2\pool\plugins\jakarta.inject.jakarta.inject-api_1.0.5.jar
2025-09-26 21:55:10,467 [Worker-5: Launching lostAndFoundApplication (10)] INFO  o.eclipse.m2e.core.internal.Bundles - getClasspathEntries(Bundle=jakarta.annotation-api_1.3.5 [29])
2025-09-26 21:55:10,467 [Worker-5: Launching lostAndFoundApplication (10)] INFO  o.eclipse.m2e.core.internal.Bundles - 	Entry: C:\Users\Dhaswan\.p2\pool\plugins\jakarta.annotation-api_1.3.5.jar
2025-09-26 21:55:10,468 [Worker-5: Launching lostAndFoundApplication (10)] INFO  o.eclipse.m2e.core.internal.Bundles - getClasspathEntries(Bundle=org.apache.commons.cli_1.9.0 [78])
2025-09-26 21:55:10,468 [Worker-5: Launching lostAndFoundApplication (10)] INFO  o.eclipse.m2e.core.internal.Bundles - 	Entry: C:\Users\Dhaswan\.p2\pool\plugins\org.apache.commons.cli_1.9.0.jar
2025-09-26 21:55:10,468 [Worker-5: Launching lostAndFoundApplication (10)] INFO  o.eclipse.m2e.core.internal.Bundles - getClasspathEntries(Bundle=org.apache.commons.commons-codec_1.16.0 [81])
2025-09-26 21:55:10,468 [Worker-5: Launching lostAndFoundApplication (10)] INFO  o.eclipse.m2e.core.internal.Bundles - 	Entry: C:\Users\Dhaswan\.p2\pool\plugins\org.apache.commons.commons-codec_1.16.0.jar
2025-09-26 21:55:10,469 [Worker-5: Launching lostAndFoundApplication (10)] INFO  o.eclipse.m2e.core.internal.Bundles - getClasspathEntries(Bundle=com.google.guava.failureaccess_1.0.3 [1029])
2025-09-26 21:55:10,469 [Worker-5: Launching lostAndFoundApplication (10)] INFO  o.eclipse.m2e.core.internal.Bundles - 	Entry: C:\Users\Dhaswan\.p2\pool\plugins\com.google.guava.failureaccess_1.0.3.jar
2025-09-26 21:55:10,472 [Worker-5: Launching lostAndFoundApplication (10)] INFO  o.e.m.i.launch.MavenLaunchDelegate - Run build in "S:\InfosysProject\CampusManagement\lostAndFoundApplication":
2025-09-26 21:55:10,479 [Worker-5: Launching lostAndFoundApplication (10)] INFO  o.e.m.i.launch.MavenLaunchDelegate -  mvn  -Ppom.xml -B -Dstyle.color=always clean install
2025-09-29 09:59:24,284 [Worker-1: Loading available Gradle versions] INFO  o.e.b.c.i.u.g.PublishedGradleVersions - Gradle version information cache is out-of-date. Trying to update.
2025-09-29 19:32:05,141 [Worker-5: Loading available Gradle versions] INFO  o.e.b.c.i.u.g.PublishedGradleVersions - Gradle version information cache is up-to-date. Trying to read.
2025-09-29 20:35:23,725 [Worker-37: Building] INFO  o.a.m.s.f.DefaultMavenResourcesFiltering - Copying 1 resource from src\main\resources to target\classes
2025-09-29 20:35:23,794 [Worker-37: Building] INFO  o.a.m.s.f.DefaultMavenResourcesFiltering - Copying 0 resource from src\main\resources to target\classes
2025-09-29 20:35:23,800 [Worker-37: Building] INFO  o.a.m.s.f.DefaultMavenResourcesFiltering - skip non existing resourceDirectory S:\InfosysProject\CampusManagement\lostAndFoundApplication\src\test\resources
2025-09-29 20:35:43,578 [Worker-47: Building] INFO  o.a.m.s.f.DefaultMavenResourcesFiltering - Copying 1 resource from src\main\resources to target\classes
2025-09-29 20:35:43,587 [Worker-47: Building] INFO  o.a.m.s.f.DefaultMavenResourcesFiltering - Copying 0 resource from src\main\resources to target\classes
2025-09-29 20:35:43,590 [Worker-47: Building] INFO  o.a.m.s.f.DefaultMavenResourcesFiltering - skip non existing resourceDirectory S:\InfosysProject\CampusManagement\lostAndFoundApplication\src\test\resources
2025-09-29 20:35:53,617 [Worker-45: Building] INFO  o.a.m.s.f.DefaultMavenResourcesFiltering - Copying 1 resource from src\main\resources to target\classes
2025-09-29 20:35:53,624 [Worker-45: Building] INFO  o.a.m.s.f.DefaultMavenResourcesFiltering - Copying 0 resource from src\main\resources to target\classes
2025-09-29 20:35:53,628 [Worker-45: Building] INFO  o.a.m.s.f.DefaultMavenResourcesFiltering - skip non existing resourceDirectory S:\InfosysProject\CampusManagement\lostAndFoundApplication\src\test\resources
2025-09-29 20:36:21,918 [Worker-48: Building] INFO  o.a.m.s.f.DefaultMavenResourcesFiltering - Copying 1 resource from src\main\resources to target\classes
2025-09-29 20:36:21,926 [Worker-48: Building] INFO  o.a.m.s.f.DefaultMavenResourcesFiltering - Copying 0 resource from src\main\resources to target\classes
2025-09-29 20:36:21,929 [Worker-48: Building] INFO  o.a.m.s.f.DefaultMavenResourcesFiltering - skip non existing resourceDirectory S:\InfosysProject\CampusManagement\lostAndFoundApplication\src\test\resources
2025-09-29 20:41:13,503 [Worker-45: Building] INFO  o.a.m.s.f.DefaultMavenResourcesFiltering - Copying 1 resource from src\main\resources to target\classes
2025-09-29 20:41:13,532 [Worker-45: Building] INFO  o.a.m.s.f.DefaultMavenResourcesFiltering - Copying 0 resource from src\main\resources to target\classes
2025-09-29 20:41:13,538 [Worker-45: Building] INFO  o.a.m.s.f.DefaultMavenResourcesFiltering - skip non existing resourceDirectory S:\InfosysProject\CampusManagement\lostAndFoundApplication\src\test\resources
2025-09-29 20:41:21,246 [Worker-42: Building] INFO  o.a.m.s.f.DefaultMavenResourcesFiltering - Copying 1 resource from src\main\resources to target\classes
2025-09-29 20:41:21,260 [Worker-42: Building] INFO  o.a.m.s.f.DefaultMavenResourcesFiltering - Copying 0 resource from src\main\resources to target\classes
2025-09-29 20:41:21,262 [Worker-42: Building] INFO  o.a.m.s.f.DefaultMavenResourcesFiltering - skip non existing resourceDirectory S:\InfosysProject\CampusManagement\lostAndFoundApplication\src\test\resources
2025-09-29 20:45:41,881 [Worker-45: Building] INFO  o.a.m.s.f.DefaultMavenResourcesFiltering - Copying 1 resource from src\main\resources to target\classes
2025-09-29 20:45:41,903 [Worker-45: Building] INFO  o.a.m.s.f.DefaultMavenResourcesFiltering - Copying 0 resource from src\main\resources to target\classes
2025-09-29 20:45:41,906 [Worker-45: Building] INFO  o.a.m.s.f.DefaultMavenResourcesFiltering - skip non existing resourceDirectory S:\InfosysProject\CampusManagement\lostAndFoundApplication\src\test\resources
2025-09-29 20:48:37,527 [Worker-51: Building] INFO  o.a.m.s.f.DefaultMavenResourcesFiltering - Copying 1 resource from src\main\resources to target\classes
2025-09-29 20:48:37,540 [Worker-51: Building] INFO  o.a.m.s.f.DefaultMavenResourcesFiltering - Copying 0 resource from src\main\resources to target\classes
2025-09-29 20:48:37,543 [Worker-51: Building] INFO  o.a.m.s.f.DefaultMavenResourcesFiltering - skip non existing resourceDirectory S:\InfosysProject\CampusManagement\lostAndFoundApplication\src\test\resources
2025-09-29 20:51:27,608 [Worker-51: Building] INFO  o.a.m.s.f.DefaultMavenResourcesFiltering - Copying 1 resource from src\main\resources to target\classes
2025-09-29 20:51:27,616 [Worker-51: Building] INFO  o.a.m.s.f.DefaultMavenResourcesFiltering - Copying 0 resource from src\main\resources to target\classes
2025-09-29 20:51:27,618 [Worker-51: Building] INFO  o.a.m.s.f.DefaultMavenResourcesFiltering - skip non existing resourceDirectory S:\InfosysProject\CampusManagement\lostAndFoundApplication\src\test\resources
2025-09-29 20:51:49,781 [Worker-45: Building] INFO  o.a.m.s.f.DefaultMavenResourcesFiltering - Copying 1 resource from src\main\resources to target\classes
2025-09-29 20:51:49,797 [Worker-45: Building] INFO  o.a.m.s.f.DefaultMavenResourcesFiltering - Copying 0 resource from src\main\resources to target\classes
2025-09-29 20:51:49,799 [Worker-45: Building] INFO  o.a.m.s.f.DefaultMavenResourcesFiltering - skip non existing resourceDirectory S:\InfosysProject\CampusManagement\lostAndFoundApplication\src\test\resources
2025-10-02 14:36:20,509 [Worker-0: Loading available Gradle versions] INFO  o.e.b.c.i.u.g.PublishedGradleVersions - Gradle version information cache is out-of-date. Trying to update.
2025-10-02 14:41:06,781 [Worker-14: Updating Maven Project] INFO  o.e.m.c.i.p.ProjectConfigurationManager - Update started
2025-10-02 14:41:08,107 [Worker-14: Updating Maven Project] INFO  o.e.m.c.i.l.LifecycleMappingFactory - Using org.eclipse.m2e.jdt.JarLifecycleMapping lifecycle mapping for MavenProject: edu.infosys:lostAndFoundApplication:0.0.1-SNAPSHOT @ S:\InfosysProject\CampusManagement\lostAndFoundApplication\pom.xml.
2025-10-02 14:41:09,258 [Worker-14: Updating Maven Project] INFO  o.e.m.j.i.AbstractJavaProjectConfigurator - Adding source folder /lostAndFoundApplication/src/main/java
2025-10-02 14:41:09,261 [Worker-14: Updating Maven Project] INFO  o.e.m.j.i.AbstractJavaProjectConfigurator - Adding resource folder /lostAndFoundApplication/src/main/resources
2025-10-02 14:41:09,263 [Worker-14: Updating Maven Project] INFO  o.e.m.j.i.AbstractJavaProjectConfigurator - Adding resource folder /lostAndFoundApplication/src/main/resources
2025-10-02 14:41:09,264 [Worker-14: Updating Maven Project] INFO  o.e.m.j.i.AbstractJavaProjectConfigurator - Adding source folder /lostAndFoundApplication/src/test/java
2025-10-02 14:41:09,265 [Worker-14: Updating Maven Project] INFO  o.e.m.j.i.AbstractJavaProjectConfigurator - Adding resource folder /lostAndFoundApplication/src/test/resources
2025-10-02 14:41:10,073 [Worker-14: Updating Maven Project] INFO  o.e.m.c.i.p.ProjectConfigurationManager - Update completed for 1 poms: local refresh takes 0.00 sec, refresh facades takes 2.00 sec, update config takes 0.00 sec 
2025-10-02 14:41:11,023 [Worker-13: Building] INFO  o.a.m.s.f.DefaultMavenResourcesFiltering - Copying 1 resource from src\main\resources to target\classes
2025-10-02 14:41:11,052 [Worker-13: Building] INFO  o.a.m.s.f.DefaultMavenResourcesFiltering - Copying 0 resource from src\main\resources to target\classes
2025-10-02 14:41:11,058 [Worker-13: Building] INFO  o.a.m.s.f.DefaultMavenResourcesFiltering - skip non existing resourceDirectory S:\InfosysProject\CampusManagement\lostAndFoundApplication\src\test\resources
2025-10-02 14:43:49,947 [main] INFO  o.e.m2e.actions.ExecutePomAction - Creating new launch configuration
2025-10-02 14:43:56,810 [Worker-13: Launching lostAndFoundApplication (11)] INFO  o.eclipse.m2e.core.internal.Bundles - getClasspathEntries(Bundle=org.eclipse.m2e.maven.runtime_3.9.900.20240824-1409 [640])
2025-10-02 14:43:56,816 [Worker-13: Launching lostAndFoundApplication (11)] INFO  o.eclipse.m2e.core.internal.Bundles - 	Entry: C:\Users\Dhaswan\.p2\pool\plugins\org.eclipse.m2e.maven.runtime_3.9.900.20240824-1409
2025-10-02 14:43:56,817 [Worker-13: Launching lostAndFoundApplication (11)] INFO  o.eclipse.m2e.core.internal.Bundles - 	Entry: C:\Users\Dhaswan\.p2\pool\plugins\org.eclipse.m2e.maven.runtime_3.9.900.20240824-1409\jars\aopalliance-1.0.jar
2025-10-02 14:43:56,817 [Worker-13: Launching lostAndFoundApplication (11)] INFO  o.eclipse.m2e.core.internal.Bundles - 	Entry: C:\Users\Dhaswan\.p2\pool\plugins\org.eclipse.m2e.maven.runtime_3.9.900.20240824-1409\jars\guice-5.1.0.jar
2025-10-02 14:43:56,817 [Worker-13: Launching lostAndFoundApplication (11)] INFO  o.eclipse.m2e.core.internal.Bundles - 	Entry: C:\Users\Dhaswan\.p2\pool\plugins\org.eclipse.m2e.maven.runtime_3.9.900.20240824-1409\jars\httpclient-4.5.14.jar
2025-10-02 14:43:56,817 [Worker-13: Launching lostAndFoundApplication (11)] INFO  o.eclipse.m2e.core.internal.Bundles - 	Entry: C:\Users\Dhaswan\.p2\pool\plugins\org.eclipse.m2e.maven.runtime_3.9.900.20240824-1409\jars\httpcore-4.4.16.jar
2025-10-02 14:43:56,817 [Worker-13: Launching lostAndFoundApplication (11)] INFO  o.eclipse.m2e.core.internal.Bundles - 	Entry: C:\Users\Dhaswan\.p2\pool\plugins\org.eclipse.m2e.maven.runtime_3.9.900.20240824-1409\jars\jansi-2.4.1.jar
2025-10-02 14:43:56,817 [Worker-13: Launching lostAndFoundApplication (11)] INFO  o.eclipse.m2e.core.internal.Bundles - 	Entry: C:\Users\Dhaswan\.p2\pool\plugins\org.eclipse.m2e.maven.runtime_3.9.900.20240824-1409\jars\jcl-over-slf4j-1.7.36.jar
2025-10-02 14:43:56,817 [Worker-13: Launching lostAndFoundApplication (11)] INFO  o.eclipse.m2e.core.internal.Bundles - 	Entry: C:\Users\Dhaswan\.p2\pool\plugins\org.eclipse.m2e.maven.runtime_3.9.900.20240824-1409\jars\maven-artifact-3.9.9.jar
2025-10-02 14:43:56,818 [Worker-13: Launching lostAndFoundApplication (11)] INFO  o.eclipse.m2e.core.internal.Bundles - 	Entry: C:\Users\Dhaswan\.p2\pool\plugins\org.eclipse.m2e.maven.runtime_3.9.900.20240824-1409\jars\maven-builder-support-3.9.9.jar
2025-10-02 14:43:56,818 [Worker-13: Launching lostAndFoundApplication (11)] INFO  o.eclipse.m2e.core.internal.Bundles - 	Entry: C:\Users\Dhaswan\.p2\pool\plugins\org.eclipse.m2e.maven.runtime_3.9.900.20240824-1409\jars\maven-compat-3.9.9.jar
2025-10-02 14:43:56,818 [Worker-13: Launching lostAndFoundApplication (11)] INFO  o.eclipse.m2e.core.internal.Bundles - 	Entry: C:\Users\Dhaswan\.p2\pool\plugins\org.eclipse.m2e.maven.runtime_3.9.900.20240824-1409\jars\maven-core-3.9.9.jar
2025-10-02 14:43:56,818 [Worker-13: Launching lostAndFoundApplication (11)] INFO  o.eclipse.m2e.core.internal.Bundles - 	Entry: C:\Users\Dhaswan\.p2\pool\plugins\org.eclipse.m2e.maven.runtime_3.9.900.20240824-1409\jars\maven-embedder-3.9.9.jar
2025-10-02 14:43:56,819 [Worker-13: Launching lostAndFoundApplication (11)] INFO  o.eclipse.m2e.core.internal.Bundles - 	Entry: C:\Users\Dhaswan\.p2\pool\plugins\org.eclipse.m2e.maven.runtime_3.9.900.20240824-1409\jars\maven-model-3.9.9.jar
2025-10-02 14:43:56,819 [Worker-13: Launching lostAndFoundApplication (11)] INFO  o.eclipse.m2e.core.internal.Bundles - 	Entry: C:\Users\Dhaswan\.p2\pool\plugins\org.eclipse.m2e.maven.runtime_3.9.900.20240824-1409\jars\maven-model-builder-3.9.9.jar
2025-10-02 14:43:56,819 [Worker-13: Launching lostAndFoundApplication (11)] INFO  o.eclipse.m2e.core.internal.Bundles - 	Entry: C:\Users\Dhaswan\.p2\pool\plugins\org.eclipse.m2e.maven.runtime_3.9.900.20240824-1409\jars\maven-plugin-api-3.9.9.jar
2025-10-02 14:43:56,819 [Worker-13: Launching lostAndFoundApplication (11)] INFO  o.eclipse.m2e.core.internal.Bundles - 	Entry: C:\Users\Dhaswan\.p2\pool\plugins\org.eclipse.m2e.maven.runtime_3.9.900.20240824-1409\jars\maven-repository-metadata-3.9.9.jar
2025-10-02 14:43:56,819 [Worker-13: Launching lostAndFoundApplication (11)] INFO  o.eclipse.m2e.core.internal.Bundles - 	Entry: C:\Users\Dhaswan\.p2\pool\plugins\org.eclipse.m2e.maven.runtime_3.9.900.20240824-1409\jars\maven-resolver-api-1.9.22.jar
2025-10-02 14:43:56,819 [Worker-13: Launching lostAndFoundApplication (11)] INFO  o.eclipse.m2e.core.internal.Bundles - 	Entry: C:\Users\Dhaswan\.p2\pool\plugins\org.eclipse.m2e.maven.runtime_3.9.900.20240824-1409\jars\maven-resolver-connector-basic-1.9.22.jar
2025-10-02 14:43:56,820 [Worker-13: Launching lostAndFoundApplication (11)] INFO  o.eclipse.m2e.core.internal.Bundles - 	Entry: C:\Users\Dhaswan\.p2\pool\plugins\org.eclipse.m2e.maven.runtime_3.9.900.20240824-1409\jars\maven-resolver-impl-1.9.22.jar
2025-10-02 14:43:56,820 [Worker-13: Launching lostAndFoundApplication (11)] INFO  o.eclipse.m2e.core.internal.Bundles - 	Entry: C:\Users\Dhaswan\.p2\pool\plugins\org.eclipse.m2e.maven.runtime_3.9.900.20240824-1409\jars\maven-resolver-named-locks-1.9.22.jar
2025-10-02 14:43:56,820 [Worker-13: Launching lostAndFoundApplication (11)] INFO  o.eclipse.m2e.core.internal.Bundles - 	Entry: C:\Users\Dhaswan\.p2\pool\plugins\org.eclipse.m2e.maven.runtime_3.9.900.20240824-1409\jars\maven-resolver-provider-3.9.9.jar
2025-10-02 14:43:56,820 [Worker-13: Launching lostAndFoundApplication (11)] INFO  o.eclipse.m2e.core.internal.Bundles - 	Entry: C:\Users\Dhaswan\.p2\pool\plugins\org.eclipse.m2e.maven.runtime_3.9.900.20240824-1409\jars\maven-resolver-spi-1.9.22.jar
2025-10-02 14:43:56,820 [Worker-13: Launching lostAndFoundApplication (11)] INFO  o.eclipse.m2e.core.internal.Bundles - 	Entry: C:\Users\Dhaswan\.p2\pool\plugins\org.eclipse.m2e.maven.runtime_3.9.900.20240824-1409\jars\maven-resolver-transport-file-1.9.22.jar
2025-10-02 14:43:56,820 [Worker-13: Launching lostAndFoundApplication (11)] INFO  o.eclipse.m2e.core.internal.Bundles - 	Entry: C:\Users\Dhaswan\.p2\pool\plugins\org.eclipse.m2e.maven.runtime_3.9.900.20240824-1409\jars\maven-resolver-transport-http-1.9.22.jar
2025-10-02 14:43:56,820 [Worker-13: Launching lostAndFoundApplication (11)] INFO  o.eclipse.m2e.core.internal.Bundles - 	Entry: C:\Users\Dhaswan\.p2\pool\plugins\org.eclipse.m2e.maven.runtime_3.9.900.20240824-1409\jars\maven-resolver-transport-wagon-1.9.22.jar
2025-10-02 14:43:56,821 [Worker-13: Launching lostAndFoundApplication (11)] INFO  o.eclipse.m2e.core.internal.Bundles - 	Entry: C:\Users\Dhaswan\.p2\pool\plugins\org.eclipse.m2e.maven.runtime_3.9.900.20240824-1409\jars\maven-resolver-util-1.9.22.jar
2025-10-02 14:43:56,821 [Worker-13: Launching lostAndFoundApplication (11)] INFO  o.eclipse.m2e.core.internal.Bundles - 	Entry: C:\Users\Dhaswan\.p2\pool\plugins\org.eclipse.m2e.maven.runtime_3.9.900.20240824-1409\jars\maven-settings-3.9.9.jar
2025-10-02 14:43:56,821 [Worker-13: Launching lostAndFoundApplication (11)] INFO  o.eclipse.m2e.core.internal.Bundles - 	Entry: C:\Users\Dhaswan\.p2\pool\plugins\org.eclipse.m2e.maven.runtime_3.9.900.20240824-1409\jars\maven-settings-builder-3.9.9.jar
2025-10-02 14:43:56,821 [Worker-13: Launching lostAndFoundApplication (11)] INFO  o.eclipse.m2e.core.internal.Bundles - 	Entry: C:\Users\Dhaswan\.p2\pool\plugins\org.eclipse.m2e.maven.runtime_3.9.900.20240824-1409\jars\maven-shared-utils-3.4.2.jar
2025-10-02 14:43:56,821 [Worker-13: Launching lostAndFoundApplication (11)] INFO  o.eclipse.m2e.core.internal.Bundles - 	Entry: C:\Users\Dhaswan\.p2\pool\plugins\org.eclipse.m2e.maven.runtime_3.9.900.20240824-1409\jars\org.eclipse.sisu.inject-0.9.0.M3.jar
2025-10-02 14:43:56,821 [Worker-13: Launching lostAndFoundApplication (11)] INFO  o.eclipse.m2e.core.internal.Bundles - 	Entry: C:\Users\Dhaswan\.p2\pool\plugins\org.eclipse.m2e.maven.runtime_3.9.900.20240824-1409\jars\org.eclipse.sisu.plexus-0.9.0.M3.jar
2025-10-02 14:43:56,821 [Worker-13: Launching lostAndFoundApplication (11)] INFO  o.eclipse.m2e.core.internal.Bundles - 	Entry: C:\Users\Dhaswan\.p2\pool\plugins\org.eclipse.m2e.maven.runtime_3.9.900.20240824-1409\jars\plexus-build-api-0.0.7.jar
2025-10-02 14:43:56,821 [Worker-13: Launching lostAndFoundApplication (11)] INFO  o.eclipse.m2e.core.internal.Bundles - 	Entry: C:\Users\Dhaswan\.p2\pool\plugins\org.eclipse.m2e.maven.runtime_3.9.900.20240824-1409\jars\plexus-build-api-1.2.0.jar
2025-10-02 14:43:56,821 [Worker-13: Launching lostAndFoundApplication (11)] INFO  o.eclipse.m2e.core.internal.Bundles - 	Entry: C:\Users\Dhaswan\.p2\pool\plugins\org.eclipse.m2e.maven.runtime_3.9.900.20240824-1409\jars\plexus-cipher-2.0.jar
2025-10-02 14:43:56,822 [Worker-13: Launching lostAndFoundApplication (11)] INFO  o.eclipse.m2e.core.internal.Bundles - 	Entry: C:\Users\Dhaswan\.p2\pool\plugins\org.eclipse.m2e.maven.runtime_3.9.900.20240824-1409\jars\plexus-classworlds-2.8.0.jar
2025-10-02 14:43:56,822 [Worker-13: Launching lostAndFoundApplication (11)] INFO  o.eclipse.m2e.core.internal.Bundles - 	Entry: C:\Users\Dhaswan\.p2\pool\plugins\org.eclipse.m2e.maven.runtime_3.9.900.20240824-1409\jars\plexus-component-annotations-2.1.0.jar
2025-10-02 14:43:56,822 [Worker-13: Launching lostAndFoundApplication (11)] INFO  o.eclipse.m2e.core.internal.Bundles - 	Entry: C:\Users\Dhaswan\.p2\pool\plugins\org.eclipse.m2e.maven.runtime_3.9.900.20240824-1409\jars\plexus-interpolation-1.27.jar
2025-10-02 14:43:56,822 [Worker-13: Launching lostAndFoundApplication (11)] INFO  o.eclipse.m2e.core.internal.Bundles - 	Entry: C:\Users\Dhaswan\.p2\pool\plugins\org.eclipse.m2e.maven.runtime_3.9.900.20240824-1409\jars\plexus-sec-dispatcher-2.0.jar
2025-10-02 14:43:56,822 [Worker-13: Launching lostAndFoundApplication (11)] INFO  o.eclipse.m2e.core.internal.Bundles - 	Entry: C:\Users\Dhaswan\.p2\pool\plugins\org.eclipse.m2e.maven.runtime_3.9.900.20240824-1409\jars\plexus-utils-3.5.1.jar
2025-10-02 14:43:56,822 [Worker-13: Launching lostAndFoundApplication (11)] INFO  o.eclipse.m2e.core.internal.Bundles - 	Entry: C:\Users\Dhaswan\.p2\pool\plugins\org.eclipse.m2e.maven.runtime_3.9.900.20240824-1409\jars\plexus-xml-3.0.1.jar
2025-10-02 14:43:56,823 [Worker-13: Launching lostAndFoundApplication (11)] INFO  o.eclipse.m2e.core.internal.Bundles - 	Entry: C:\Users\Dhaswan\.p2\pool\plugins\org.eclipse.m2e.maven.runtime_3.9.900.20240824-1409\jars\wagon-file-3.5.3.jar
2025-10-02 14:43:56,823 [Worker-13: Launching lostAndFoundApplication (11)] INFO  o.eclipse.m2e.core.internal.Bundles - 	Entry: C:\Users\Dhaswan\.p2\pool\plugins\org.eclipse.m2e.maven.runtime_3.9.900.20240824-1409\jars\wagon-http-3.5.3.jar
2025-10-02 14:43:56,824 [Worker-13: Launching lostAndFoundApplication (11)] INFO  o.eclipse.m2e.core.internal.Bundles - 	Entry: C:\Users\Dhaswan\.p2\pool\plugins\org.eclipse.m2e.maven.runtime_3.9.900.20240824-1409\jars\wagon-http-shared-3.5.3.jar
2025-10-02 14:43:56,824 [Worker-13: Launching lostAndFoundApplication (11)] INFO  o.eclipse.m2e.core.internal.Bundles - 	Entry: C:\Users\Dhaswan\.p2\pool\plugins\org.eclipse.m2e.maven.runtime_3.9.900.20240824-1409\jars\wagon-provider-api-3.5.3.jar
2025-10-02 14:43:56,828 [Worker-13: Launching lostAndFoundApplication (11)] INFO  o.eclipse.m2e.core.internal.Bundles - getClasspathEntries(Bundle=com.google.guava_33.4.8.jre [1028])
2025-10-02 14:43:56,829 [Worker-13: Launching lostAndFoundApplication (11)] INFO  o.eclipse.m2e.core.internal.Bundles - 	Entry: C:\Users\Dhaswan\.p2\pool\plugins\com.google.guava_33.4.8.jre.jar
2025-10-02 14:43:56,829 [Worker-13: Launching lostAndFoundApplication (11)] INFO  o.eclipse.m2e.core.internal.Bundles - getClasspathEntries(Bundle=slf4j.api_2.0.17 [1112])
2025-10-02 14:43:56,830 [Worker-13: Launching lostAndFoundApplication (11)] INFO  o.eclipse.m2e.core.internal.Bundles - 	Entry: C:\Users\Dhaswan\.p2\pool\plugins\slf4j.api_2.0.17.jar
2025-10-02 14:43:56,831 [Worker-13: Launching lostAndFoundApplication (11)] INFO  o.eclipse.m2e.core.internal.Bundles - getClasspathEntries(Bundle=jakarta.inject.jakarta.inject-api_1.0.5 [34])
2025-10-02 14:43:56,832 [Worker-13: Launching lostAndFoundApplication (11)] INFO  o.eclipse.m2e.core.internal.Bundles - 	Entry: C:\Users\Dhaswan\.p2\pool\plugins\jakarta.inject.jakarta.inject-api_1.0.5.jar
2025-10-02 14:43:56,832 [Worker-13: Launching lostAndFoundApplication (11)] INFO  o.eclipse.m2e.core.internal.Bundles - getClasspathEntries(Bundle=jakarta.annotation-api_1.3.5 [29])
2025-10-02 14:43:56,832 [Worker-13: Launching lostAndFoundApplication (11)] INFO  o.eclipse.m2e.core.internal.Bundles - 	Entry: C:\Users\Dhaswan\.p2\pool\plugins\jakarta.annotation-api_1.3.5.jar
2025-10-02 14:43:56,832 [Worker-13: Launching lostAndFoundApplication (11)] INFO  o.eclipse.m2e.core.internal.Bundles - getClasspathEntries(Bundle=org.apache.commons.cli_1.9.0 [78])
2025-10-02 14:43:56,833 [Worker-13: Launching lostAndFoundApplication (11)] INFO  o.eclipse.m2e.core.internal.Bundles - 	Entry: C:\Users\Dhaswan\.p2\pool\plugins\org.apache.commons.cli_1.9.0.jar
2025-10-02 14:43:56,834 [Worker-13: Launching lostAndFoundApplication (11)] INFO  o.eclipse.m2e.core.internal.Bundles - getClasspathEntries(Bundle=org.apache.commons.commons-codec_1.16.0 [81])
2025-10-02 14:43:56,834 [Worker-13: Launching lostAndFoundApplication (11)] INFO  o.eclipse.m2e.core.internal.Bundles - 	Entry: C:\Users\Dhaswan\.p2\pool\plugins\org.apache.commons.commons-codec_1.16.0.jar
2025-10-02 14:43:56,834 [Worker-13: Launching lostAndFoundApplication (11)] INFO  o.eclipse.m2e.core.internal.Bundles - getClasspathEntries(Bundle=com.google.guava.failureaccess_1.0.3 [1029])
2025-10-02 14:43:56,835 [Worker-13: Launching lostAndFoundApplication (11)] INFO  o.eclipse.m2e.core.internal.Bundles - 	Entry: C:\Users\Dhaswan\.p2\pool\plugins\com.google.guava.failureaccess_1.0.3.jar
2025-10-02 14:43:56,840 [Worker-13: Launching lostAndFoundApplication (11)] INFO  o.e.m.i.launch.MavenLaunchDelegate - Run build in "S:\InfosysProject\CampusManagement\lostAndFoundApplication":
2025-10-02 14:43:56,849 [Worker-13: Launching lostAndFoundApplication (11)] INFO  o.e.m.i.launch.MavenLaunchDelegate -  mvn  -Ppom.xml -B -Dstyle.color=always clean install
2025-10-02 15:57:40,625 [Worker-7: Loading available Gradle versions] INFO  o.e.b.c.i.u.g.PublishedGradleVersions - Gradle version information cache is up-to-date. Trying to read.
2025-10-02 15:57:46,678 [Worker-9: Building] INFO  o.a.m.s.f.DefaultMavenResourcesFiltering - Copying 1 resource from src\main\resources to target\classes
2025-10-02 15:57:46,734 [Worker-9: Building] INFO  o.a.m.s.f.DefaultMavenResourcesFiltering - Copying 0 resource from src\main\resources to target\classes
2025-10-02 15:57:46,746 [Worker-9: Building] INFO  o.a.m.s.f.DefaultMavenResourcesFiltering - skip non existing resourceDirectory S:\InfosysProject\CampusManagement\lostAndFoundApplication\src\test\resources
2025-10-03 19:24:52,609 [Worker-7: Loading available Gradle versions] INFO  o.e.b.c.i.u.g.PublishedGradleVersions - Gradle version information cache is out-of-date. Trying to update.
2025-10-03 20:34:53,011 [Worker-38: Building] INFO  o.a.m.s.f.DefaultMavenResourcesFiltering - Copying 1 resource from src\main\resources to target\classes
2025-10-03 20:34:53,117 [Worker-38: Building] INFO  o.a.m.s.f.DefaultMavenResourcesFiltering - Copying 0 resource from src\main\resources to target\classes
2025-10-03 20:34:53,125 [Worker-38: Building] INFO  o.a.m.s.f.DefaultMavenResourcesFiltering - skip non existing resourceDirectory S:\InfosysProject\CampusManagement\lostAndFoundApplication\src\test\resources
2025-10-03 20:36:36,821 [Worker-38: Building] INFO  o.a.m.s.f.DefaultMavenResourcesFiltering - Copying 1 resource from src\main\resources to target\classes
2025-10-03 20:36:36,833 [Worker-38: Building] INFO  o.a.m.s.f.DefaultMavenResourcesFiltering - Copying 0 resource from src\main\resources to target\classes
2025-10-03 20:36:36,836 [Worker-38: Building] INFO  o.a.m.s.f.DefaultMavenResourcesFiltering - skip non existing resourceDirectory S:\InfosysProject\CampusManagement\lostAndFoundApplication\src\test\resources
2025-10-03 20:38:31,399 [Worker-34: Building] INFO  o.a.m.s.f.DefaultMavenResourcesFiltering - Copying 1 resource from src\main\resources to target\classes
2025-10-03 20:38:31,408 [Worker-34: Building] INFO  o.a.m.s.f.DefaultMavenResourcesFiltering - Copying 0 resource from src\main\resources to target\classes
2025-10-03 20:38:31,412 [Worker-34: Building] INFO  o.a.m.s.f.DefaultMavenResourcesFiltering - skip non existing resourceDirectory S:\InfosysProject\CampusManagement\lostAndFoundApplication\src\test\resources
2025-10-03 20:42:02,613 [Worker-45: Building] INFO  o.a.m.s.f.DefaultMavenResourcesFiltering - Copying 1 resource from src\main\resources to target\classes
2025-10-03 20:42:02,622 [Worker-45: Building] INFO  o.a.m.s.f.DefaultMavenResourcesFiltering - Copying 0 resource from src\main\resources to target\classes
2025-10-03 20:42:02,625 [Worker-45: Building] INFO  o.a.m.s.f.DefaultMavenResourcesFiltering - skip non existing resourceDirectory S:\InfosysProject\CampusManagement\lostAndFoundApplication\src\test\resources
2025-10-06 09:31:04,604 [Worker-4: Loading available Gradle versions] INFO  o.e.b.c.i.u.g.PublishedGradleVersions - Gradle version information cache is out-of-date. Trying to update.
2025-10-06 10:06:52,804 [Worker-43: Building] INFO  o.a.m.s.f.DefaultMavenResourcesFiltering - Copying 1 resource from src\main\resources to target\classes
2025-10-06 10:06:52,875 [Worker-43: Building] INFO  o.a.m.s.f.DefaultMavenResourcesFiltering - Copying 0 resource from src\main\resources to target\classes
2025-10-06 10:06:52,881 [Worker-43: Building] INFO  o.a.m.s.f.DefaultMavenResourcesFiltering - skip non existing resourceDirectory S:\InfosysProject\CampusManagement\lostAndFoundApplication\src\test\resources
2025-10-06 10:06:56,624 [Worker-43: Building] INFO  o.a.m.s.f.DefaultMavenResourcesFiltering - Copying 1 resource from src\main\resources to target\classes
2025-10-06 10:06:56,639 [Worker-43: Building] INFO  o.a.m.s.f.DefaultMavenResourcesFiltering - Copying 0 resource from src\main\resources to target\classes
2025-10-06 10:06:56,644 [Worker-43: Building] INFO  o.a.m.s.f.DefaultMavenResourcesFiltering - skip non existing resourceDirectory S:\InfosysProject\CampusManagement\lostAndFoundApplication\src\test\resources
2025-10-06 10:17:57,847 [Worker-45: Launching lostAndFoundApplication - LostAndFoundApplication] INFO  o.a.m.s.f.DefaultMavenResourcesFiltering - Copying 1 resource from src\main\resources to target\classes
2025-10-06 10:17:57,871 [Worker-45: Launching lostAndFoundApplication - LostAndFoundApplication] INFO  o.a.m.s.f.DefaultMavenResourcesFiltering - Copying 0 resource from src\main\resources to target\classes
2025-10-06 10:17:57,881 [Worker-45: Launching lostAndFoundApplication - LostAndFoundApplication] INFO  o.a.m.s.f.DefaultMavenResourcesFiltering - skip non existing resourceDirectory S:\InfosysProject\CampusManagement\lostAndFoundApplication\src\test\resources
2025-10-06 10:25:35,455 [Worker-52: Building] INFO  o.a.m.s.f.DefaultMavenResourcesFiltering - Copying 1 resource from src\main\resources to target\classes
2025-10-06 10:25:35,519 [Worker-52: Building] INFO  o.a.m.s.f.DefaultMavenResourcesFiltering - Copying 0 resource from src\main\resources to target\classes
2025-10-06 10:25:35,524 [Worker-52: Building] INFO  o.a.m.s.f.DefaultMavenResourcesFiltering - skip non existing resourceDirectory S:\InfosysProject\CampusManagement\lostAndFoundApplication\src\test\resources
2025-10-06 10:28:43,261 [Worker-56: Building] INFO  o.a.m.s.f.DefaultMavenResourcesFiltering - Copying 1 resource from src\main\resources to target\classes
2025-10-06 10:28:43,274 [Worker-56: Building] INFO  o.a.m.s.f.DefaultMavenResourcesFiltering - Copying 0 resource from src\main\resources to target\classes
2025-10-06 10:28:43,278 [Worker-56: Building] INFO  o.a.m.s.f.DefaultMavenResourcesFiltering - skip non existing resourceDirectory S:\InfosysProject\CampusManagement\lostAndFoundApplication\src\test\resources
2025-10-06 10:31:38,970 [Worker-52: Building] INFO  o.a.m.s.f.DefaultMavenResourcesFiltering - Copying 1 resource from src\main\resources to target\classes
2025-10-06 10:31:39,001 [Worker-52: Building] INFO  o.a.m.s.f.DefaultMavenResourcesFiltering - Copying 0 resource from src\main\resources to target\classes
2025-10-06 10:31:39,005 [Worker-52: Building] INFO  o.a.m.s.f.DefaultMavenResourcesFiltering - skip non existing resourceDirectory S:\InfosysProject\CampusManagement\lostAndFoundApplication\src\test\resources
2025-10-06 10:31:58,266 [Worker-57: Building] INFO  o.a.m.s.f.DefaultMavenResourcesFiltering - Copying 1 resource from src\main\resources to target\classes
2025-10-06 10:31:58,281 [Worker-57: Building] INFO  o.a.m.s.f.DefaultMavenResourcesFiltering - Copying 0 resource from src\main\resources to target\classes
2025-10-06 10:31:58,285 [Worker-57: Building] INFO  o.a.m.s.f.DefaultMavenResourcesFiltering - skip non existing resourceDirectory S:\InfosysProject\CampusManagement\lostAndFoundApplication\src\test\resources
2025-10-06 10:32:37,745 [Worker-58: Building] INFO  o.a.m.s.f.DefaultMavenResourcesFiltering - Copying 1 resource from src\main\resources to target\classes
2025-10-06 10:32:37,754 [Worker-58: Building] INFO  o.a.m.s.f.DefaultMavenResourcesFiltering - Copying 0 resource from src\main\resources to target\classes
2025-10-06 10:32:37,757 [Worker-58: Building] INFO  o.a.m.s.f.DefaultMavenResourcesFiltering - skip non existing resourceDirectory S:\InfosysProject\CampusManagement\lostAndFoundApplication\src\test\resources
2025-10-06 10:34:58,101 [Worker-56: Building] INFO  o.a.m.s.f.DefaultMavenResourcesFiltering - Copying 1 resource from src\main\resources to target\classes
2025-10-06 10:34:58,110 [Worker-56: Building] INFO  o.a.m.s.f.DefaultMavenResourcesFiltering - Copying 0 resource from src\main\resources to target\classes
2025-10-06 10:34:58,114 [Worker-56: Building] INFO  o.a.m.s.f.DefaultMavenResourcesFiltering - skip non existing resourceDirectory S:\InfosysProject\CampusManagement\lostAndFoundApplication\src\test\resources
2025-10-06 10:35:07,889 [Worker-58: Updating Maven Project] INFO  o.e.m.c.i.p.ProjectConfigurationManager - Update started
2025-10-06 10:35:09,377 [Worker-58: Updating Maven Project] INFO  o.e.m.c.i.l.LifecycleMappingFactory - Using org.eclipse.m2e.jdt.JarLifecycleMapping lifecycle mapping for MavenProject: edu.infosys:lostAndFoundApplication:0.0.1-SNAPSHOT @ S:\InfosysProject\CampusManagement\lostAndFoundApplication\pom.xml.
2025-10-06 10:35:10,931 [Worker-58: Updating Maven Project] INFO  o.e.m.j.i.AbstractJavaProjectConfigurator - Adding source folder /lostAndFoundApplication/src/main/java
2025-10-06 10:35:10,934 [Worker-58: Updating Maven Project] INFO  o.e.m.j.i.AbstractJavaProjectConfigurator - Adding resource folder /lostAndFoundApplication/src/main/resources
2025-10-06 10:35:10,935 [Worker-58: Updating Maven Project] INFO  o.e.m.j.i.AbstractJavaProjectConfigurator - Adding resource folder /lostAndFoundApplication/src/main/resources
2025-10-06 10:35:10,936 [Worker-58: Updating Maven Project] INFO  o.e.m.j.i.AbstractJavaProjectConfigurator - Adding source folder /lostAndFoundApplication/src/test/java
2025-10-06 10:35:10,937 [Worker-58: Updating Maven Project] INFO  o.e.m.j.i.AbstractJavaProjectConfigurator - Adding resource folder /lostAndFoundApplication/src/test/resources
2025-10-06 10:35:11,468 [Worker-58: Updating Maven Project] INFO  o.e.m.c.i.p.ProjectConfigurationManager - Update completed for 1 poms: local refresh takes 0.00 sec, refresh facades takes 2.00 sec, update config takes 0.00 sec 
2025-10-06 10:35:12,118 [Worker-57: Building] INFO  o.a.m.s.f.DefaultMavenResourcesFiltering - Copying 1 resource from src\main\resources to target\classes
2025-10-06 10:35:12,136 [Worker-57: Building] INFO  o.a.m.s.f.DefaultMavenResourcesFiltering - Copying 0 resource from src\main\resources to target\classes
2025-10-06 10:35:12,140 [Worker-57: Building] INFO  o.a.m.s.f.DefaultMavenResourcesFiltering - skip non existing resourceDirectory S:\InfosysProject\CampusManagement\lostAndFoundApplication\src\test\resources
2025-10-06 10:35:23,850 [main] INFO  o.e.m2e.actions.ExecutePomAction - Creating new launch configuration
2025-10-06 10:35:32,335 [Worker-48: Launching lostAndFoundApplication (12)] INFO  o.eclipse.m2e.core.internal.Bundles - getClasspathEntries(Bundle=org.eclipse.m2e.maven.runtime_3.9.900.20240824-1409 [640])
2025-10-06 10:35:32,339 [Worker-48: Launching lostAndFoundApplication (12)] INFO  o.eclipse.m2e.core.internal.Bundles - 	Entry: C:\Users\Dhaswan\.p2\pool\plugins\org.eclipse.m2e.maven.runtime_3.9.900.20240824-1409
2025-10-06 10:35:32,340 [Worker-48: Launching lostAndFoundApplication (12)] INFO  o.eclipse.m2e.core.internal.Bundles - 	Entry: C:\Users\Dhaswan\.p2\pool\plugins\org.eclipse.m2e.maven.runtime_3.9.900.20240824-1409\jars\aopalliance-1.0.jar
2025-10-06 10:35:32,341 [Worker-48: Launching lostAndFoundApplication (12)] INFO  o.eclipse.m2e.core.internal.Bundles - 	Entry: C:\Users\Dhaswan\.p2\pool\plugins\org.eclipse.m2e.maven.runtime_3.9.900.20240824-1409\jars\guice-5.1.0.jar
2025-10-06 10:35:32,341 [Worker-48: Launching lostAndFoundApplication (12)] INFO  o.eclipse.m2e.core.internal.Bundles - 	Entry: C:\Users\Dhaswan\.p2\pool\plugins\org.eclipse.m2e.maven.runtime_3.9.900.20240824-1409\jars\httpclient-4.5.14.jar
2025-10-06 10:35:32,341 [Worker-48: Launching lostAndFoundApplication (12)] INFO  o.eclipse.m2e.core.internal.Bundles - 	Entry: C:\Users\Dhaswan\.p2\pool\plugins\org.eclipse.m2e.maven.runtime_3.9.900.20240824-1409\jars\httpcore-4.4.16.jar
2025-10-06 10:35:32,342 [Worker-48: Launching lostAndFoundApplication (12)] INFO  o.eclipse.m2e.core.internal.Bundles - 	Entry: C:\Users\Dhaswan\.p2\pool\plugins\org.eclipse.m2e.maven.runtime_3.9.900.20240824-1409\jars\jansi-2.4.1.jar
2025-10-06 10:35:32,342 [Worker-48: Launching lostAndFoundApplication (12)] INFO  o.eclipse.m2e.core.internal.Bundles - 	Entry: C:\Users\Dhaswan\.p2\pool\plugins\org.eclipse.m2e.maven.runtime_3.9.900.20240824-1409\jars\jcl-over-slf4j-1.7.36.jar
2025-10-06 10:35:32,343 [Worker-48: Launching lostAndFoundApplication (12)] INFO  o.eclipse.m2e.core.internal.Bundles - 	Entry: C:\Users\Dhaswan\.p2\pool\plugins\org.eclipse.m2e.maven.runtime_3.9.900.20240824-1409\jars\maven-artifact-3.9.9.jar
2025-10-06 10:35:32,343 [Worker-48: Launching lostAndFoundApplication (12)] INFO  o.eclipse.m2e.core.internal.Bundles - 	Entry: C:\Users\Dhaswan\.p2\pool\plugins\org.eclipse.m2e.maven.runtime_3.9.900.20240824-1409\jars\maven-builder-support-3.9.9.jar
2025-10-06 10:35:32,344 [Worker-48: Launching lostAndFoundApplication (12)] INFO  o.eclipse.m2e.core.internal.Bundles - 	Entry: C:\Users\Dhaswan\.p2\pool\plugins\org.eclipse.m2e.maven.runtime_3.9.900.20240824-1409\jars\maven-compat-3.9.9.jar
2025-10-06 10:35:32,345 [Worker-48: Launching lostAndFoundApplication (12)] INFO  o.eclipse.m2e.core.internal.Bundles - 	Entry: C:\Users\Dhaswan\.p2\pool\plugins\org.eclipse.m2e.maven.runtime_3.9.900.20240824-1409\jars\maven-core-3.9.9.jar
2025-10-06 10:35:32,346 [Worker-48: Launching lostAndFoundApplication (12)] INFO  o.eclipse.m2e.core.internal.Bundles - 	Entry: C:\Users\Dhaswan\.p2\pool\plugins\org.eclipse.m2e.maven.runtime_3.9.900.20240824-1409\jars\maven-embedder-3.9.9.jar
2025-10-06 10:35:32,346 [Worker-48: Launching lostAndFoundApplication (12)] INFO  o.eclipse.m2e.core.internal.Bundles - 	Entry: C:\Users\Dhaswan\.p2\pool\plugins\org.eclipse.m2e.maven.runtime_3.9.900.20240824-1409\jars\maven-model-3.9.9.jar
2025-10-06 10:35:32,347 [Worker-48: Launching lostAndFoundApplication (12)] INFO  o.eclipse.m2e.core.internal.Bundles - 	Entry: C:\Users\Dhaswan\.p2\pool\plugins\org.eclipse.m2e.maven.runtime_3.9.900.20240824-1409\jars\maven-model-builder-3.9.9.jar
2025-10-06 10:35:32,347 [Worker-48: Launching lostAndFoundApplication (12)] INFO  o.eclipse.m2e.core.internal.Bundles - 	Entry: C:\Users\Dhaswan\.p2\pool\plugins\org.eclipse.m2e.maven.runtime_3.9.900.20240824-1409\jars\maven-plugin-api-3.9.9.jar
2025-10-06 10:35:32,348 [Worker-48: Launching lostAndFoundApplication (12)] INFO  o.eclipse.m2e.core.internal.Bundles - 	Entry: C:\Users\Dhaswan\.p2\pool\plugins\org.eclipse.m2e.maven.runtime_3.9.900.20240824-1409\jars\maven-repository-metadata-3.9.9.jar
2025-10-06 10:35:32,348 [Worker-48: Launching lostAndFoundApplication (12)] INFO  o.eclipse.m2e.core.internal.Bundles - 	Entry: C:\Users\Dhaswan\.p2\pool\plugins\org.eclipse.m2e.maven.runtime_3.9.900.20240824-1409\jars\maven-resolver-api-1.9.22.jar
2025-10-06 10:35:32,348 [Worker-48: Launching lostAndFoundApplication (12)] INFO  o.eclipse.m2e.core.internal.Bundles - 	Entry: C:\Users\Dhaswan\.p2\pool\plugins\org.eclipse.m2e.maven.runtime_3.9.900.20240824-1409\jars\maven-resolver-connector-basic-1.9.22.jar
2025-10-06 10:35:32,349 [Worker-48: Launching lostAndFoundApplication (12)] INFO  o.eclipse.m2e.core.internal.Bundles - 	Entry: C:\Users\Dhaswan\.p2\pool\plugins\org.eclipse.m2e.maven.runtime_3.9.900.20240824-1409\jars\maven-resolver-impl-1.9.22.jar
2025-10-06 10:35:32,349 [Worker-48: Launching lostAndFoundApplication (12)] INFO  o.eclipse.m2e.core.internal.Bundles - 	Entry: C:\Users\Dhaswan\.p2\pool\plugins\org.eclipse.m2e.maven.runtime_3.9.900.20240824-1409\jars\maven-resolver-named-locks-1.9.22.jar
2025-10-06 10:35:32,350 [Worker-48: Launching lostAndFoundApplication (12)] INFO  o.eclipse.m2e.core.internal.Bundles - 	Entry: C:\Users\Dhaswan\.p2\pool\plugins\org.eclipse.m2e.maven.runtime_3.9.900.20240824-1409\jars\maven-resolver-provider-3.9.9.jar
2025-10-06 10:35:32,350 [Worker-48: Launching lostAndFoundApplication (12)] INFO  o.eclipse.m2e.core.internal.Bundles - 	Entry: C:\Users\Dhaswan\.p2\pool\plugins\org.eclipse.m2e.maven.runtime_3.9.900.20240824-1409\jars\maven-resolver-spi-1.9.22.jar
2025-10-06 10:35:32,351 [Worker-48: Launching lostAndFoundApplication (12)] INFO  o.eclipse.m2e.core.internal.Bundles - 	Entry: C:\Users\Dhaswan\.p2\pool\plugins\org.eclipse.m2e.maven.runtime_3.9.900.20240824-1409\jars\maven-resolver-transport-file-1.9.22.jar
2025-10-06 10:35:32,351 [Worker-48: Launching lostAndFoundApplication (12)] INFO  o.eclipse.m2e.core.internal.Bundles - 	Entry: C:\Users\Dhaswan\.p2\pool\plugins\org.eclipse.m2e.maven.runtime_3.9.900.20240824-1409\jars\maven-resolver-transport-http-1.9.22.jar
2025-10-06 10:35:32,352 [Worker-48: Launching lostAndFoundApplication (12)] INFO  o.eclipse.m2e.core.internal.Bundles - 	Entry: C:\Users\Dhaswan\.p2\pool\plugins\org.eclipse.m2e.maven.runtime_3.9.900.20240824-1409\jars\maven-resolver-transport-wagon-1.9.22.jar
2025-10-06 10:35:32,353 [Worker-48: Launching lostAndFoundApplication (12)] INFO  o.eclipse.m2e.core.internal.Bundles - 	Entry: C:\Users\Dhaswan\.p2\pool\plugins\org.eclipse.m2e.maven.runtime_3.9.900.20240824-1409\jars\maven-resolver-util-1.9.22.jar
2025-10-06 10:35:32,353 [Worker-48: Launching lostAndFoundApplication (12)] INFO  o.eclipse.m2e.core.internal.Bundles - 	Entry: C:\Users\Dhaswan\.p2\pool\plugins\org.eclipse.m2e.maven.runtime_3.9.900.20240824-1409\jars\maven-settings-3.9.9.jar
2025-10-06 10:35:32,353 [Worker-48: Launching lostAndFoundApplication (12)] INFO  o.eclipse.m2e.core.internal.Bundles - 	Entry: C:\Users\Dhaswan\.p2\pool\plugins\org.eclipse.m2e.maven.runtime_3.9.900.20240824-1409\jars\maven-settings-builder-3.9.9.jar
2025-10-06 10:35:32,353 [Worker-48: Launching lostAndFoundApplication (12)] INFO  o.eclipse.m2e.core.internal.Bundles - 	Entry: C:\Users\Dhaswan\.p2\pool\plugins\org.eclipse.m2e.maven.runtime_3.9.900.20240824-1409\jars\maven-shared-utils-3.4.2.jar
2025-10-06 10:35:32,355 [Worker-48: Launching lostAndFoundApplication (12)] INFO  o.eclipse.m2e.core.internal.Bundles - 	Entry: C:\Users\Dhaswan\.p2\pool\plugins\org.eclipse.m2e.maven.runtime_3.9.900.20240824-1409\jars\org.eclipse.sisu.inject-0.9.0.M3.jar
2025-10-06 10:35:32,356 [Worker-48: Launching lostAndFoundApplication (12)] INFO  o.eclipse.m2e.core.internal.Bundles - 	Entry: C:\Users\Dhaswan\.p2\pool\plugins\org.eclipse.m2e.maven.runtime_3.9.900.20240824-1409\jars\org.eclipse.sisu.plexus-0.9.0.M3.jar
2025-10-06 10:35:32,356 [Worker-48: Launching lostAndFoundApplication (12)] INFO  o.eclipse.m2e.core.internal.Bundles - 	Entry: C:\Users\Dhaswan\.p2\pool\plugins\org.eclipse.m2e.maven.runtime_3.9.900.20240824-1409\jars\plexus-build-api-0.0.7.jar
2025-10-06 10:35:32,356 [Worker-48: Launching lostAndFoundApplication (12)] INFO  o.eclipse.m2e.core.internal.Bundles - 	Entry: C:\Users\Dhaswan\.p2\pool\plugins\org.eclipse.m2e.maven.runtime_3.9.900.20240824-1409\jars\plexus-build-api-1.2.0.jar
2025-10-06 10:35:32,357 [Worker-48: Launching lostAndFoundApplication (12)] INFO  o.eclipse.m2e.core.internal.Bundles - 	Entry: C:\Users\Dhaswan\.p2\pool\plugins\org.eclipse.m2e.maven.runtime_3.9.900.20240824-1409\jars\plexus-cipher-2.0.jar
2025-10-06 10:35:32,357 [Worker-48: Launching lostAndFoundApplication (12)] INFO  o.eclipse.m2e.core.internal.Bundles - 	Entry: C:\Users\Dhaswan\.p2\pool\plugins\org.eclipse.m2e.maven.runtime_3.9.900.20240824-1409\jars\plexus-classworlds-2.8.0.jar
2025-10-06 10:35:32,358 [Worker-48: Launching lostAndFoundApplication (12)] INFO  o.eclipse.m2e.core.internal.Bundles - 	Entry: C:\Users\Dhaswan\.p2\pool\plugins\org.eclipse.m2e.maven.runtime_3.9.900.20240824-1409\jars\plexus-component-annotations-2.1.0.jar
2025-10-06 10:35:32,358 [Worker-48: Launching lostAndFoundApplication (12)] INFO  o.eclipse.m2e.core.internal.Bundles - 	Entry: C:\Users\Dhaswan\.p2\pool\plugins\org.eclipse.m2e.maven.runtime_3.9.900.20240824-1409\jars\plexus-interpolation-1.27.jar
2025-10-06 10:35:32,358 [Worker-48: Launching lostAndFoundApplication (12)] INFO  o.eclipse.m2e.core.internal.Bundles - 	Entry: C:\Users\Dhaswan\.p2\pool\plugins\org.eclipse.m2e.maven.runtime_3.9.900.20240824-1409\jars\plexus-sec-dispatcher-2.0.jar
2025-10-06 10:35:32,359 [Worker-48: Launching lostAndFoundApplication (12)] INFO  o.eclipse.m2e.core.internal.Bundles - 	Entry: C:\Users\Dhaswan\.p2\pool\plugins\org.eclipse.m2e.maven.runtime_3.9.900.20240824-1409\jars\plexus-utils-3.5.1.jar
2025-10-06 10:35:32,359 [Worker-48: Launching lostAndFoundApplication (12)] INFO  o.eclipse.m2e.core.internal.Bundles - 	Entry: C:\Users\Dhaswan\.p2\pool\plugins\org.eclipse.m2e.maven.runtime_3.9.900.20240824-1409\jars\plexus-xml-3.0.1.jar
2025-10-06 10:35:32,359 [Worker-48: Launching lostAndFoundApplication (12)] INFO  o.eclipse.m2e.core.internal.Bundles - 	Entry: C:\Users\Dhaswan\.p2\pool\plugins\org.eclipse.m2e.maven.runtime_3.9.900.20240824-1409\jars\wagon-file-3.5.3.jar
2025-10-06 10:35:32,359 [Worker-48: Launching lostAndFoundApplication (12)] INFO  o.eclipse.m2e.core.internal.Bundles - 	Entry: C:\Users\Dhaswan\.p2\pool\plugins\org.eclipse.m2e.maven.runtime_3.9.900.20240824-1409\jars\wagon-http-3.5.3.jar
2025-10-06 10:35:32,359 [Worker-48: Launching lostAndFoundApplication (12)] INFO  o.eclipse.m2e.core.internal.Bundles - 	Entry: C:\Users\Dhaswan\.p2\pool\plugins\org.eclipse.m2e.maven.runtime_3.9.900.20240824-1409\jars\wagon-http-shared-3.5.3.jar
2025-10-06 10:35:32,360 [Worker-48: Launching lostAndFoundApplication (12)] INFO  o.eclipse.m2e.core.internal.Bundles - 	Entry: C:\Users\Dhaswan\.p2\pool\plugins\org.eclipse.m2e.maven.runtime_3.9.900.20240824-1409\jars\wagon-provider-api-3.5.3.jar
2025-10-06 10:35:32,362 [Worker-48: Launching lostAndFoundApplication (12)] INFO  o.eclipse.m2e.core.internal.Bundles - getClasspathEntries(Bundle=com.google.guava_33.4.8.jre [1028])
2025-10-06 10:35:32,363 [Worker-48: Launching lostAndFoundApplication (12)] INFO  o.eclipse.m2e.core.internal.Bundles - 	Entry: C:\Users\Dhaswan\.p2\pool\plugins\com.google.guava_33.4.8.jre.jar
2025-10-06 10:35:32,363 [Worker-48: Launching lostAndFoundApplication (12)] INFO  o.eclipse.m2e.core.internal.Bundles - getClasspathEntries(Bundle=slf4j.api_2.0.17 [1112])
2025-10-06 10:35:32,364 [Worker-48: Launching lostAndFoundApplication (12)] INFO  o.eclipse.m2e.core.internal.Bundles - 	Entry: C:\Users\Dhaswan\.p2\pool\plugins\slf4j.api_2.0.17.jar
2025-10-06 10:35:32,364 [Worker-48: Launching lostAndFoundApplication (12)] INFO  o.eclipse.m2e.core.internal.Bundles - getClasspathEntries(Bundle=jakarta.inject.jakarta.inject-api_1.0.5 [34])
2025-10-06 10:35:32,364 [Worker-48: Launching lostAndFoundApplication (12)] INFO  o.eclipse.m2e.core.internal.Bundles - 	Entry: C:\Users\Dhaswan\.p2\pool\plugins\jakarta.inject.jakarta.inject-api_1.0.5.jar
2025-10-06 10:35:32,364 [Worker-48: Launching lostAndFoundApplication (12)] INFO  o.eclipse.m2e.core.internal.Bundles - getClasspathEntries(Bundle=jakarta.annotation-api_1.3.5 [29])
2025-10-06 10:35:32,365 [Worker-48: Launching lostAndFoundApplication (12)] INFO  o.eclipse.m2e.core.internal.Bundles - 	Entry: C:\Users\Dhaswan\.p2\pool\plugins\jakarta.annotation-api_1.3.5.jar
2025-10-06 10:35:32,365 [Worker-48: Launching lostAndFoundApplication (12)] INFO  o.eclipse.m2e.core.internal.Bundles - getClasspathEntries(Bundle=org.apache.commons.cli_1.9.0 [78])
2025-10-06 10:35:32,366 [Worker-48: Launching lostAndFoundApplication (12)] INFO  o.eclipse.m2e.core.internal.Bundles - 	Entry: C:\Users\Dhaswan\.p2\pool\plugins\org.apache.commons.cli_1.9.0.jar
2025-10-06 10:35:32,366 [Worker-48: Launching lostAndFoundApplication (12)] INFO  o.eclipse.m2e.core.internal.Bundles - getClasspathEntries(Bundle=org.apache.commons.commons-codec_1.16.0 [81])
2025-10-06 10:35:32,366 [Worker-48: Launching lostAndFoundApplication (12)] INFO  o.eclipse.m2e.core.internal.Bundles - 	Entry: C:\Users\Dhaswan\.p2\pool\plugins\org.apache.commons.commons-codec_1.16.0.jar
2025-10-06 10:35:32,366 [Worker-48: Launching lostAndFoundApplication (12)] INFO  o.eclipse.m2e.core.internal.Bundles - getClasspathEntries(Bundle=com.google.guava.failureaccess_1.0.3 [1029])
2025-10-06 10:35:32,368 [Worker-48: Launching lostAndFoundApplication (12)] INFO  o.eclipse.m2e.core.internal.Bundles - 	Entry: C:\Users\Dhaswan\.p2\pool\plugins\com.google.guava.failureaccess_1.0.3.jar
2025-10-06 10:35:32,372 [Worker-48: Launching lostAndFoundApplication (12)] INFO  o.e.m.i.launch.MavenLaunchDelegate - Run build in "S:\InfosysProject\CampusManagement\lostAndFoundApplication":
2025-10-06 10:35:32,373 [Worker-48: Launching lostAndFoundApplication (12)] INFO  o.e.m.i.launch.MavenLaunchDelegate -  mvn  -Ppom.xml -B -Dstyle.color=always clean install
2025-10-06 10:38:26,072 [Worker-58: Building] INFO  o.e.m.c.i.l.LifecycleMappingFactory - Using org.eclipse.m2e.jdt.JarLifecycleMapping lifecycle mapping for MavenProject: edu.infosys:lostAndFoundApplication:0.0.1-SNAPSHOT @ S:\InfosysProject\CampusManagement\lostAndFoundApplication\pom.xml.
2025-10-06 10:38:27,280 [Worker-58: Building] INFO  o.a.m.s.f.DefaultMavenResourcesFiltering - Copying 0 resource from src\main\resources to target\classes
2025-10-06 10:38:27,281 [Worker-58: Building] INFO  o.a.m.s.f.DefaultMavenResourcesFiltering - Copying 0 resource from src\main\resources to target\classes
2025-10-06 10:38:27,288 [Worker-58: Building] INFO  o.a.m.s.f.DefaultMavenResourcesFiltering - skip non existing resourceDirectory S:\InfosysProject\CampusManagement\lostAndFoundApplication\src\test\resources
2025-10-06 10:38:43,760 [Worker-52: Building] INFO  o.e.m.c.i.l.LifecycleMappingFactory - Using org.eclipse.m2e.jdt.JarLifecycleMapping lifecycle mapping for MavenProject: edu.infosys:lostAndFoundApplication:0.0.1-SNAPSHOT @ S:\InfosysProject\CampusManagement\lostAndFoundApplication\pom.xml.
2025-10-06 10:38:45,069 [Worker-52: Building] INFO  o.a.m.s.f.DefaultMavenResourcesFiltering - Copying 1 resource from src\main\resources to target\classes
2025-10-06 10:38:45,087 [Worker-52: Building] INFO  o.a.m.s.f.DefaultMavenResourcesFiltering - Copying 0 resource from src\main\resources to target\classes
2025-10-06 10:38:45,091 [Worker-52: Building] INFO  o.a.m.s.f.DefaultMavenResourcesFiltering - skip non existing resourceDirectory S:\InfosysProject\CampusManagement\lostAndFoundApplication\src\test\resources
2025-10-06 10:39:32,555 [main] INFO  o.e.m2e.actions.ExecutePomAction - Creating new launch configuration
2025-10-06 10:39:41,784 [Worker-61: Launching lostAndFoundApplication (13)] INFO  o.eclipse.m2e.core.internal.Bundles - getClasspathEntries(Bundle=org.eclipse.m2e.maven.runtime_3.9.900.20240824-1409 [640])
2025-10-06 10:39:41,786 [Worker-61: Launching lostAndFoundApplication (13)] INFO  o.eclipse.m2e.core.internal.Bundles - 	Entry: C:\Users\Dhaswan\.p2\pool\plugins\org.eclipse.m2e.maven.runtime_3.9.900.20240824-1409
2025-10-06 10:39:41,789 [Worker-61: Launching lostAndFoundApplication (13)] INFO  o.eclipse.m2e.core.internal.Bundles - 	Entry: C:\Users\Dhaswan\.p2\pool\plugins\org.eclipse.m2e.maven.runtime_3.9.900.20240824-1409\jars\aopalliance-1.0.jar
2025-10-06 10:39:41,790 [Worker-61: Launching lostAndFoundApplication (13)] INFO  o.eclipse.m2e.core.internal.Bundles - 	Entry: C:\Users\Dhaswan\.p2\pool\plugins\org.eclipse.m2e.maven.runtime_3.9.900.20240824-1409\jars\guice-5.1.0.jar
2025-10-06 10:39:41,790 [Worker-61: Launching lostAndFoundApplication (13)] INFO  o.eclipse.m2e.core.internal.Bundles - 	Entry: C:\Users\Dhaswan\.p2\pool\plugins\org.eclipse.m2e.maven.runtime_3.9.900.20240824-1409\jars\httpclient-4.5.14.jar
2025-10-06 10:39:41,791 [Worker-61: Launching lostAndFoundApplication (13)] INFO  o.eclipse.m2e.core.internal.Bundles - 	Entry: C:\Users\Dhaswan\.p2\pool\plugins\org.eclipse.m2e.maven.runtime_3.9.900.20240824-1409\jars\httpcore-4.4.16.jar
2025-10-06 10:39:41,793 [Worker-61: Launching lostAndFoundApplication (13)] INFO  o.eclipse.m2e.core.internal.Bundles - 	Entry: C:\Users\Dhaswan\.p2\pool\plugins\org.eclipse.m2e.maven.runtime_3.9.900.20240824-1409\jars\jansi-2.4.1.jar
2025-10-06 10:39:41,794 [Worker-61: Launching lostAndFoundApplication (13)] INFO  o.eclipse.m2e.core.internal.Bundles - 	Entry: C:\Users\Dhaswan\.p2\pool\plugins\org.eclipse.m2e.maven.runtime_3.9.900.20240824-1409\jars\jcl-over-slf4j-1.7.36.jar
2025-10-06 10:39:41,794 [Worker-61: Launching lostAndFoundApplication (13)] INFO  o.eclipse.m2e.core.internal.Bundles - 	Entry: C:\Users\Dhaswan\.p2\pool\plugins\org.eclipse.m2e.maven.runtime_3.9.900.20240824-1409\jars\maven-artifact-3.9.9.jar
2025-10-06 10:39:41,794 [Worker-61: Launching lostAndFoundApplication (13)] INFO  o.eclipse.m2e.core.internal.Bundles - 	Entry: C:\Users\Dhaswan\.p2\pool\plugins\org.eclipse.m2e.maven.runtime_3.9.900.20240824-1409\jars\maven-builder-support-3.9.9.jar
2025-10-06 10:39:41,795 [Worker-61: Launching lostAndFoundApplication (13)] INFO  o.eclipse.m2e.core.internal.Bundles - 	Entry: C:\Users\Dhaswan\.p2\pool\plugins\org.eclipse.m2e.maven.runtime_3.9.900.20240824-1409\jars\maven-compat-3.9.9.jar
2025-10-06 10:39:41,796 [Worker-61: Launching lostAndFoundApplication (13)] INFO  o.eclipse.m2e.core.internal.Bundles - 	Entry: C:\Users\Dhaswan\.p2\pool\plugins\org.eclipse.m2e.maven.runtime_3.9.900.20240824-1409\jars\maven-core-3.9.9.jar
2025-10-06 10:39:41,796 [Worker-61: Launching lostAndFoundApplication (13)] INFO  o.eclipse.m2e.core.internal.Bundles - 	Entry: C:\Users\Dhaswan\.p2\pool\plugins\org.eclipse.m2e.maven.runtime_3.9.900.20240824-1409\jars\maven-embedder-3.9.9.jar
2025-10-06 10:39:41,797 [Worker-61: Launching lostAndFoundApplication (13)] INFO  o.eclipse.m2e.core.internal.Bundles - 	Entry: C:\Users\Dhaswan\.p2\pool\plugins\org.eclipse.m2e.maven.runtime_3.9.900.20240824-1409\jars\maven-model-3.9.9.jar
2025-10-06 10:39:41,797 [Worker-61: Launching lostAndFoundApplication (13)] INFO  o.eclipse.m2e.core.internal.Bundles - 	Entry: C:\Users\Dhaswan\.p2\pool\plugins\org.eclipse.m2e.maven.runtime_3.9.900.20240824-1409\jars\maven-model-builder-3.9.9.jar
2025-10-06 10:39:41,799 [Worker-61: Launching lostAndFoundApplication (13)] INFO  o.eclipse.m2e.core.internal.Bundles - 	Entry: C:\Users\Dhaswan\.p2\pool\plugins\org.eclipse.m2e.maven.runtime_3.9.900.20240824-1409\jars\maven-plugin-api-3.9.9.jar
2025-10-06 10:39:41,801 [Worker-61: Launching lostAndFoundApplication (13)] INFO  o.eclipse.m2e.core.internal.Bundles - 	Entry: C:\Users\Dhaswan\.p2\pool\plugins\org.eclipse.m2e.maven.runtime_3.9.900.20240824-1409\jars\maven-repository-metadata-3.9.9.jar
2025-10-06 10:39:41,803 [Worker-61: Launching lostAndFoundApplication (13)] INFO  o.eclipse.m2e.core.internal.Bundles - 	Entry: C:\Users\Dhaswan\.p2\pool\plugins\org.eclipse.m2e.maven.runtime_3.9.900.20240824-1409\jars\maven-resolver-api-1.9.22.jar
2025-10-06 10:39:41,804 [Worker-61: Launching lostAndFoundApplication (13)] INFO  o.eclipse.m2e.core.internal.Bundles - 	Entry: C:\Users\Dhaswan\.p2\pool\plugins\org.eclipse.m2e.maven.runtime_3.9.900.20240824-1409\jars\maven-resolver-connector-basic-1.9.22.jar
2025-10-06 10:39:41,806 [Worker-61: Launching lostAndFoundApplication (13)] INFO  o.eclipse.m2e.core.internal.Bundles - 	Entry: C:\Users\Dhaswan\.p2\pool\plugins\org.eclipse.m2e.maven.runtime_3.9.900.20240824-1409\jars\maven-resolver-impl-1.9.22.jar
2025-10-06 10:39:41,806 [Worker-61: Launching lostAndFoundApplication (13)] INFO  o.eclipse.m2e.core.internal.Bundles - 	Entry: C:\Users\Dhaswan\.p2\pool\plugins\org.eclipse.m2e.maven.runtime_3.9.900.20240824-1409\jars\maven-resolver-named-locks-1.9.22.jar
2025-10-06 10:39:41,807 [Worker-61: Launching lostAndFoundApplication (13)] INFO  o.eclipse.m2e.core.internal.Bundles - 	Entry: C:\Users\Dhaswan\.p2\pool\plugins\org.eclipse.m2e.maven.runtime_3.9.900.20240824-1409\jars\maven-resolver-provider-3.9.9.jar
2025-10-06 10:39:41,809 [Worker-61: Launching lostAndFoundApplication (13)] INFO  o.eclipse.m2e.core.internal.Bundles - 	Entry: C:\Users\Dhaswan\.p2\pool\plugins\org.eclipse.m2e.maven.runtime_3.9.900.20240824-1409\jars\maven-resolver-spi-1.9.22.jar
2025-10-06 10:39:41,810 [Worker-61: Launching lostAndFoundApplication (13)] INFO  o.eclipse.m2e.core.internal.Bundles - 	Entry: C:\Users\Dhaswan\.p2\pool\plugins\org.eclipse.m2e.maven.runtime_3.9.900.20240824-1409\jars\maven-resolver-transport-file-1.9.22.jar
2025-10-06 10:39:41,812 [Worker-61: Launching lostAndFoundApplication (13)] INFO  o.eclipse.m2e.core.internal.Bundles - 	Entry: C:\Users\Dhaswan\.p2\pool\plugins\org.eclipse.m2e.maven.runtime_3.9.900.20240824-1409\jars\maven-resolver-transport-http-1.9.22.jar
2025-10-06 10:39:41,813 [Worker-61: Launching lostAndFoundApplication (13)] INFO  o.eclipse.m2e.core.internal.Bundles - 	Entry: C:\Users\Dhaswan\.p2\pool\plugins\org.eclipse.m2e.maven.runtime_3.9.900.20240824-1409\jars\maven-resolver-transport-wagon-1.9.22.jar
2025-10-06 10:39:41,814 [Worker-61: Launching lostAndFoundApplication (13)] INFO  o.eclipse.m2e.core.internal.Bundles - 	Entry: C:\Users\Dhaswan\.p2\pool\plugins\org.eclipse.m2e.maven.runtime_3.9.900.20240824-1409\jars\maven-resolver-util-1.9.22.jar
2025-10-06 10:39:41,815 [Worker-61: Launching lostAndFoundApplication (13)] INFO  o.eclipse.m2e.core.internal.Bundles - 	Entry: C:\Users\Dhaswan\.p2\pool\plugins\org.eclipse.m2e.maven.runtime_3.9.900.20240824-1409\jars\maven-settings-3.9.9.jar
2025-10-06 10:39:41,815 [Worker-61: Launching lostAndFoundApplication (13)] INFO  o.eclipse.m2e.core.internal.Bundles - 	Entry: C:\Users\Dhaswan\.p2\pool\plugins\org.eclipse.m2e.maven.runtime_3.9.900.20240824-1409\jars\maven-settings-builder-3.9.9.jar
2025-10-06 10:39:41,815 [Worker-61: Launching lostAndFoundApplication (13)] INFO  o.eclipse.m2e.core.internal.Bundles - 	Entry: C:\Users\Dhaswan\.p2\pool\plugins\org.eclipse.m2e.maven.runtime_3.9.900.20240824-1409\jars\maven-shared-utils-3.4.2.jar
2025-10-06 10:39:41,816 [Worker-61: Launching lostAndFoundApplication (13)] INFO  o.eclipse.m2e.core.internal.Bundles - 	Entry: C:\Users\Dhaswan\.p2\pool\plugins\org.eclipse.m2e.maven.runtime_3.9.900.20240824-1409\jars\org.eclipse.sisu.inject-0.9.0.M3.jar
2025-10-06 10:39:41,818 [Worker-61: Launching lostAndFoundApplication (13)] INFO  o.eclipse.m2e.core.internal.Bundles - 	Entry: C:\Users\Dhaswan\.p2\pool\plugins\org.eclipse.m2e.maven.runtime_3.9.900.20240824-1409\jars\org.eclipse.sisu.plexus-0.9.0.M3.jar
2025-10-06 10:39:41,819 [Worker-61: Launching lostAndFoundApplication (13)] INFO  o.eclipse.m2e.core.internal.Bundles - 	Entry: C:\Users\Dhaswan\.p2\pool\plugins\org.eclipse.m2e.maven.runtime_3.9.900.20240824-1409\jars\plexus-build-api-0.0.7.jar
2025-10-06 10:39:41,820 [Worker-61: Launching lostAndFoundApplication (13)] INFO  o.eclipse.m2e.core.internal.Bundles - 	Entry: C:\Users\Dhaswan\.p2\pool\plugins\org.eclipse.m2e.maven.runtime_3.9.900.20240824-1409\jars\plexus-build-api-1.2.0.jar
2025-10-06 10:39:41,820 [Worker-61: Launching lostAndFoundApplication (13)] INFO  o.eclipse.m2e.core.internal.Bundles - 	Entry: C:\Users\Dhaswan\.p2\pool\plugins\org.eclipse.m2e.maven.runtime_3.9.900.20240824-1409\jars\plexus-cipher-2.0.jar
2025-10-06 10:39:41,821 [Worker-61: Launching lostAndFoundApplication (13)] INFO  o.eclipse.m2e.core.internal.Bundles - 	Entry: C:\Users\Dhaswan\.p2\pool\plugins\org.eclipse.m2e.maven.runtime_3.9.900.20240824-1409\jars\plexus-classworlds-2.8.0.jar
2025-10-06 10:39:41,821 [Worker-61: Launching lostAndFoundApplication (13)] INFO  o.eclipse.m2e.core.internal.Bundles - 	Entry: C:\Users\Dhaswan\.p2\pool\plugins\org.eclipse.m2e.maven.runtime_3.9.900.20240824-1409\jars\plexus-component-annotations-2.1.0.jar
2025-10-06 10:39:41,822 [Worker-61: Launching lostAndFoundApplication (13)] INFO  o.eclipse.m2e.core.internal.Bundles - 	Entry: C:\Users\Dhaswan\.p2\pool\plugins\org.eclipse.m2e.maven.runtime_3.9.900.20240824-1409\jars\plexus-interpolation-1.27.jar
2025-10-06 10:39:41,823 [Worker-61: Launching lostAndFoundApplication (13)] INFO  o.eclipse.m2e.core.internal.Bundles - 	Entry: C:\Users\Dhaswan\.p2\pool\plugins\org.eclipse.m2e.maven.runtime_3.9.900.20240824-1409\jars\plexus-sec-dispatcher-2.0.jar
2025-10-06 10:39:41,823 [Worker-61: Launching lostAndFoundApplication (13)] INFO  o.eclipse.m2e.core.internal.Bundles - 	Entry: C:\Users\Dhaswan\.p2\pool\plugins\org.eclipse.m2e.maven.runtime_3.9.900.20240824-1409\jars\plexus-utils-3.5.1.jar
2025-10-06 10:39:41,823 [Worker-61: Launching lostAndFoundApplication (13)] INFO  o.eclipse.m2e.core.internal.Bundles - 	Entry: C:\Users\Dhaswan\.p2\pool\plugins\org.eclipse.m2e.maven.runtime_3.9.900.20240824-1409\jars\plexus-xml-3.0.1.jar
2025-10-06 10:39:41,824 [Worker-61: Launching lostAndFoundApplication (13)] INFO  o.eclipse.m2e.core.internal.Bundles - 	Entry: C:\Users\Dhaswan\.p2\pool\plugins\org.eclipse.m2e.maven.runtime_3.9.900.20240824-1409\jars\wagon-file-3.5.3.jar
2025-10-06 10:39:41,824 [Worker-61: Launching lostAndFoundApplication (13)] INFO  o.eclipse.m2e.core.internal.Bundles - 	Entry: C:\Users\Dhaswan\.p2\pool\plugins\org.eclipse.m2e.maven.runtime_3.9.900.20240824-1409\jars\wagon-http-3.5.3.jar
2025-10-06 10:39:41,825 [Worker-61: Launching lostAndFoundApplication (13)] INFO  o.eclipse.m2e.core.internal.Bundles - 	Entry: C:\Users\Dhaswan\.p2\pool\plugins\org.eclipse.m2e.maven.runtime_3.9.900.20240824-1409\jars\wagon-http-shared-3.5.3.jar
2025-10-06 10:39:41,825 [Worker-61: Launching lostAndFoundApplication (13)] INFO  o.eclipse.m2e.core.internal.Bundles - 	Entry: C:\Users\Dhaswan\.p2\pool\plugins\org.eclipse.m2e.maven.runtime_3.9.900.20240824-1409\jars\wagon-provider-api-3.5.3.jar
2025-10-06 10:39:41,826 [Worker-61: Launching lostAndFoundApplication (13)] INFO  o.eclipse.m2e.core.internal.Bundles - getClasspathEntries(Bundle=com.google.guava_33.4.8.jre [1028])
2025-10-06 10:39:41,827 [Worker-61: Launching lostAndFoundApplication (13)] INFO  o.eclipse.m2e.core.internal.Bundles - 	Entry: C:\Users\Dhaswan\.p2\pool\plugins\com.google.guava_33.4.8.jre.jar
2025-10-06 10:39:41,828 [Worker-61: Launching lostAndFoundApplication (13)] INFO  o.eclipse.m2e.core.internal.Bundles - getClasspathEntries(Bundle=slf4j.api_2.0.17 [1112])
2025-10-06 10:39:41,829 [Worker-61: Launching lostAndFoundApplication (13)] INFO  o.eclipse.m2e.core.internal.Bundles - 	Entry: C:\Users\Dhaswan\.p2\pool\plugins\slf4j.api_2.0.17.jar
2025-10-06 10:39:41,829 [Worker-61: Launching lostAndFoundApplication (13)] INFO  o.eclipse.m2e.core.internal.Bundles - getClasspathEntries(Bundle=jakarta.inject.jakarta.inject-api_1.0.5 [34])
2025-10-06 10:39:41,830 [Worker-61: Launching lostAndFoundApplication (13)] INFO  o.eclipse.m2e.core.internal.Bundles - 	Entry: C:\Users\Dhaswan\.p2\pool\plugins\jakarta.inject.jakarta.inject-api_1.0.5.jar
2025-10-06 10:39:41,830 [Worker-61: Launching lostAndFoundApplication (13)] INFO  o.eclipse.m2e.core.internal.Bundles - getClasspathEntries(Bundle=jakarta.annotation-api_1.3.5 [29])
2025-10-06 10:39:41,831 [Worker-61: Launching lostAndFoundApplication (13)] INFO  o.eclipse.m2e.core.internal.Bundles - 	Entry: C:\Users\Dhaswan\.p2\pool\plugins\jakarta.annotation-api_1.3.5.jar
2025-10-06 10:39:41,831 [Worker-61: Launching lostAndFoundApplication (13)] INFO  o.eclipse.m2e.core.internal.Bundles - getClasspathEntries(Bundle=org.apache.commons.cli_1.9.0 [78])
2025-10-06 10:39:41,832 [Worker-61: Launching lostAndFoundApplication (13)] INFO  o.eclipse.m2e.core.internal.Bundles - 	Entry: C:\Users\Dhaswan\.p2\pool\plugins\org.apache.commons.cli_1.9.0.jar
2025-10-06 10:39:41,832 [Worker-61: Launching lostAndFoundApplication (13)] INFO  o.eclipse.m2e.core.internal.Bundles - getClasspathEntries(Bundle=org.apache.commons.commons-codec_1.16.0 [81])
2025-10-06 10:39:41,833 [Worker-61: Launching lostAndFoundApplication (13)] INFO  o.eclipse.m2e.core.internal.Bundles - 	Entry: C:\Users\Dhaswan\.p2\pool\plugins\org.apache.commons.commons-codec_1.16.0.jar
2025-10-06 10:39:41,833 [Worker-61: Launching lostAndFoundApplication (13)] INFO  o.eclipse.m2e.core.internal.Bundles - getClasspathEntries(Bundle=com.google.guava.failureaccess_1.0.3 [1029])
2025-10-06 10:39:41,834 [Worker-61: Launching lostAndFoundApplication (13)] INFO  o.eclipse.m2e.core.internal.Bundles - 	Entry: C:\Users\Dhaswan\.p2\pool\plugins\com.google.guava.failureaccess_1.0.3.jar
2025-10-06 10:39:41,839 [Worker-61: Launching lostAndFoundApplication (13)] INFO  o.e.m.i.launch.MavenLaunchDelegate - Run build in "S:\InfosysProject\CampusManagement\lostAndFoundApplication":
2025-10-06 10:39:41,840 [Worker-61: Launching lostAndFoundApplication (13)] INFO  o.e.m.i.launch.MavenLaunchDelegate -  mvn  -Ppom.xml -B -Dstyle.color=always spring-boot:run -DskipTests
2025-10-06 10:39:42,626 [Worker-59: Building] INFO  o.e.m.c.i.l.LifecycleMappingFactory - Using org.eclipse.m2e.jdt.JarLifecycleMapping lifecycle mapping for MavenProject: edu.infosys:lostAndFoundApplication:0.0.1-SNAPSHOT @ S:\InfosysProject\CampusManagement\lostAndFoundApplication\pom.xml.
2025-10-06 10:39:43,799 [Worker-59: Building] INFO  o.a.m.s.f.DefaultMavenResourcesFiltering - Copying 0 resource from src\main\resources to target\classes
2025-10-06 10:39:43,799 [Worker-59: Building] INFO  o.a.m.s.f.DefaultMavenResourcesFiltering - Copying 0 resource from src\main\resources to target\classes
2025-10-06 10:39:43,804 [Worker-59: Building] INFO  o.a.m.s.f.DefaultMavenResourcesFiltering - skip non existing resourceDirectory S:\InfosysProject\CampusManagement\lostAndFoundApplication\src\test\resources
2025-10-06 10:41:20,772 [Worker-59: Building] INFO  o.a.m.s.f.DefaultMavenResourcesFiltering - Copying 1 resource from src\main\resources to target\classes
2025-10-06 10:41:20,832 [Worker-59: Building] INFO  o.a.m.s.f.DefaultMavenResourcesFiltering - Copying 0 resource from src\main\resources to target\classes
2025-10-06 10:41:20,839 [Worker-59: Building] INFO  o.a.m.s.f.DefaultMavenResourcesFiltering - skip non existing resourceDirectory S:\InfosysProject\CampusManagement\lostAndFoundApplication\src\test\resources
2025-10-06 10:41:33,495 [Worker-52: Updating Maven Project] INFO  o.e.m.c.i.p.ProjectConfigurationManager - Update started
2025-10-06 10:41:34,069 [Worker-52: Updating Maven Project] INFO  o.e.m.c.i.l.LifecycleMappingFactory - Using org.eclipse.m2e.jdt.JarLifecycleMapping lifecycle mapping for MavenProject: edu.infosys:lostAndFoundApplication:0.0.1-SNAPSHOT @ S:\InfosysProject\CampusManagement\lostAndFoundApplication\pom.xml.
2025-10-06 10:41:34,855 [Worker-52: Updating Maven Project] INFO  o.e.m.j.i.AbstractJavaProjectConfigurator - Adding source folder /lostAndFoundApplication/src/main/java
2025-10-06 10:41:34,856 [Worker-52: Updating Maven Project] INFO  o.e.m.j.i.AbstractJavaProjectConfigurator - Adding resource folder /lostAndFoundApplication/src/main/resources
2025-10-06 10:41:34,857 [Worker-52: Updating Maven Project] INFO  o.e.m.j.i.AbstractJavaProjectConfigurator - Adding resource folder /lostAndFoundApplication/src/main/resources
2025-10-06 10:41:34,857 [Worker-52: Updating Maven Project] INFO  o.e.m.j.i.AbstractJavaProjectConfigurator - Adding source folder /lostAndFoundApplication/src/test/java
2025-10-06 10:41:34,858 [Worker-52: Updating Maven Project] INFO  o.e.m.j.i.AbstractJavaProjectConfigurator - Adding resource folder /lostAndFoundApplication/src/test/resources
2025-10-06 10:41:35,218 [Worker-52: Updating Maven Project] INFO  o.e.m.c.i.p.ProjectConfigurationManager - Update completed for 1 poms: local refresh takes 0.00 sec, refresh facades takes 1.00 sec, update config takes 0.00 sec 
2025-10-06 10:41:35,685 [Worker-59: Building] INFO  o.a.m.s.f.DefaultMavenResourcesFiltering - Copying 1 resource from src\main\resources to target\classes
2025-10-06 10:41:35,697 [Worker-59: Building] INFO  o.a.m.s.f.DefaultMavenResourcesFiltering - Copying 0 resource from src\main\resources to target\classes
2025-10-06 10:41:35,702 [Worker-59: Building] INFO  o.a.m.s.f.DefaultMavenResourcesFiltering - skip non existing resourceDirectory S:\InfosysProject\CampusManagement\lostAndFoundApplication\src\test\resources
2025-10-06 10:41:40,056 [main] INFO  o.e.m2e.actions.ExecutePomAction - Creating new launch configuration
2025-10-06 10:41:47,459 [Worker-61: Launching lostAndFoundApplication (14)] INFO  o.eclipse.m2e.core.internal.Bundles - getClasspathEntries(Bundle=org.eclipse.m2e.maven.runtime_3.9.900.20240824-1409 [640])
2025-10-06 10:41:47,460 [Worker-61: Launching lostAndFoundApplication (14)] INFO  o.eclipse.m2e.core.internal.Bundles - 	Entry: C:\Users\Dhaswan\.p2\pool\plugins\org.eclipse.m2e.maven.runtime_3.9.900.20240824-1409
2025-10-06 10:41:47,460 [Worker-61: Launching lostAndFoundApplication (14)] INFO  o.eclipse.m2e.core.internal.Bundles - 	Entry: C:\Users\Dhaswan\.p2\pool\plugins\org.eclipse.m2e.maven.runtime_3.9.900.20240824-1409\jars\aopalliance-1.0.jar
2025-10-06 10:41:47,460 [Worker-61: Launching lostAndFoundApplication (14)] INFO  o.eclipse.m2e.core.internal.Bundles - 	Entry: C:\Users\Dhaswan\.p2\pool\plugins\org.eclipse.m2e.maven.runtime_3.9.900.20240824-1409\jars\guice-5.1.0.jar
2025-10-06 10:41:47,461 [Worker-61: Launching lostAndFoundApplication (14)] INFO  o.eclipse.m2e.core.internal.Bundles - 	Entry: C:\Users\Dhaswan\.p2\pool\plugins\org.eclipse.m2e.maven.runtime_3.9.900.20240824-1409\jars\httpclient-4.5.14.jar
2025-10-06 10:41:47,461 [Worker-61: Launching lostAndFoundApplication (14)] INFO  o.eclipse.m2e.core.internal.Bundles - 	Entry: C:\Users\Dhaswan\.p2\pool\plugins\org.eclipse.m2e.maven.runtime_3.9.900.20240824-1409\jars\httpcore-4.4.16.jar
2025-10-06 10:41:47,461 [Worker-61: Launching lostAndFoundApplication (14)] INFO  o.eclipse.m2e.core.internal.Bundles - 	Entry: C:\Users\Dhaswan\.p2\pool\plugins\org.eclipse.m2e.maven.runtime_3.9.900.20240824-1409\jars\jansi-2.4.1.jar
2025-10-06 10:41:47,462 [Worker-61: Launching lostAndFoundApplication (14)] INFO  o.eclipse.m2e.core.internal.Bundles - 	Entry: C:\Users\Dhaswan\.p2\pool\plugins\org.eclipse.m2e.maven.runtime_3.9.900.20240824-1409\jars\jcl-over-slf4j-1.7.36.jar
2025-10-06 10:41:47,462 [Worker-61: Launching lostAndFoundApplication (14)] INFO  o.eclipse.m2e.core.internal.Bundles - 	Entry: C:\Users\Dhaswan\.p2\pool\plugins\org.eclipse.m2e.maven.runtime_3.9.900.20240824-1409\jars\maven-artifact-3.9.9.jar
2025-10-06 10:41:47,462 [Worker-61: Launching lostAndFoundApplication (14)] INFO  o.eclipse.m2e.core.internal.Bundles - 	Entry: C:\Users\Dhaswan\.p2\pool\plugins\org.eclipse.m2e.maven.runtime_3.9.900.20240824-1409\jars\maven-builder-support-3.9.9.jar
2025-10-06 10:41:47,462 [Worker-61: Launching lostAndFoundApplication (14)] INFO  o.eclipse.m2e.core.internal.Bundles - 	Entry: C:\Users\Dhaswan\.p2\pool\plugins\org.eclipse.m2e.maven.runtime_3.9.900.20240824-1409\jars\maven-compat-3.9.9.jar
2025-10-06 10:41:47,462 [Worker-61: Launching lostAndFoundApplication (14)] INFO  o.eclipse.m2e.core.internal.Bundles - 	Entry: C:\Users\Dhaswan\.p2\pool\plugins\org.eclipse.m2e.maven.runtime_3.9.900.20240824-1409\jars\maven-core-3.9.9.jar
2025-10-06 10:41:47,462 [Worker-61: Launching lostAndFoundApplication (14)] INFO  o.eclipse.m2e.core.internal.Bundles - 	Entry: C:\Users\Dhaswan\.p2\pool\plugins\org.eclipse.m2e.maven.runtime_3.9.900.20240824-1409\jars\maven-embedder-3.9.9.jar
2025-10-06 10:41:47,462 [Worker-61: Launching lostAndFoundApplication (14)] INFO  o.eclipse.m2e.core.internal.Bundles - 	Entry: C:\Users\Dhaswan\.p2\pool\plugins\org.eclipse.m2e.maven.runtime_3.9.900.20240824-1409\jars\maven-model-3.9.9.jar
2025-10-06 10:41:47,462 [Worker-61: Launching lostAndFoundApplication (14)] INFO  o.eclipse.m2e.core.internal.Bundles - 	Entry: C:\Users\Dhaswan\.p2\pool\plugins\org.eclipse.m2e.maven.runtime_3.9.900.20240824-1409\jars\maven-model-builder-3.9.9.jar
2025-10-06 10:41:47,463 [Worker-61: Launching lostAndFoundApplication (14)] INFO  o.eclipse.m2e.core.internal.Bundles - 	Entry: C:\Users\Dhaswan\.p2\pool\plugins\org.eclipse.m2e.maven.runtime_3.9.900.20240824-1409\jars\maven-plugin-api-3.9.9.jar
2025-10-06 10:41:47,463 [Worker-61: Launching lostAndFoundApplication (14)] INFO  o.eclipse.m2e.core.internal.Bundles - 	Entry: C:\Users\Dhaswan\.p2\pool\plugins\org.eclipse.m2e.maven.runtime_3.9.900.20240824-1409\jars\maven-repository-metadata-3.9.9.jar
2025-10-06 10:41:47,463 [Worker-61: Launching lostAndFoundApplication (14)] INFO  o.eclipse.m2e.core.internal.Bundles - 	Entry: C:\Users\Dhaswan\.p2\pool\plugins\org.eclipse.m2e.maven.runtime_3.9.900.20240824-1409\jars\maven-resolver-api-1.9.22.jar
2025-10-06 10:41:47,463 [Worker-61: Launching lostAndFoundApplication (14)] INFO  o.eclipse.m2e.core.internal.Bundles - 	Entry: C:\Users\Dhaswan\.p2\pool\plugins\org.eclipse.m2e.maven.runtime_3.9.900.20240824-1409\jars\maven-resolver-connector-basic-1.9.22.jar
2025-10-06 10:41:47,463 [Worker-61: Launching lostAndFoundApplication (14)] INFO  o.eclipse.m2e.core.internal.Bundles - 	Entry: C:\Users\Dhaswan\.p2\pool\plugins\org.eclipse.m2e.maven.runtime_3.9.900.20240824-1409\jars\maven-resolver-impl-1.9.22.jar
2025-10-06 10:41:47,463 [Worker-61: Launching lostAndFoundApplication (14)] INFO  o.eclipse.m2e.core.internal.Bundles - 	Entry: C:\Users\Dhaswan\.p2\pool\plugins\org.eclipse.m2e.maven.runtime_3.9.900.20240824-1409\jars\maven-resolver-named-locks-1.9.22.jar
2025-10-06 10:41:47,463 [Worker-61: Launching lostAndFoundApplication (14)] INFO  o.eclipse.m2e.core.internal.Bundles - 	Entry: C:\Users\Dhaswan\.p2\pool\plugins\org.eclipse.m2e.maven.runtime_3.9.900.20240824-1409\jars\maven-resolver-provider-3.9.9.jar
2025-10-06 10:41:47,464 [Worker-61: Launching lostAndFoundApplication (14)] INFO  o.eclipse.m2e.core.internal.Bundles - 	Entry: C:\Users\Dhaswan\.p2\pool\plugins\org.eclipse.m2e.maven.runtime_3.9.900.20240824-1409\jars\maven-resolver-spi-1.9.22.jar
2025-10-06 10:41:47,464 [Worker-61: Launching lostAndFoundApplication (14)] INFO  o.eclipse.m2e.core.internal.Bundles - 	Entry: C:\Users\Dhaswan\.p2\pool\plugins\org.eclipse.m2e.maven.runtime_3.9.900.20240824-1409\jars\maven-resolver-transport-file-1.9.22.jar
2025-10-06 10:41:47,465 [Worker-61: Launching lostAndFoundApplication (14)] INFO  o.eclipse.m2e.core.internal.Bundles - 	Entry: C:\Users\Dhaswan\.p2\pool\plugins\org.eclipse.m2e.maven.runtime_3.9.900.20240824-1409\jars\maven-resolver-transport-http-1.9.22.jar
2025-10-06 10:41:47,465 [Worker-61: Launching lostAndFoundApplication (14)] INFO  o.eclipse.m2e.core.internal.Bundles - 	Entry: C:\Users\Dhaswan\.p2\pool\plugins\org.eclipse.m2e.maven.runtime_3.9.900.20240824-1409\jars\maven-resolver-transport-wagon-1.9.22.jar
2025-10-06 10:41:47,465 [Worker-61: Launching lostAndFoundApplication (14)] INFO  o.eclipse.m2e.core.internal.Bundles - 	Entry: C:\Users\Dhaswan\.p2\pool\plugins\org.eclipse.m2e.maven.runtime_3.9.900.20240824-1409\jars\maven-resolver-util-1.9.22.jar
2025-10-06 10:41:47,465 [Worker-61: Launching lostAndFoundApplication (14)] INFO  o.eclipse.m2e.core.internal.Bundles - 	Entry: C:\Users\Dhaswan\.p2\pool\plugins\org.eclipse.m2e.maven.runtime_3.9.900.20240824-1409\jars\maven-settings-3.9.9.jar
2025-10-06 10:41:47,465 [Worker-61: Launching lostAndFoundApplication (14)] INFO  o.eclipse.m2e.core.internal.Bundles - 	Entry: C:\Users\Dhaswan\.p2\pool\plugins\org.eclipse.m2e.maven.runtime_3.9.900.20240824-1409\jars\maven-settings-builder-3.9.9.jar
2025-10-06 10:41:47,465 [Worker-61: Launching lostAndFoundApplication (14)] INFO  o.eclipse.m2e.core.internal.Bundles - 	Entry: C:\Users\Dhaswan\.p2\pool\plugins\org.eclipse.m2e.maven.runtime_3.9.900.20240824-1409\jars\maven-shared-utils-3.4.2.jar
2025-10-06 10:41:47,466 [Worker-61: Launching lostAndFoundApplication (14)] INFO  o.eclipse.m2e.core.internal.Bundles - 	Entry: C:\Users\Dhaswan\.p2\pool\plugins\org.eclipse.m2e.maven.runtime_3.9.900.20240824-1409\jars\org.eclipse.sisu.inject-0.9.0.M3.jar
2025-10-06 10:41:47,467 [Worker-61: Launching lostAndFoundApplication (14)] INFO  o.eclipse.m2e.core.internal.Bundles - 	Entry: C:\Users\Dhaswan\.p2\pool\plugins\org.eclipse.m2e.maven.runtime_3.9.900.20240824-1409\jars\org.eclipse.sisu.plexus-0.9.0.M3.jar
2025-10-06 10:41:47,467 [Worker-61: Launching lostAndFoundApplication (14)] INFO  o.eclipse.m2e.core.internal.Bundles - 	Entry: C:\Users\Dhaswan\.p2\pool\plugins\org.eclipse.m2e.maven.runtime_3.9.900.20240824-1409\jars\plexus-build-api-0.0.7.jar
2025-10-06 10:41:47,467 [Worker-61: Launching lostAndFoundApplication (14)] INFO  o.eclipse.m2e.core.internal.Bundles - 	Entry: C:\Users\Dhaswan\.p2\pool\plugins\org.eclipse.m2e.maven.runtime_3.9.900.20240824-1409\jars\plexus-build-api-1.2.0.jar
2025-10-06 10:41:47,467 [Worker-61: Launching lostAndFoundApplication (14)] INFO  o.eclipse.m2e.core.internal.Bundles - 	Entry: C:\Users\Dhaswan\.p2\pool\plugins\org.eclipse.m2e.maven.runtime_3.9.900.20240824-1409\jars\plexus-cipher-2.0.jar
2025-10-06 10:41:47,467 [Worker-61: Launching lostAndFoundApplication (14)] INFO  o.eclipse.m2e.core.internal.Bundles - 	Entry: C:\Users\Dhaswan\.p2\pool\plugins\org.eclipse.m2e.maven.runtime_3.9.900.20240824-1409\jars\plexus-classworlds-2.8.0.jar
2025-10-06 10:41:47,468 [Worker-61: Launching lostAndFoundApplication (14)] INFO  o.eclipse.m2e.core.internal.Bundles - 	Entry: C:\Users\Dhaswan\.p2\pool\plugins\org.eclipse.m2e.maven.runtime_3.9.900.20240824-1409\jars\plexus-component-annotations-2.1.0.jar
2025-10-06 10:41:47,468 [Worker-61: Launching lostAndFoundApplication (14)] INFO  o.eclipse.m2e.core.internal.Bundles - 	Entry: C:\Users\Dhaswan\.p2\pool\plugins\org.eclipse.m2e.maven.runtime_3.9.900.20240824-1409\jars\plexus-interpolation-1.27.jar
2025-10-06 10:41:47,468 [Worker-61: Launching lostAndFoundApplication (14)] INFO  o.eclipse.m2e.core.internal.Bundles - 	Entry: C:\Users\Dhaswan\.p2\pool\plugins\org.eclipse.m2e.maven.runtime_3.9.900.20240824-1409\jars\plexus-sec-dispatcher-2.0.jar
2025-10-06 10:41:47,468 [Worker-61: Launching lostAndFoundApplication (14)] INFO  o.eclipse.m2e.core.internal.Bundles - 	Entry: C:\Users\Dhaswan\.p2\pool\plugins\org.eclipse.m2e.maven.runtime_3.9.900.20240824-1409\jars\plexus-utils-3.5.1.jar
2025-10-06 10:41:47,468 [Worker-61: Launching lostAndFoundApplication (14)] INFO  o.eclipse.m2e.core.internal.Bundles - 	Entry: C:\Users\Dhaswan\.p2\pool\plugins\org.eclipse.m2e.maven.runtime_3.9.900.20240824-1409\jars\plexus-xml-3.0.1.jar
2025-10-06 10:41:47,469 [Worker-61: Launching lostAndFoundApplication (14)] INFO  o.eclipse.m2e.core.internal.Bundles - 	Entry: C:\Users\Dhaswan\.p2\pool\plugins\org.eclipse.m2e.maven.runtime_3.9.900.20240824-1409\jars\wagon-file-3.5.3.jar
2025-10-06 10:41:47,469 [Worker-61: Launching lostAndFoundApplication (14)] INFO  o.eclipse.m2e.core.internal.Bundles - 	Entry: C:\Users\Dhaswan\.p2\pool\plugins\org.eclipse.m2e.maven.runtime_3.9.900.20240824-1409\jars\wagon-http-3.5.3.jar
2025-10-06 10:41:47,469 [Worker-61: Launching lostAndFoundApplication (14)] INFO  o.eclipse.m2e.core.internal.Bundles - 	Entry: C:\Users\Dhaswan\.p2\pool\plugins\org.eclipse.m2e.maven.runtime_3.9.900.20240824-1409\jars\wagon-http-shared-3.5.3.jar
2025-10-06 10:41:47,469 [Worker-61: Launching lostAndFoundApplication (14)] INFO  o.eclipse.m2e.core.internal.Bundles - 	Entry: C:\Users\Dhaswan\.p2\pool\plugins\org.eclipse.m2e.maven.runtime_3.9.900.20240824-1409\jars\wagon-provider-api-3.5.3.jar
2025-10-06 10:41:47,469 [Worker-61: Launching lostAndFoundApplication (14)] INFO  o.eclipse.m2e.core.internal.Bundles - getClasspathEntries(Bundle=com.google.guava_33.4.8.jre [1028])
2025-10-06 10:41:47,470 [Worker-61: Launching lostAndFoundApplication (14)] INFO  o.eclipse.m2e.core.internal.Bundles - 	Entry: C:\Users\Dhaswan\.p2\pool\plugins\com.google.guava_33.4.8.jre.jar
2025-10-06 10:41:47,470 [Worker-61: Launching lostAndFoundApplication (14)] INFO  o.eclipse.m2e.core.internal.Bundles - getClasspathEntries(Bundle=slf4j.api_2.0.17 [1112])
2025-10-06 10:41:47,470 [Worker-61: Launching lostAndFoundApplication (14)] INFO  o.eclipse.m2e.core.internal.Bundles - 	Entry: C:\Users\Dhaswan\.p2\pool\plugins\slf4j.api_2.0.17.jar
2025-10-06 10:41:47,470 [Worker-61: Launching lostAndFoundApplication (14)] INFO  o.eclipse.m2e.core.internal.Bundles - getClasspathEntries(Bundle=jakarta.inject.jakarta.inject-api_1.0.5 [34])
2025-10-06 10:41:47,470 [Worker-61: Launching lostAndFoundApplication (14)] INFO  o.eclipse.m2e.core.internal.Bundles - 	Entry: C:\Users\Dhaswan\.p2\pool\plugins\jakarta.inject.jakarta.inject-api_1.0.5.jar
2025-10-06 10:41:47,470 [Worker-61: Launching lostAndFoundApplication (14)] INFO  o.eclipse.m2e.core.internal.Bundles - getClasspathEntries(Bundle=jakarta.annotation-api_1.3.5 [29])
2025-10-06 10:41:47,471 [Worker-61: Launching lostAndFoundApplication (14)] INFO  o.eclipse.m2e.core.internal.Bundles - 	Entry: C:\Users\Dhaswan\.p2\pool\plugins\jakarta.annotation-api_1.3.5.jar
2025-10-06 10:41:47,471 [Worker-61: Launching lostAndFoundApplication (14)] INFO  o.eclipse.m2e.core.internal.Bundles - getClasspathEntries(Bundle=org.apache.commons.cli_1.9.0 [78])
2025-10-06 10:41:47,471 [Worker-61: Launching lostAndFoundApplication (14)] INFO  o.eclipse.m2e.core.internal.Bundles - 	Entry: C:\Users\Dhaswan\.p2\pool\plugins\org.apache.commons.cli_1.9.0.jar
2025-10-06 10:41:47,471 [Worker-61: Launching lostAndFoundApplication (14)] INFO  o.eclipse.m2e.core.internal.Bundles - getClasspathEntries(Bundle=org.apache.commons.commons-codec_1.16.0 [81])
2025-10-06 10:41:47,472 [Worker-61: Launching lostAndFoundApplication (14)] INFO  o.eclipse.m2e.core.internal.Bundles - 	Entry: C:\Users\Dhaswan\.p2\pool\plugins\org.apache.commons.commons-codec_1.16.0.jar
2025-10-06 10:41:47,472 [Worker-61: Launching lostAndFoundApplication (14)] INFO  o.eclipse.m2e.core.internal.Bundles - getClasspathEntries(Bundle=com.google.guava.failureaccess_1.0.3 [1029])
2025-10-06 10:41:47,473 [Worker-61: Launching lostAndFoundApplication (14)] INFO  o.eclipse.m2e.core.internal.Bundles - 	Entry: C:\Users\Dhaswan\.p2\pool\plugins\com.google.guava.failureaccess_1.0.3.jar
2025-10-06 10:41:47,475 [Worker-61: Launching lostAndFoundApplication (14)] INFO  o.e.m.i.launch.MavenLaunchDelegate - Run build in "S:\InfosysProject\CampusManagement\lostAndFoundApplication":
2025-10-06 10:41:47,475 [Worker-61: Launching lostAndFoundApplication (14)] INFO  o.e.m.i.launch.MavenLaunchDelegate -  mvn  -Ppom.xml -B -Dstyle.color=always clean install
2025-10-06 10:52:08,000 [Worker-67: Building] INFO  o.a.m.s.f.DefaultMavenResourcesFiltering - Copying 1 resource from src\main\resources to target\classes
2025-10-06 10:52:08,062 [Worker-67: Building] INFO  o.a.m.s.f.DefaultMavenResourcesFiltering - Copying 0 resource from src\main\resources to target\classes
2025-10-06 10:52:08,067 [Worker-67: Building] INFO  o.a.m.s.f.DefaultMavenResourcesFiltering - skip non existing resourceDirectory S:\InfosysProject\CampusManagement\lostAndFoundApplication\src\test\resources
2025-10-06 19:46:15,513 [Worker-7: Loading available Gradle versions] INFO  o.e.b.c.i.u.g.PublishedGradleVersions - Gradle version information cache is up-to-date. Trying to read.
2025-10-06 20:18:33,064 [Worker-43: Building] INFO  o.a.m.s.f.DefaultMavenResourcesFiltering - Copying 1 resource from src\main\resources to target\classes
2025-10-06 20:18:33,176 [Worker-43: Building] INFO  o.a.m.s.f.DefaultMavenResourcesFiltering - Copying 0 resource from src\main\resources to target\classes
2025-10-06 20:18:33,189 [Worker-43: Building] INFO  o.a.m.s.f.DefaultMavenResourcesFiltering - skip non existing resourceDirectory S:\InfosysProject\CampusManagement\lostAndFoundApplication\src\test\resources
2025-10-06 20:18:55,874 [Worker-49: Building] INFO  o.a.m.s.f.DefaultMavenResourcesFiltering - Copying 1 resource from src\main\resources to target\classes
2025-10-06 20:18:55,888 [Worker-49: Building] INFO  o.a.m.s.f.DefaultMavenResourcesFiltering - Copying 0 resource from src\main\resources to target\classes
2025-10-06 20:18:55,890 [Worker-49: Building] INFO  o.a.m.s.f.DefaultMavenResourcesFiltering - skip non existing resourceDirectory S:\InfosysProject\CampusManagement\lostAndFoundApplication\src\test\resources
2025-10-06 20:26:00,114 [Worker-51: Updating Maven Project] INFO  o.e.m.c.i.p.ProjectConfigurationManager - Update started
2025-10-06 20:26:01,712 [Worker-51: Updating Maven Project] INFO  o.e.m.c.i.l.LifecycleMappingFactory - Using org.eclipse.m2e.jdt.JarLifecycleMapping lifecycle mapping for MavenProject: edu.infosys:lostAndFoundApplication:0.0.1-SNAPSHOT @ S:\InfosysProject\CampusManagement\lostAndFoundApplication\pom.xml.
2025-10-06 20:26:03,303 [Worker-51: Updating Maven Project] INFO  o.e.m.j.i.AbstractJavaProjectConfigurator - Adding source folder /lostAndFoundApplication/src/main/java
2025-10-06 20:26:03,308 [Worker-51: Updating Maven Project] INFO  o.e.m.j.i.AbstractJavaProjectConfigurator - Adding resource folder /lostAndFoundApplication/src/main/resources
2025-10-06 20:26:03,310 [Worker-51: Updating Maven Project] INFO  o.e.m.j.i.AbstractJavaProjectConfigurator - Adding resource folder /lostAndFoundApplication/src/main/resources
2025-10-06 20:26:03,311 [Worker-51: Updating Maven Project] INFO  o.e.m.j.i.AbstractJavaProjectConfigurator - Adding source folder /lostAndFoundApplication/src/test/java
2025-10-06 20:26:03,312 [Worker-51: Updating Maven Project] INFO  o.e.m.j.i.AbstractJavaProjectConfigurator - Adding resource folder /lostAndFoundApplication/src/test/resources
2025-10-06 20:26:03,832 [Worker-51: Updating Maven Project] INFO  o.e.m.c.i.p.ProjectConfigurationManager - Update completed for 1 poms: local refresh takes 0.00 sec, refresh facades takes 2.00 sec, update config takes 0.00 sec 
2025-10-06 20:26:04,404 [Worker-51: Building] INFO  o.a.m.s.f.DefaultMavenResourcesFiltering - Copying 1 resource from src\main\resources to target\classes
2025-10-06 20:26:04,426 [Worker-51: Building] INFO  o.a.m.s.f.DefaultMavenResourcesFiltering - Copying 0 resource from src\main\resources to target\classes
2025-10-06 20:26:04,432 [Worker-51: Building] INFO  o.a.m.s.f.DefaultMavenResourcesFiltering - skip non existing resourceDirectory S:\InfosysProject\CampusManagement\lostAndFoundApplication\src\test\resources
2025-10-06 20:26:22,946 [main] INFO  o.e.m2e.actions.ExecutePomAction - Creating new launch configuration
2025-10-06 20:26:32,217 [Worker-52: Launching lostAndFoundApplication (15)] INFO  o.eclipse.m2e.core.internal.Bundles - getClasspathEntries(Bundle=org.eclipse.m2e.maven.runtime_3.9.900.20240824-1409 [640])
2025-10-06 20:26:32,222 [Worker-52: Launching lostAndFoundApplication (15)] INFO  o.eclipse.m2e.core.internal.Bundles - 	Entry: C:\Users\Dhaswan\.p2\pool\plugins\org.eclipse.m2e.maven.runtime_3.9.900.20240824-1409
2025-10-06 20:26:32,222 [Worker-52: Launching lostAndFoundApplication (15)] INFO  o.eclipse.m2e.core.internal.Bundles - 	Entry: C:\Users\Dhaswan\.p2\pool\plugins\org.eclipse.m2e.maven.runtime_3.9.900.20240824-1409\jars\aopalliance-1.0.jar
2025-10-06 20:26:32,222 [Worker-52: Launching lostAndFoundApplication (15)] INFO  o.eclipse.m2e.core.internal.Bundles - 	Entry: C:\Users\Dhaswan\.p2\pool\plugins\org.eclipse.m2e.maven.runtime_3.9.900.20240824-1409\jars\guice-5.1.0.jar
2025-10-06 20:26:32,223 [Worker-52: Launching lostAndFoundApplication (15)] INFO  o.eclipse.m2e.core.internal.Bundles - 	Entry: C:\Users\Dhaswan\.p2\pool\plugins\org.eclipse.m2e.maven.runtime_3.9.900.20240824-1409\jars\httpclient-4.5.14.jar
2025-10-06 20:26:32,223 [Worker-52: Launching lostAndFoundApplication (15)] INFO  o.eclipse.m2e.core.internal.Bundles - 	Entry: C:\Users\Dhaswan\.p2\pool\plugins\org.eclipse.m2e.maven.runtime_3.9.900.20240824-1409\jars\httpcore-4.4.16.jar
2025-10-06 20:26:32,223 [Worker-52: Launching lostAndFoundApplication (15)] INFO  o.eclipse.m2e.core.internal.Bundles - 	Entry: C:\Users\Dhaswan\.p2\pool\plugins\org.eclipse.m2e.maven.runtime_3.9.900.20240824-1409\jars\jansi-2.4.1.jar
2025-10-06 20:26:32,223 [Worker-52: Launching lostAndFoundApplication (15)] INFO  o.eclipse.m2e.core.internal.Bundles - 	Entry: C:\Users\Dhaswan\.p2\pool\plugins\org.eclipse.m2e.maven.runtime_3.9.900.20240824-1409\jars\jcl-over-slf4j-1.7.36.jar
2025-10-06 20:26:32,224 [Worker-52: Launching lostAndFoundApplication (15)] INFO  o.eclipse.m2e.core.internal.Bundles - 	Entry: C:\Users\Dhaswan\.p2\pool\plugins\org.eclipse.m2e.maven.runtime_3.9.900.20240824-1409\jars\maven-artifact-3.9.9.jar
2025-10-06 20:26:32,224 [Worker-52: Launching lostAndFoundApplication (15)] INFO  o.eclipse.m2e.core.internal.Bundles - 	Entry: C:\Users\Dhaswan\.p2\pool\plugins\org.eclipse.m2e.maven.runtime_3.9.900.20240824-1409\jars\maven-builder-support-3.9.9.jar
2025-10-06 20:26:32,224 [Worker-52: Launching lostAndFoundApplication (15)] INFO  o.eclipse.m2e.core.internal.Bundles - 	Entry: C:\Users\Dhaswan\.p2\pool\plugins\org.eclipse.m2e.maven.runtime_3.9.900.20240824-1409\jars\maven-compat-3.9.9.jar
2025-10-06 20:26:32,224 [Worker-52: Launching lostAndFoundApplication (15)] INFO  o.eclipse.m2e.core.internal.Bundles - 	Entry: C:\Users\Dhaswan\.p2\pool\plugins\org.eclipse.m2e.maven.runtime_3.9.900.20240824-1409\jars\maven-core-3.9.9.jar
2025-10-06 20:26:32,224 [Worker-52: Launching lostAndFoundApplication (15)] INFO  o.eclipse.m2e.core.internal.Bundles - 	Entry: C:\Users\Dhaswan\.p2\pool\plugins\org.eclipse.m2e.maven.runtime_3.9.900.20240824-1409\jars\maven-embedder-3.9.9.jar
2025-10-06 20:26:32,224 [Worker-52: Launching lostAndFoundApplication (15)] INFO  o.eclipse.m2e.core.internal.Bundles - 	Entry: C:\Users\Dhaswan\.p2\pool\plugins\org.eclipse.m2e.maven.runtime_3.9.900.20240824-1409\jars\maven-model-3.9.9.jar
2025-10-06 20:26:32,226 [Worker-52: Launching lostAndFoundApplication (15)] INFO  o.eclipse.m2e.core.internal.Bundles - 	Entry: C:\Users\Dhaswan\.p2\pool\plugins\org.eclipse.m2e.maven.runtime_3.9.900.20240824-1409\jars\maven-model-builder-3.9.9.jar
2025-10-06 20:26:32,226 [Worker-52: Launching lostAndFoundApplication (15)] INFO  o.eclipse.m2e.core.internal.Bundles - 	Entry: C:\Users\Dhaswan\.p2\pool\plugins\org.eclipse.m2e.maven.runtime_3.9.900.20240824-1409\jars\maven-plugin-api-3.9.9.jar
2025-10-06 20:26:32,226 [Worker-52: Launching lostAndFoundApplication (15)] INFO  o.eclipse.m2e.core.internal.Bundles - 	Entry: C:\Users\Dhaswan\.p2\pool\plugins\org.eclipse.m2e.maven.runtime_3.9.900.20240824-1409\jars\maven-repository-metadata-3.9.9.jar
2025-10-06 20:26:32,226 [Worker-52: Launching lostAndFoundApplication (15)] INFO  o.eclipse.m2e.core.internal.Bundles - 	Entry: C:\Users\Dhaswan\.p2\pool\plugins\org.eclipse.m2e.maven.runtime_3.9.900.20240824-1409\jars\maven-resolver-api-1.9.22.jar
2025-10-06 20:26:32,227 [Worker-52: Launching lostAndFoundApplication (15)] INFO  o.eclipse.m2e.core.internal.Bundles - 	Entry: C:\Users\Dhaswan\.p2\pool\plugins\org.eclipse.m2e.maven.runtime_3.9.900.20240824-1409\jars\maven-resolver-connector-basic-1.9.22.jar
2025-10-06 20:26:32,227 [Worker-52: Launching lostAndFoundApplication (15)] INFO  o.eclipse.m2e.core.internal.Bundles - 	Entry: C:\Users\Dhaswan\.p2\pool\plugins\org.eclipse.m2e.maven.runtime_3.9.900.20240824-1409\jars\maven-resolver-impl-1.9.22.jar
2025-10-06 20:26:32,228 [Worker-52: Launching lostAndFoundApplication (15)] INFO  o.eclipse.m2e.core.internal.Bundles - 	Entry: C:\Users\Dhaswan\.p2\pool\plugins\org.eclipse.m2e.maven.runtime_3.9.900.20240824-1409\jars\maven-resolver-named-locks-1.9.22.jar
2025-10-06 20:26:32,228 [Worker-52: Launching lostAndFoundApplication (15)] INFO  o.eclipse.m2e.core.internal.Bundles - 	Entry: C:\Users\Dhaswan\.p2\pool\plugins\org.eclipse.m2e.maven.runtime_3.9.900.20240824-1409\jars\maven-resolver-provider-3.9.9.jar
2025-10-06 20:26:32,229 [Worker-52: Launching lostAndFoundApplication (15)] INFO  o.eclipse.m2e.core.internal.Bundles - 	Entry: C:\Users\Dhaswan\.p2\pool\plugins\org.eclipse.m2e.maven.runtime_3.9.900.20240824-1409\jars\maven-resolver-spi-1.9.22.jar
2025-10-06 20:26:32,229 [Worker-52: Launching lostAndFoundApplication (15)] INFO  o.eclipse.m2e.core.internal.Bundles - 	Entry: C:\Users\Dhaswan\.p2\pool\plugins\org.eclipse.m2e.maven.runtime_3.9.900.20240824-1409\jars\maven-resolver-transport-file-1.9.22.jar
2025-10-06 20:26:32,230 [Worker-52: Launching lostAndFoundApplication (15)] INFO  o.eclipse.m2e.core.internal.Bundles - 	Entry: C:\Users\Dhaswan\.p2\pool\plugins\org.eclipse.m2e.maven.runtime_3.9.900.20240824-1409\jars\maven-resolver-transport-http-1.9.22.jar
2025-10-06 20:26:32,230 [Worker-52: Launching lostAndFoundApplication (15)] INFO  o.eclipse.m2e.core.internal.Bundles - 	Entry: C:\Users\Dhaswan\.p2\pool\plugins\org.eclipse.m2e.maven.runtime_3.9.900.20240824-1409\jars\maven-resolver-transport-wagon-1.9.22.jar
2025-10-06 20:26:32,230 [Worker-52: Launching lostAndFoundApplication (15)] INFO  o.eclipse.m2e.core.internal.Bundles - 	Entry: C:\Users\Dhaswan\.p2\pool\plugins\org.eclipse.m2e.maven.runtime_3.9.900.20240824-1409\jars\maven-resolver-util-1.9.22.jar
2025-10-06 20:26:32,230 [Worker-52: Launching lostAndFoundApplication (15)] INFO  o.eclipse.m2e.core.internal.Bundles - 	Entry: C:\Users\Dhaswan\.p2\pool\plugins\org.eclipse.m2e.maven.runtime_3.9.900.20240824-1409\jars\maven-settings-3.9.9.jar
2025-10-06 20:26:32,230 [Worker-52: Launching lostAndFoundApplication (15)] INFO  o.eclipse.m2e.core.internal.Bundles - 	Entry: C:\Users\Dhaswan\.p2\pool\plugins\org.eclipse.m2e.maven.runtime_3.9.900.20240824-1409\jars\maven-settings-builder-3.9.9.jar
2025-10-06 20:26:32,230 [Worker-52: Launching lostAndFoundApplication (15)] INFO  o.eclipse.m2e.core.internal.Bundles - 	Entry: C:\Users\Dhaswan\.p2\pool\plugins\org.eclipse.m2e.maven.runtime_3.9.900.20240824-1409\jars\maven-shared-utils-3.4.2.jar
2025-10-06 20:26:32,230 [Worker-52: Launching lostAndFoundApplication (15)] INFO  o.eclipse.m2e.core.internal.Bundles - 	Entry: C:\Users\Dhaswan\.p2\pool\plugins\org.eclipse.m2e.maven.runtime_3.9.900.20240824-1409\jars\org.eclipse.sisu.inject-0.9.0.M3.jar
2025-10-06 20:26:32,232 [Worker-52: Launching lostAndFoundApplication (15)] INFO  o.eclipse.m2e.core.internal.Bundles - 	Entry: C:\Users\Dhaswan\.p2\pool\plugins\org.eclipse.m2e.maven.runtime_3.9.900.20240824-1409\jars\org.eclipse.sisu.plexus-0.9.0.M3.jar
2025-10-06 20:26:32,232 [Worker-52: Launching lostAndFoundApplication (15)] INFO  o.eclipse.m2e.core.internal.Bundles - 	Entry: C:\Users\Dhaswan\.p2\pool\plugins\org.eclipse.m2e.maven.runtime_3.9.900.20240824-1409\jars\plexus-build-api-0.0.7.jar
2025-10-06 20:26:32,232 [Worker-52: Launching lostAndFoundApplication (15)] INFO  o.eclipse.m2e.core.internal.Bundles - 	Entry: C:\Users\Dhaswan\.p2\pool\plugins\org.eclipse.m2e.maven.runtime_3.9.900.20240824-1409\jars\plexus-build-api-1.2.0.jar
2025-10-06 20:26:32,232 [Worker-52: Launching lostAndFoundApplication (15)] INFO  o.eclipse.m2e.core.internal.Bundles - 	Entry: C:\Users\Dhaswan\.p2\pool\plugins\org.eclipse.m2e.maven.runtime_3.9.900.20240824-1409\jars\plexus-cipher-2.0.jar
2025-10-06 20:26:32,232 [Worker-52: Launching lostAndFoundApplication (15)] INFO  o.eclipse.m2e.core.internal.Bundles - 	Entry: C:\Users\Dhaswan\.p2\pool\plugins\org.eclipse.m2e.maven.runtime_3.9.900.20240824-1409\jars\plexus-classworlds-2.8.0.jar
2025-10-06 20:26:32,233 [Worker-52: Launching lostAndFoundApplication (15)] INFO  o.eclipse.m2e.core.internal.Bundles - 	Entry: C:\Users\Dhaswan\.p2\pool\plugins\org.eclipse.m2e.maven.runtime_3.9.900.20240824-1409\jars\plexus-component-annotations-2.1.0.jar
2025-10-06 20:26:32,233 [Worker-52: Launching lostAndFoundApplication (15)] INFO  o.eclipse.m2e.core.internal.Bundles - 	Entry: C:\Users\Dhaswan\.p2\pool\plugins\org.eclipse.m2e.maven.runtime_3.9.900.20240824-1409\jars\plexus-interpolation-1.27.jar
2025-10-06 20:26:32,233 [Worker-52: Launching lostAndFoundApplication (15)] INFO  o.eclipse.m2e.core.internal.Bundles - 	Entry: C:\Users\Dhaswan\.p2\pool\plugins\org.eclipse.m2e.maven.runtime_3.9.900.20240824-1409\jars\plexus-sec-dispatcher-2.0.jar
2025-10-06 20:26:32,233 [Worker-52: Launching lostAndFoundApplication (15)] INFO  o.eclipse.m2e.core.internal.Bundles - 	Entry: C:\Users\Dhaswan\.p2\pool\plugins\org.eclipse.m2e.maven.runtime_3.9.900.20240824-1409\jars\plexus-utils-3.5.1.jar
2025-10-06 20:26:32,233 [Worker-52: Launching lostAndFoundApplication (15)] INFO  o.eclipse.m2e.core.internal.Bundles - 	Entry: C:\Users\Dhaswan\.p2\pool\plugins\org.eclipse.m2e.maven.runtime_3.9.900.20240824-1409\jars\plexus-xml-3.0.1.jar
2025-10-06 20:26:32,233 [Worker-52: Launching lostAndFoundApplication (15)] INFO  o.eclipse.m2e.core.internal.Bundles - 	Entry: C:\Users\Dhaswan\.p2\pool\plugins\org.eclipse.m2e.maven.runtime_3.9.900.20240824-1409\jars\wagon-file-3.5.3.jar
2025-10-06 20:26:32,233 [Worker-52: Launching lostAndFoundApplication (15)] INFO  o.eclipse.m2e.core.internal.Bundles - 	Entry: C:\Users\Dhaswan\.p2\pool\plugins\org.eclipse.m2e.maven.runtime_3.9.900.20240824-1409\jars\wagon-http-3.5.3.jar
2025-10-06 20:26:32,233 [Worker-52: Launching lostAndFoundApplication (15)] INFO  o.eclipse.m2e.core.internal.Bundles - 	Entry: C:\Users\Dhaswan\.p2\pool\plugins\org.eclipse.m2e.maven.runtime_3.9.900.20240824-1409\jars\wagon-http-shared-3.5.3.jar
2025-10-06 20:26:32,235 [Worker-52: Launching lostAndFoundApplication (15)] INFO  o.eclipse.m2e.core.internal.Bundles - 	Entry: C:\Users\Dhaswan\.p2\pool\plugins\org.eclipse.m2e.maven.runtime_3.9.900.20240824-1409\jars\wagon-provider-api-3.5.3.jar
2025-10-06 20:26:32,236 [Worker-52: Launching lostAndFoundApplication (15)] INFO  o.eclipse.m2e.core.internal.Bundles - getClasspathEntries(Bundle=com.google.guava_33.4.8.jre [1028])
2025-10-06 20:26:32,238 [Worker-52: Launching lostAndFoundApplication (15)] INFO  o.eclipse.m2e.core.internal.Bundles - 	Entry: C:\Users\Dhaswan\.p2\pool\plugins\com.google.guava_33.4.8.jre.jar
2025-10-06 20:26:32,238 [Worker-52: Launching lostAndFoundApplication (15)] INFO  o.eclipse.m2e.core.internal.Bundles - getClasspathEntries(Bundle=slf4j.api_2.0.17 [1112])
2025-10-06 20:26:32,240 [Worker-52: Launching lostAndFoundApplication (15)] INFO  o.eclipse.m2e.core.internal.Bundles - 	Entry: C:\Users\Dhaswan\.p2\pool\plugins\slf4j.api_2.0.17.jar
2025-10-06 20:26:32,240 [Worker-52: Launching lostAndFoundApplication (15)] INFO  o.eclipse.m2e.core.internal.Bundles - getClasspathEntries(Bundle=jakarta.inject.jakarta.inject-api_1.0.5 [34])
2025-10-06 20:26:32,241 [Worker-52: Launching lostAndFoundApplication (15)] INFO  o.eclipse.m2e.core.internal.Bundles - 	Entry: C:\Users\Dhaswan\.p2\pool\plugins\jakarta.inject.jakarta.inject-api_1.0.5.jar
2025-10-06 20:26:32,241 [Worker-52: Launching lostAndFoundApplication (15)] INFO  o.eclipse.m2e.core.internal.Bundles - getClasspathEntries(Bundle=jakarta.annotation-api_1.3.5 [29])
2025-10-06 20:26:32,242 [Worker-52: Launching lostAndFoundApplication (15)] INFO  o.eclipse.m2e.core.internal.Bundles - 	Entry: C:\Users\Dhaswan\.p2\pool\plugins\jakarta.annotation-api_1.3.5.jar
2025-10-06 20:26:32,242 [Worker-52: Launching lostAndFoundApplication (15)] INFO  o.eclipse.m2e.core.internal.Bundles - getClasspathEntries(Bundle=org.apache.commons.cli_1.9.0 [78])
2025-10-06 20:26:32,243 [Worker-52: Launching lostAndFoundApplication (15)] INFO  o.eclipse.m2e.core.internal.Bundles - 	Entry: C:\Users\Dhaswan\.p2\pool\plugins\org.apache.commons.cli_1.9.0.jar
2025-10-06 20:26:32,243 [Worker-52: Launching lostAndFoundApplication (15)] INFO  o.eclipse.m2e.core.internal.Bundles - getClasspathEntries(Bundle=org.apache.commons.commons-codec_1.16.0 [81])
2025-10-06 20:26:32,243 [Worker-52: Launching lostAndFoundApplication (15)] INFO  o.eclipse.m2e.core.internal.Bundles - 	Entry: C:\Users\Dhaswan\.p2\pool\plugins\org.apache.commons.commons-codec_1.16.0.jar
2025-10-06 20:26:32,243 [Worker-52: Launching lostAndFoundApplication (15)] INFO  o.eclipse.m2e.core.internal.Bundles - getClasspathEntries(Bundle=com.google.guava.failureaccess_1.0.3 [1029])
2025-10-06 20:26:32,244 [Worker-52: Launching lostAndFoundApplication (15)] INFO  o.eclipse.m2e.core.internal.Bundles - 	Entry: C:\Users\Dhaswan\.p2\pool\plugins\com.google.guava.failureaccess_1.0.3.jar
2025-10-06 20:26:32,246 [Worker-52: Launching lostAndFoundApplication (15)] INFO  o.e.m.i.launch.MavenLaunchDelegate - Run build in "S:\InfosysProject\CampusManagement\lostAndFoundApplication":
2025-10-06 20:26:32,248 [Worker-52: Launching lostAndFoundApplication (15)] INFO  o.e.m.i.launch.MavenLaunchDelegate -  mvn  -Ppom.xml -B -Dstyle.color=always clean install
2025-10-07 19:48:12,653 [Worker-5: Loading available Gradle versions] INFO  o.e.b.c.i.u.g.PublishedGradleVersions - Gradle version information cache is out-of-date. Trying to update.
2025-10-08 19:29:03,970 [Worker-6: Loading available Gradle versions] INFO  o.e.b.c.i.u.g.PublishedGradleVersions - Gradle version information cache is up-to-date. Trying to read.
2025-10-08 19:29:08,223 [Worker-6: Building] INFO  o.a.m.s.f.DefaultMavenResourcesFiltering - Copying 1 resource from src\main\resources to target\classes
2025-10-08 19:29:08,264 [Worker-6: Building] INFO  o.a.m.s.f.DefaultMavenResourcesFiltering - Copying 0 resource from src\main\resources to target\classes
2025-10-08 19:29:08,270 [Worker-6: Building] INFO  o.a.m.s.f.DefaultMavenResourcesFiltering - skip non existing resourceDirectory S:\InfosysProject\CampusManagement\lostAndFoundApplication\src\test\resources
2025-10-08 19:29:27,267 [Worker-8: Building] INFO  o.a.m.s.f.DefaultMavenResourcesFiltering - Copying 1 resource from src\main\resources to target\classes
2025-10-08 19:29:27,279 [Worker-8: Building] INFO  o.a.m.s.f.DefaultMavenResourcesFiltering - Copying 0 resource from src\main\resources to target\classes
2025-10-08 19:29:27,283 [Worker-8: Building] INFO  o.a.m.s.f.DefaultMavenResourcesFiltering - skip non existing resourceDirectory S:\InfosysProject\CampusManagement\lostAndFoundApplication\src\test\resources
2025-10-08 19:29:48,544 [Worker-1: Updating Maven Project] INFO  o.e.m.c.i.p.ProjectConfigurationManager - Update started
2025-10-08 19:29:49,677 [Worker-1: Updating Maven Project] INFO  o.e.m.c.i.l.LifecycleMappingFactory - Using org.eclipse.m2e.jdt.JarLifecycleMapping lifecycle mapping for MavenProject: edu.infosys:lostAndFoundApplication:0.0.1-SNAPSHOT @ S:\InfosysProject\CampusManagement\lostAndFoundApplication\pom.xml.
2025-10-08 19:29:50,654 [Worker-1: Updating Maven Project] INFO  o.e.m.j.i.AbstractJavaProjectConfigurator - Adding source folder /lostAndFoundApplication/src/main/java
2025-10-08 19:29:50,657 [Worker-1: Updating Maven Project] INFO  o.e.m.j.i.AbstractJavaProjectConfigurator - Adding resource folder /lostAndFoundApplication/src/main/resources
2025-10-08 19:29:50,658 [Worker-1: Updating Maven Project] INFO  o.e.m.j.i.AbstractJavaProjectConfigurator - Adding resource folder /lostAndFoundApplication/src/main/resources
2025-10-08 19:29:50,659 [Worker-1: Updating Maven Project] INFO  o.e.m.j.i.AbstractJavaProjectConfigurator - Adding source folder /lostAndFoundApplication/src/test/java
2025-10-08 19:29:50,661 [Worker-1: Updating Maven Project] INFO  o.e.m.j.i.AbstractJavaProjectConfigurator - Adding resource folder /lostAndFoundApplication/src/test/resources
2025-10-08 19:29:51,026 [Worker-1: Updating Maven Project] INFO  o.e.m.c.i.p.ProjectConfigurationManager - Update completed for 1 poms: local refresh takes 0.00 sec, refresh facades takes 1.00 sec, update config takes 0.00 sec 
2025-10-08 19:29:51,453 [Worker-23: Building] INFO  o.a.m.s.f.DefaultMavenResourcesFiltering - Copying 1 resource from src\main\resources to target\classes
2025-10-08 19:29:51,476 [Worker-23: Building] INFO  o.a.m.s.f.DefaultMavenResourcesFiltering - Copying 0 resource from src\main\resources to target\classes
2025-10-08 19:29:51,480 [Worker-23: Building] INFO  o.a.m.s.f.DefaultMavenResourcesFiltering - skip non existing resourceDirectory S:\InfosysProject\CampusManagement\lostAndFoundApplication\src\test\resources
2025-10-08 19:30:38,431 [main] INFO  o.e.m2e.actions.ExecutePomAction - Creating new launch configuration
2025-10-08 19:30:50,080 [Worker-17: Launching lostAndFoundApplication (16)] INFO  o.eclipse.m2e.core.internal.Bundles - getClasspathEntries(Bundle=org.eclipse.m2e.maven.runtime_3.9.900.20240824-1409 [640])
2025-10-08 19:30:50,082 [Worker-17: Launching lostAndFoundApplication (16)] INFO  o.eclipse.m2e.core.internal.Bundles - 	Entry: C:\Users\Dhaswan\.p2\pool\plugins\org.eclipse.m2e.maven.runtime_3.9.900.20240824-1409
2025-10-08 19:30:50,083 [Worker-17: Launching lostAndFoundApplication (16)] INFO  o.eclipse.m2e.core.internal.Bundles - 	Entry: C:\Users\Dhaswan\.p2\pool\plugins\org.eclipse.m2e.maven.runtime_3.9.900.20240824-1409\jars\aopalliance-1.0.jar
2025-10-08 19:30:50,083 [Worker-17: Launching lostAndFoundApplication (16)] INFO  o.eclipse.m2e.core.internal.Bundles - 	Entry: C:\Users\Dhaswan\.p2\pool\plugins\org.eclipse.m2e.maven.runtime_3.9.900.20240824-1409\jars\guice-5.1.0.jar
2025-10-08 19:30:50,083 [Worker-17: Launching lostAndFoundApplication (16)] INFO  o.eclipse.m2e.core.internal.Bundles - 	Entry: C:\Users\Dhaswan\.p2\pool\plugins\org.eclipse.m2e.maven.runtime_3.9.900.20240824-1409\jars\httpclient-4.5.14.jar
2025-10-08 19:30:50,083 [Worker-17: Launching lostAndFoundApplication (16)] INFO  o.eclipse.m2e.core.internal.Bundles - 	Entry: C:\Users\Dhaswan\.p2\pool\plugins\org.eclipse.m2e.maven.runtime_3.9.900.20240824-1409\jars\httpcore-4.4.16.jar
2025-10-08 19:30:50,083 [Worker-17: Launching lostAndFoundApplication (16)] INFO  o.eclipse.m2e.core.internal.Bundles - 	Entry: C:\Users\Dhaswan\.p2\pool\plugins\org.eclipse.m2e.maven.runtime_3.9.900.20240824-1409\jars\jansi-2.4.1.jar
2025-10-08 19:30:50,083 [Worker-17: Launching lostAndFoundApplication (16)] INFO  o.eclipse.m2e.core.internal.Bundles - 	Entry: C:\Users\Dhaswan\.p2\pool\plugins\org.eclipse.m2e.maven.runtime_3.9.900.20240824-1409\jars\jcl-over-slf4j-1.7.36.jar
2025-10-08 19:30:50,083 [Worker-17: Launching lostAndFoundApplication (16)] INFO  o.eclipse.m2e.core.internal.Bundles - 	Entry: C:\Users\Dhaswan\.p2\pool\plugins\org.eclipse.m2e.maven.runtime_3.9.900.20240824-1409\jars\maven-artifact-3.9.9.jar
2025-10-08 19:30:50,084 [Worker-17: Launching lostAndFoundApplication (16)] INFO  o.eclipse.m2e.core.internal.Bundles - 	Entry: C:\Users\Dhaswan\.p2\pool\plugins\org.eclipse.m2e.maven.runtime_3.9.900.20240824-1409\jars\maven-builder-support-3.9.9.jar
2025-10-08 19:30:50,084 [Worker-17: Launching lostAndFoundApplication (16)] INFO  o.eclipse.m2e.core.internal.Bundles - 	Entry: C:\Users\Dhaswan\.p2\pool\plugins\org.eclipse.m2e.maven.runtime_3.9.900.20240824-1409\jars\maven-compat-3.9.9.jar
2025-10-08 19:30:50,084 [Worker-17: Launching lostAndFoundApplication (16)] INFO  o.eclipse.m2e.core.internal.Bundles - 	Entry: C:\Users\Dhaswan\.p2\pool\plugins\org.eclipse.m2e.maven.runtime_3.9.900.20240824-1409\jars\maven-core-3.9.9.jar
2025-10-08 19:30:50,084 [Worker-17: Launching lostAndFoundApplication (16)] INFO  o.eclipse.m2e.core.internal.Bundles - 	Entry: C:\Users\Dhaswan\.p2\pool\plugins\org.eclipse.m2e.maven.runtime_3.9.900.20240824-1409\jars\maven-embedder-3.9.9.jar
2025-10-08 19:30:50,084 [Worker-17: Launching lostAndFoundApplication (16)] INFO  o.eclipse.m2e.core.internal.Bundles - 	Entry: C:\Users\Dhaswan\.p2\pool\plugins\org.eclipse.m2e.maven.runtime_3.9.900.20240824-1409\jars\maven-model-3.9.9.jar
2025-10-08 19:30:50,084 [Worker-17: Launching lostAndFoundApplication (16)] INFO  o.eclipse.m2e.core.internal.Bundles - 	Entry: C:\Users\Dhaswan\.p2\pool\plugins\org.eclipse.m2e.maven.runtime_3.9.900.20240824-1409\jars\maven-model-builder-3.9.9.jar
2025-10-08 19:30:50,084 [Worker-17: Launching lostAndFoundApplication (16)] INFO  o.eclipse.m2e.core.internal.Bundles - 	Entry: C:\Users\Dhaswan\.p2\pool\plugins\org.eclipse.m2e.maven.runtime_3.9.900.20240824-1409\jars\maven-plugin-api-3.9.9.jar
2025-10-08 19:30:50,085 [Worker-17: Launching lostAndFoundApplication (16)] INFO  o.eclipse.m2e.core.internal.Bundles - 	Entry: C:\Users\Dhaswan\.p2\pool\plugins\org.eclipse.m2e.maven.runtime_3.9.900.20240824-1409\jars\maven-repository-metadata-3.9.9.jar
2025-10-08 19:30:50,085 [Worker-17: Launching lostAndFoundApplication (16)] INFO  o.eclipse.m2e.core.internal.Bundles - 	Entry: C:\Users\Dhaswan\.p2\pool\plugins\org.eclipse.m2e.maven.runtime_3.9.900.20240824-1409\jars\maven-resolver-api-1.9.22.jar
2025-10-08 19:30:50,085 [Worker-17: Launching lostAndFoundApplication (16)] INFO  o.eclipse.m2e.core.internal.Bundles - 	Entry: C:\Users\Dhaswan\.p2\pool\plugins\org.eclipse.m2e.maven.runtime_3.9.900.20240824-1409\jars\maven-resolver-connector-basic-1.9.22.jar
2025-10-08 19:30:50,085 [Worker-17: Launching lostAndFoundApplication (16)] INFO  o.eclipse.m2e.core.internal.Bundles - 	Entry: C:\Users\Dhaswan\.p2\pool\plugins\org.eclipse.m2e.maven.runtime_3.9.900.20240824-1409\jars\maven-resolver-impl-1.9.22.jar
2025-10-08 19:30:50,085 [Worker-17: Launching lostAndFoundApplication (16)] INFO  o.eclipse.m2e.core.internal.Bundles - 	Entry: C:\Users\Dhaswan\.p2\pool\plugins\org.eclipse.m2e.maven.runtime_3.9.900.20240824-1409\jars\maven-resolver-named-locks-1.9.22.jar
2025-10-08 19:30:50,085 [Worker-17: Launching lostAndFoundApplication (16)] INFO  o.eclipse.m2e.core.internal.Bundles - 	Entry: C:\Users\Dhaswan\.p2\pool\plugins\org.eclipse.m2e.maven.runtime_3.9.900.20240824-1409\jars\maven-resolver-provider-3.9.9.jar
2025-10-08 19:30:50,085 [Worker-17: Launching lostAndFoundApplication (16)] INFO  o.eclipse.m2e.core.internal.Bundles - 	Entry: C:\Users\Dhaswan\.p2\pool\plugins\org.eclipse.m2e.maven.runtime_3.9.900.20240824-1409\jars\maven-resolver-spi-1.9.22.jar
2025-10-08 19:30:50,086 [Worker-17: Launching lostAndFoundApplication (16)] INFO  o.eclipse.m2e.core.internal.Bundles - 	Entry: C:\Users\Dhaswan\.p2\pool\plugins\org.eclipse.m2e.maven.runtime_3.9.900.20240824-1409\jars\maven-resolver-transport-file-1.9.22.jar
2025-10-08 19:30:50,086 [Worker-17: Launching lostAndFoundApplication (16)] INFO  o.eclipse.m2e.core.internal.Bundles - 	Entry: C:\Users\Dhaswan\.p2\pool\plugins\org.eclipse.m2e.maven.runtime_3.9.900.20240824-1409\jars\maven-resolver-transport-http-1.9.22.jar
2025-10-08 19:30:50,086 [Worker-17: Launching lostAndFoundApplication (16)] INFO  o.eclipse.m2e.core.internal.Bundles - 	Entry: C:\Users\Dhaswan\.p2\pool\plugins\org.eclipse.m2e.maven.runtime_3.9.900.20240824-1409\jars\maven-resolver-transport-wagon-1.9.22.jar
2025-10-08 19:30:50,086 [Worker-17: Launching lostAndFoundApplication (16)] INFO  o.eclipse.m2e.core.internal.Bundles - 	Entry: C:\Users\Dhaswan\.p2\pool\plugins\org.eclipse.m2e.maven.runtime_3.9.900.20240824-1409\jars\maven-resolver-util-1.9.22.jar
2025-10-08 19:30:50,086 [Worker-17: Launching lostAndFoundApplication (16)] INFO  o.eclipse.m2e.core.internal.Bundles - 	Entry: C:\Users\Dhaswan\.p2\pool\plugins\org.eclipse.m2e.maven.runtime_3.9.900.20240824-1409\jars\maven-settings-3.9.9.jar
2025-10-08 19:30:50,086 [Worker-17: Launching lostAndFoundApplication (16)] INFO  o.eclipse.m2e.core.internal.Bundles - 	Entry: C:\Users\Dhaswan\.p2\pool\plugins\org.eclipse.m2e.maven.runtime_3.9.900.20240824-1409\jars\maven-settings-builder-3.9.9.jar
2025-10-08 19:30:50,086 [Worker-17: Launching lostAndFoundApplication (16)] INFO  o.eclipse.m2e.core.internal.Bundles - 	Entry: C:\Users\Dhaswan\.p2\pool\plugins\org.eclipse.m2e.maven.runtime_3.9.900.20240824-1409\jars\maven-shared-utils-3.4.2.jar
2025-10-08 19:30:50,087 [Worker-17: Launching lostAndFoundApplication (16)] INFO  o.eclipse.m2e.core.internal.Bundles - 	Entry: C:\Users\Dhaswan\.p2\pool\plugins\org.eclipse.m2e.maven.runtime_3.9.900.20240824-1409\jars\org.eclipse.sisu.inject-0.9.0.M3.jar
2025-10-08 19:30:50,087 [Worker-17: Launching lostAndFoundApplication (16)] INFO  o.eclipse.m2e.core.internal.Bundles - 	Entry: C:\Users\Dhaswan\.p2\pool\plugins\org.eclipse.m2e.maven.runtime_3.9.900.20240824-1409\jars\org.eclipse.sisu.plexus-0.9.0.M3.jar
2025-10-08 19:30:50,087 [Worker-17: Launching lostAndFoundApplication (16)] INFO  o.eclipse.m2e.core.internal.Bundles - 	Entry: C:\Users\Dhaswan\.p2\pool\plugins\org.eclipse.m2e.maven.runtime_3.9.900.20240824-1409\jars\plexus-build-api-0.0.7.jar
2025-10-08 19:30:50,087 [Worker-17: Launching lostAndFoundApplication (16)] INFO  o.eclipse.m2e.core.internal.Bundles - 	Entry: C:\Users\Dhaswan\.p2\pool\plugins\org.eclipse.m2e.maven.runtime_3.9.900.20240824-1409\jars\plexus-build-api-1.2.0.jar
2025-10-08 19:30:50,087 [Worker-17: Launching lostAndFoundApplication (16)] INFO  o.eclipse.m2e.core.internal.Bundles - 	Entry: C:\Users\Dhaswan\.p2\pool\plugins\org.eclipse.m2e.maven.runtime_3.9.900.20240824-1409\jars\plexus-cipher-2.0.jar
2025-10-08 19:30:50,087 [Worker-17: Launching lostAndFoundApplication (16)] INFO  o.eclipse.m2e.core.internal.Bundles - 	Entry: C:\Users\Dhaswan\.p2\pool\plugins\org.eclipse.m2e.maven.runtime_3.9.900.20240824-1409\jars\plexus-classworlds-2.8.0.jar
2025-10-08 19:30:50,087 [Worker-17: Launching lostAndFoundApplication (16)] INFO  o.eclipse.m2e.core.internal.Bundles - 	Entry: C:\Users\Dhaswan\.p2\pool\plugins\org.eclipse.m2e.maven.runtime_3.9.900.20240824-1409\jars\plexus-component-annotations-2.1.0.jar
2025-10-08 19:30:50,087 [Worker-17: Launching lostAndFoundApplication (16)] INFO  o.eclipse.m2e.core.internal.Bundles - 	Entry: C:\Users\Dhaswan\.p2\pool\plugins\org.eclipse.m2e.maven.runtime_3.9.900.20240824-1409\jars\plexus-interpolation-1.27.jar
2025-10-08 19:30:50,087 [Worker-17: Launching lostAndFoundApplication (16)] INFO  o.eclipse.m2e.core.internal.Bundles - 	Entry: C:\Users\Dhaswan\.p2\pool\plugins\org.eclipse.m2e.maven.runtime_3.9.900.20240824-1409\jars\plexus-sec-dispatcher-2.0.jar
2025-10-08 19:30:50,087 [Worker-17: Launching lostAndFoundApplication (16)] INFO  o.eclipse.m2e.core.internal.Bundles - 	Entry: C:\Users\Dhaswan\.p2\pool\plugins\org.eclipse.m2e.maven.runtime_3.9.900.20240824-1409\jars\plexus-utils-3.5.1.jar
2025-10-08 19:30:50,088 [Worker-17: Launching lostAndFoundApplication (16)] INFO  o.eclipse.m2e.core.internal.Bundles - 	Entry: C:\Users\Dhaswan\.p2\pool\plugins\org.eclipse.m2e.maven.runtime_3.9.900.20240824-1409\jars\plexus-xml-3.0.1.jar
2025-10-08 19:30:50,088 [Worker-17: Launching lostAndFoundApplication (16)] INFO  o.eclipse.m2e.core.internal.Bundles - 	Entry: C:\Users\Dhaswan\.p2\pool\plugins\org.eclipse.m2e.maven.runtime_3.9.900.20240824-1409\jars\wagon-file-3.5.3.jar
2025-10-08 19:30:50,088 [Worker-17: Launching lostAndFoundApplication (16)] INFO  o.eclipse.m2e.core.internal.Bundles - 	Entry: C:\Users\Dhaswan\.p2\pool\plugins\org.eclipse.m2e.maven.runtime_3.9.900.20240824-1409\jars\wagon-http-3.5.3.jar
2025-10-08 19:30:50,088 [Worker-17: Launching lostAndFoundApplication (16)] INFO  o.eclipse.m2e.core.internal.Bundles - 	Entry: C:\Users\Dhaswan\.p2\pool\plugins\org.eclipse.m2e.maven.runtime_3.9.900.20240824-1409\jars\wagon-http-shared-3.5.3.jar
2025-10-08 19:30:50,088 [Worker-17: Launching lostAndFoundApplication (16)] INFO  o.eclipse.m2e.core.internal.Bundles - 	Entry: C:\Users\Dhaswan\.p2\pool\plugins\org.eclipse.m2e.maven.runtime_3.9.900.20240824-1409\jars\wagon-provider-api-3.5.3.jar
2025-10-08 19:30:50,090 [Worker-17: Launching lostAndFoundApplication (16)] INFO  o.eclipse.m2e.core.internal.Bundles - getClasspathEntries(Bundle=com.google.guava_33.4.8.jre [1028])
2025-10-08 19:30:50,091 [Worker-17: Launching lostAndFoundApplication (16)] INFO  o.eclipse.m2e.core.internal.Bundles - 	Entry: C:\Users\Dhaswan\.p2\pool\plugins\com.google.guava_33.4.8.jre.jar
2025-10-08 19:30:50,091 [Worker-17: Launching lostAndFoundApplication (16)] INFO  o.eclipse.m2e.core.internal.Bundles - getClasspathEntries(Bundle=slf4j.api_2.0.17 [1112])
2025-10-08 19:30:50,091 [Worker-17: Launching lostAndFoundApplication (16)] INFO  o.eclipse.m2e.core.internal.Bundles - 	Entry: C:\Users\Dhaswan\.p2\pool\plugins\slf4j.api_2.0.17.jar
2025-10-08 19:30:50,091 [Worker-17: Launching lostAndFoundApplication (16)] INFO  o.eclipse.m2e.core.internal.Bundles - getClasspathEntries(Bundle=jakarta.inject.jakarta.inject-api_1.0.5 [34])
2025-10-08 19:30:50,091 [Worker-17: Launching lostAndFoundApplication (16)] INFO  o.eclipse.m2e.core.internal.Bundles - 	Entry: C:\Users\Dhaswan\.p2\pool\plugins\jakarta.inject.jakarta.inject-api_1.0.5.jar
2025-10-08 19:30:50,091 [Worker-17: Launching lostAndFoundApplication (16)] INFO  o.eclipse.m2e.core.internal.Bundles - getClasspathEntries(Bundle=jakarta.annotation-api_1.3.5 [29])
2025-10-08 19:30:50,092 [Worker-17: Launching lostAndFoundApplication (16)] INFO  o.eclipse.m2e.core.internal.Bundles - 	Entry: C:\Users\Dhaswan\.p2\pool\plugins\jakarta.annotation-api_1.3.5.jar
2025-10-08 19:30:50,092 [Worker-17: Launching lostAndFoundApplication (16)] INFO  o.eclipse.m2e.core.internal.Bundles - getClasspathEntries(Bundle=org.apache.commons.cli_1.9.0 [78])
2025-10-08 19:30:50,092 [Worker-17: Launching lostAndFoundApplication (16)] INFO  o.eclipse.m2e.core.internal.Bundles - 	Entry: C:\Users\Dhaswan\.p2\pool\plugins\org.apache.commons.cli_1.9.0.jar
2025-10-08 19:30:50,092 [Worker-17: Launching lostAndFoundApplication (16)] INFO  o.eclipse.m2e.core.internal.Bundles - getClasspathEntries(Bundle=org.apache.commons.commons-codec_1.16.0 [81])
2025-10-08 19:30:50,092 [Worker-17: Launching lostAndFoundApplication (16)] INFO  o.eclipse.m2e.core.internal.Bundles - 	Entry: C:\Users\Dhaswan\.p2\pool\plugins\org.apache.commons.commons-codec_1.16.0.jar
2025-10-08 19:30:50,092 [Worker-17: Launching lostAndFoundApplication (16)] INFO  o.eclipse.m2e.core.internal.Bundles - getClasspathEntries(Bundle=com.google.guava.failureaccess_1.0.3 [1029])
2025-10-08 19:30:50,092 [Worker-17: Launching lostAndFoundApplication (16)] INFO  o.eclipse.m2e.core.internal.Bundles - 	Entry: C:\Users\Dhaswan\.p2\pool\plugins\com.google.guava.failureaccess_1.0.3.jar
2025-10-08 19:30:50,095 [Worker-17: Launching lostAndFoundApplication (16)] INFO  o.e.m.i.launch.MavenLaunchDelegate - Run build in "S:\InfosysProject\CampusManagement\lostAndFoundApplication":
2025-10-08 19:30:50,100 [Worker-17: Launching lostAndFoundApplication (16)] INFO  o.e.m.i.launch.MavenLaunchDelegate -  mvn  -Ppom.xml -B -Dstyle.color=always clean install
2025-10-08 20:26:38,943 [Worker-48: Building] INFO  o.a.m.s.f.DefaultMavenResourcesFiltering - Copying 1 resource from src\main\resources to target\classes
2025-10-08 20:26:38,990 [Worker-48: Building] INFO  o.a.m.s.f.DefaultMavenResourcesFiltering - Copying 0 resource from src\main\resources to target\classes
2025-10-08 20:26:38,993 [Worker-48: Building] INFO  o.a.m.s.f.DefaultMavenResourcesFiltering - skip non existing resourceDirectory S:\InfosysProject\CampusManagement\lostAndFoundApplication\src\test\resources
2025-10-08 20:27:14,257 [Worker-51: Building] INFO  o.a.m.s.f.DefaultMavenResourcesFiltering - Copying 1 resource from src\main\resources to target\classes
2025-10-08 20:27:14,266 [Worker-51: Building] INFO  o.a.m.s.f.DefaultMavenResourcesFiltering - Copying 0 resource from src\main\resources to target\classes
2025-10-08 20:27:14,269 [Worker-51: Building] INFO  o.a.m.s.f.DefaultMavenResourcesFiltering - skip non existing resourceDirectory S:\InfosysProject\CampusManagement\lostAndFoundApplication\src\test\resources
2025-10-08 20:29:08,424 [Worker-51: Building] INFO  o.a.m.s.f.DefaultMavenResourcesFiltering - Copying 1 resource from src\main\resources to target\classes
2025-10-08 20:29:08,440 [Worker-51: Building] INFO  o.a.m.s.f.DefaultMavenResourcesFiltering - Copying 0 resource from src\main\resources to target\classes
2025-10-08 20:29:08,443 [Worker-51: Building] INFO  o.a.m.s.f.DefaultMavenResourcesFiltering - skip non existing resourceDirectory S:\InfosysProject\CampusManagement\lostAndFoundApplication\src\test\resources
2025-10-08 20:30:06,435 [Worker-49: Building] INFO  o.a.m.s.f.DefaultMavenResourcesFiltering - Copying 1 resource from src\main\resources to target\classes
2025-10-08 20:30:06,443 [Worker-49: Building] INFO  o.a.m.s.f.DefaultMavenResourcesFiltering - Copying 0 resource from src\main\resources to target\classes
2025-10-08 20:30:06,446 [Worker-49: Building] INFO  o.a.m.s.f.DefaultMavenResourcesFiltering - skip non existing resourceDirectory S:\InfosysProject\CampusManagement\lostAndFoundApplication\src\test\resources
2025-10-08 20:31:45,361 [Worker-33: Building] INFO  o.a.m.s.f.DefaultMavenResourcesFiltering - Copying 1 resource from src\main\resources to target\classes
2025-10-08 20:31:45,370 [Worker-33: Building] INFO  o.a.m.s.f.DefaultMavenResourcesFiltering - Copying 0 resource from src\main\resources to target\classes
2025-10-08 20:31:45,373 [Worker-33: Building] INFO  o.a.m.s.f.DefaultMavenResourcesFiltering - skip non existing resourceDirectory S:\InfosysProject\CampusManagement\lostAndFoundApplication\src\test\resources
2025-10-08 20:33:06,924 [Worker-50: Building] INFO  o.a.m.s.f.DefaultMavenResourcesFiltering - Copying 1 resource from src\main\resources to target\classes
2025-10-08 20:33:06,932 [Worker-50: Building] INFO  o.a.m.s.f.DefaultMavenResourcesFiltering - Copying 0 resource from src\main\resources to target\classes
2025-10-08 20:33:06,936 [Worker-50: Building] INFO  o.a.m.s.f.DefaultMavenResourcesFiltering - skip non existing resourceDirectory S:\InfosysProject\CampusManagement\lostAndFoundApplication\src\test\resources
2025-10-08 20:33:35,356 [Worker-35: Building] INFO  o.a.m.s.f.DefaultMavenResourcesFiltering - Copying 1 resource from src\main\resources to target\classes
2025-10-08 20:33:35,365 [Worker-35: Building] INFO  o.a.m.s.f.DefaultMavenResourcesFiltering - Copying 0 resource from src\main\resources to target\classes
2025-10-08 20:33:35,369 [Worker-35: Building] INFO  o.a.m.s.f.DefaultMavenResourcesFiltering - skip non existing resourceDirectory S:\InfosysProject\CampusManagement\lostAndFoundApplication\src\test\resources
2025-10-08 20:33:54,132 [Worker-49: Building] INFO  o.a.m.s.f.DefaultMavenResourcesFiltering - Copying 1 resource from src\main\resources to target\classes
2025-10-08 20:33:54,142 [Worker-49: Building] INFO  o.a.m.s.f.DefaultMavenResourcesFiltering - Copying 0 resource from src\main\resources to target\classes
2025-10-08 20:33:54,145 [Worker-49: Building] INFO  o.a.m.s.f.DefaultMavenResourcesFiltering - skip non existing resourceDirectory S:\InfosysProject\CampusManagement\lostAndFoundApplication\src\test\resources
2025-10-08 20:34:32,561 [Worker-33: Building] INFO  o.a.m.s.f.DefaultMavenResourcesFiltering - Copying 1 resource from src\main\resources to target\classes
2025-10-08 20:34:32,577 [Worker-33: Building] INFO  o.a.m.s.f.DefaultMavenResourcesFiltering - Copying 0 resource from src\main\resources to target\classes
2025-10-08 20:34:32,581 [Worker-33: Building] INFO  o.a.m.s.f.DefaultMavenResourcesFiltering - skip non existing resourceDirectory S:\InfosysProject\CampusManagement\lostAndFoundApplication\src\test\resources
2025-10-08 20:35:24,735 [Worker-33: Building] INFO  o.a.m.s.f.DefaultMavenResourcesFiltering - Copying 1 resource from src\main\resources to target\classes
2025-10-08 20:35:24,744 [Worker-33: Building] INFO  o.a.m.s.f.DefaultMavenResourcesFiltering - Copying 0 resource from src\main\resources to target\classes
2025-10-08 20:35:24,747 [Worker-33: Building] INFO  o.a.m.s.f.DefaultMavenResourcesFiltering - skip non existing resourceDirectory S:\InfosysProject\CampusManagement\lostAndFoundApplication\src\test\resources
2025-10-08 20:36:18,876 [Worker-51: Building] INFO  o.a.m.s.f.DefaultMavenResourcesFiltering - Copying 1 resource from src\main\resources to target\classes
2025-10-08 20:36:18,886 [Worker-51: Building] INFO  o.a.m.s.f.DefaultMavenResourcesFiltering - Copying 0 resource from src\main\resources to target\classes
2025-10-08 20:36:18,891 [Worker-51: Building] INFO  o.a.m.s.f.DefaultMavenResourcesFiltering - skip non existing resourceDirectory S:\InfosysProject\CampusManagement\lostAndFoundApplication\src\test\resources
2025-10-08 20:36:25,332 [Worker-47: Building] INFO  o.a.m.s.f.DefaultMavenResourcesFiltering - Copying 1 resource from src\main\resources to target\classes
2025-10-08 20:36:25,340 [Worker-47: Building] INFO  o.a.m.s.f.DefaultMavenResourcesFiltering - Copying 0 resource from src\main\resources to target\classes
2025-10-08 20:36:25,343 [Worker-47: Building] INFO  o.a.m.s.f.DefaultMavenResourcesFiltering - skip non existing resourceDirectory S:\InfosysProject\CampusManagement\lostAndFoundApplication\src\test\resources
2025-10-08 20:37:13,717 [Worker-35: Building Workspace] INFO  o.a.m.s.f.DefaultMavenResourcesFiltering - Copying 1 resource from src\main\resources to target\classes
2025-10-08 20:37:13,725 [Worker-35: Building Workspace] INFO  o.a.m.s.f.DefaultMavenResourcesFiltering - Copying 0 resource from src\main\resources to target\classes
2025-10-08 20:37:13,729 [Worker-35: Building Workspace] INFO  o.a.m.s.f.DefaultMavenResourcesFiltering - skip non existing resourceDirectory S:\InfosysProject\CampusManagement\lostAndFoundApplication\src\test\resources
2025-10-08 20:38:26,433 [Worker-49: Building] INFO  o.a.m.s.f.DefaultMavenResourcesFiltering - Copying 1 resource from src\main\resources to target\classes
2025-10-08 20:38:26,463 [Worker-49: Building] INFO  o.a.m.s.f.DefaultMavenResourcesFiltering - Copying 0 resource from src\main\resources to target\classes
2025-10-08 20:38:26,466 [Worker-49: Building] INFO  o.a.m.s.f.DefaultMavenResourcesFiltering - skip non existing resourceDirectory S:\InfosysProject\CampusManagement\lostAndFoundApplication\src\test\resources
2025-10-08 20:38:50,791 [Worker-47: Building] INFO  o.a.m.s.f.DefaultMavenResourcesFiltering - Copying 1 resource from src\main\resources to target\classes
2025-10-08 20:38:50,800 [Worker-47: Building] INFO  o.a.m.s.f.DefaultMavenResourcesFiltering - Copying 0 resource from src\main\resources to target\classes
2025-10-08 20:38:50,804 [Worker-47: Building] INFO  o.a.m.s.f.DefaultMavenResourcesFiltering - skip non existing resourceDirectory S:\InfosysProject\CampusManagement\lostAndFoundApplication\src\test\resources
2025-10-08 20:41:56,718 [Worker-35: Building Workspace] INFO  o.a.m.s.f.DefaultMavenResourcesFiltering - Copying 1 resource from src\main\resources to target\classes
2025-10-08 20:41:56,728 [Worker-35: Building Workspace] INFO  o.a.m.s.f.DefaultMavenResourcesFiltering - Copying 0 resource from src\main\resources to target\classes
2025-10-08 20:41:56,732 [Worker-35: Building Workspace] INFO  o.a.m.s.f.DefaultMavenResourcesFiltering - skip non existing resourceDirectory S:\InfosysProject\CampusManagement\lostAndFoundApplication\src\test\resources
2025-10-08 20:42:05,317 [Worker-48: Building] INFO  o.a.m.s.f.DefaultMavenResourcesFiltering - Copying 1 resource from src\main\resources to target\classes
2025-10-08 20:42:05,327 [Worker-48: Building] INFO  o.a.m.s.f.DefaultMavenResourcesFiltering - Copying 0 resource from src\main\resources to target\classes
2025-10-08 20:42:05,329 [Worker-48: Building] INFO  o.a.m.s.f.DefaultMavenResourcesFiltering - skip non existing resourceDirectory S:\InfosysProject\CampusManagement\lostAndFoundApplication\src\test\resources
2025-10-08 20:43:27,650 [Worker-47: Building] INFO  o.a.m.s.f.DefaultMavenResourcesFiltering - Copying 1 resource from src\main\resources to target\classes
2025-10-08 20:43:27,658 [Worker-47: Building] INFO  o.a.m.s.f.DefaultMavenResourcesFiltering - Copying 0 resource from src\main\resources to target\classes
2025-10-08 20:43:27,661 [Worker-47: Building] INFO  o.a.m.s.f.DefaultMavenResourcesFiltering - skip non existing resourceDirectory S:\InfosysProject\CampusManagement\lostAndFoundApplication\src\test\resources
2025-10-08 20:43:30,311 [Worker-51: Building] INFO  o.a.m.s.f.DefaultMavenResourcesFiltering - Copying 1 resource from src\main\resources to target\classes
2025-10-08 20:43:30,318 [Worker-51: Building] INFO  o.a.m.s.f.DefaultMavenResourcesFiltering - Copying 0 resource from src\main\resources to target\classes
2025-10-08 20:43:30,322 [Worker-51: Building] INFO  o.a.m.s.f.DefaultMavenResourcesFiltering - skip non existing resourceDirectory S:\InfosysProject\CampusManagement\lostAndFoundApplication\src\test\resources
2025-10-08 20:47:18,514 [Worker-47: Building] INFO  o.a.m.s.f.DefaultMavenResourcesFiltering - Copying 1 resource from src\main\resources to target\classes
2025-10-08 20:47:18,527 [Worker-47: Building] INFO  o.a.m.s.f.DefaultMavenResourcesFiltering - Copying 0 resource from src\main\resources to target\classes
2025-10-08 20:47:18,529 [Worker-47: Building] INFO  o.a.m.s.f.DefaultMavenResourcesFiltering - skip non existing resourceDirectory S:\InfosysProject\CampusManagement\lostAndFoundApplication\src\test\resources
2025-10-08 20:47:49,967 [Worker-50: Building] INFO  o.a.m.s.f.DefaultMavenResourcesFiltering - Copying 1 resource from src\main\resources to target\classes
2025-10-08 20:47:49,983 [Worker-50: Building] INFO  o.a.m.s.f.DefaultMavenResourcesFiltering - Copying 0 resource from src\main\resources to target\classes
2025-10-08 20:47:49,987 [Worker-50: Building] INFO  o.a.m.s.f.DefaultMavenResourcesFiltering - skip non existing resourceDirectory S:\InfosysProject\CampusManagement\lostAndFoundApplication\src\test\resources
2025-10-08 20:48:58,051 [Worker-48: Building] INFO  o.a.m.s.f.DefaultMavenResourcesFiltering - Copying 1 resource from src\main\resources to target\classes
2025-10-08 20:48:58,077 [Worker-48: Building] INFO  o.a.m.s.f.DefaultMavenResourcesFiltering - Copying 0 resource from src\main\resources to target\classes
2025-10-08 20:48:58,081 [Worker-48: Building] INFO  o.a.m.s.f.DefaultMavenResourcesFiltering - skip non existing resourceDirectory S:\InfosysProject\CampusManagement\lostAndFoundApplication\src\test\resources
2025-10-08 20:49:01,499 [Worker-33: Building] INFO  o.a.m.s.f.DefaultMavenResourcesFiltering - Copying 1 resource from src\main\resources to target\classes
2025-10-08 20:49:01,507 [Worker-33: Building] INFO  o.a.m.s.f.DefaultMavenResourcesFiltering - Copying 0 resource from src\main\resources to target\classes
2025-10-08 20:49:01,510 [Worker-33: Building] INFO  o.a.m.s.f.DefaultMavenResourcesFiltering - skip non existing resourceDirectory S:\InfosysProject\CampusManagement\lostAndFoundApplication\src\test\resources
2025-10-08 20:49:46,241 [Worker-35: Building] INFO  o.a.m.s.f.DefaultMavenResourcesFiltering - Copying 1 resource from src\main\resources to target\classes
2025-10-08 20:49:46,249 [Worker-35: Building] INFO  o.a.m.s.f.DefaultMavenResourcesFiltering - Copying 0 resource from src\main\resources to target\classes
2025-10-08 20:49:46,251 [Worker-35: Building] INFO  o.a.m.s.f.DefaultMavenResourcesFiltering - skip non existing resourceDirectory S:\InfosysProject\CampusManagement\lostAndFoundApplication\src\test\resources
2025-10-08 20:50:26,276 [Worker-50: Building] INFO  o.a.m.s.f.DefaultMavenResourcesFiltering - Copying 1 resource from src\main\resources to target\classes
2025-10-08 20:50:26,284 [Worker-50: Building] INFO  o.a.m.s.f.DefaultMavenResourcesFiltering - Copying 0 resource from src\main\resources to target\classes
2025-10-08 20:50:26,287 [Worker-50: Building] INFO  o.a.m.s.f.DefaultMavenResourcesFiltering - skip non existing resourceDirectory S:\InfosysProject\CampusManagement\lostAndFoundApplication\src\test\resources
2025-10-08 20:50:54,609 [Worker-49: Building] INFO  o.a.m.s.f.DefaultMavenResourcesFiltering - Copying 1 resource from src\main\resources to target\classes
2025-10-08 20:50:54,616 [Worker-49: Building] INFO  o.a.m.s.f.DefaultMavenResourcesFiltering - Copying 0 resource from src\main\resources to target\classes
2025-10-08 20:50:54,619 [Worker-49: Building] INFO  o.a.m.s.f.DefaultMavenResourcesFiltering - skip non existing resourceDirectory S:\InfosysProject\CampusManagement\lostAndFoundApplication\src\test\resources
2025-10-08 20:53:15,576 [Worker-47: Building] INFO  o.a.m.s.f.DefaultMavenResourcesFiltering - Copying 1 resource from src\main\resources to target\classes
2025-10-08 20:53:15,606 [Worker-47: Building] INFO  o.a.m.s.f.DefaultMavenResourcesFiltering - Copying 0 resource from src\main\resources to target\classes
2025-10-08 20:53:15,614 [Worker-47: Building] INFO  o.a.m.s.f.DefaultMavenResourcesFiltering - skip non existing resourceDirectory S:\InfosysProject\CampusManagement\lostAndFoundApplication\src\test\resources
2025-10-08 20:53:52,635 [Worker-35: Building] INFO  o.a.m.s.f.DefaultMavenResourcesFiltering - Copying 1 resource from src\main\resources to target\classes
2025-10-08 20:53:52,649 [Worker-35: Building] INFO  o.a.m.s.f.DefaultMavenResourcesFiltering - Copying 0 resource from src\main\resources to target\classes
2025-10-08 20:53:52,652 [Worker-35: Building] INFO  o.a.m.s.f.DefaultMavenResourcesFiltering - skip non existing resourceDirectory S:\InfosysProject\CampusManagement\lostAndFoundApplication\src\test\resources
2025-10-08 20:55:05,632 [Worker-48: Building] INFO  o.a.m.s.f.DefaultMavenResourcesFiltering - Copying 1 resource from src\main\resources to target\classes
2025-10-08 20:55:05,642 [Worker-48: Building] INFO  o.a.m.s.f.DefaultMavenResourcesFiltering - Copying 0 resource from src\main\resources to target\classes
2025-10-08 20:55:05,645 [Worker-48: Building] INFO  o.a.m.s.f.DefaultMavenResourcesFiltering - skip non existing resourceDirectory S:\InfosysProject\CampusManagement\lostAndFoundApplication\src\test\resources
2025-10-08 20:55:48,787 [Worker-49: Building] INFO  o.a.m.s.f.DefaultMavenResourcesFiltering - Copying 1 resource from src\main\resources to target\classes
2025-10-08 20:55:48,796 [Worker-49: Building] INFO  o.a.m.s.f.DefaultMavenResourcesFiltering - Copying 0 resource from src\main\resources to target\classes
2025-10-08 20:55:48,800 [Worker-49: Building] INFO  o.a.m.s.f.DefaultMavenResourcesFiltering - skip non existing resourceDirectory S:\InfosysProject\CampusManagement\lostAndFoundApplication\src\test\resources
2025-10-08 20:58:00,835 [Worker-48: Building] INFO  o.a.m.s.f.DefaultMavenResourcesFiltering - Copying 1 resource from src\main\resources to target\classes
2025-10-08 20:58:00,851 [Worker-48: Building] INFO  o.a.m.s.f.DefaultMavenResourcesFiltering - Copying 0 resource from src\main\resources to target\classes
2025-10-08 20:58:00,853 [Worker-48: Building] INFO  o.a.m.s.f.DefaultMavenResourcesFiltering - skip non existing resourceDirectory S:\InfosysProject\CampusManagement\lostAndFoundApplication\src\test\resources
2025-10-08 20:58:22,485 [Worker-51: Building] INFO  o.a.m.s.f.DefaultMavenResourcesFiltering - Copying 1 resource from src\main\resources to target\classes
2025-10-08 20:58:22,523 [Worker-51: Building] INFO  o.a.m.s.f.DefaultMavenResourcesFiltering - Copying 0 resource from src\main\resources to target\classes
2025-10-08 20:58:22,526 [Worker-51: Building] INFO  o.a.m.s.f.DefaultMavenResourcesFiltering - skip non existing resourceDirectory S:\InfosysProject\CampusManagement\lostAndFoundApplication\src\test\resources
2025-10-08 20:59:38,868 [Worker-33: Building] INFO  o.a.m.s.f.DefaultMavenResourcesFiltering - Copying 1 resource from src\main\resources to target\classes
2025-10-08 20:59:38,876 [Worker-33: Building] INFO  o.a.m.s.f.DefaultMavenResourcesFiltering - Copying 0 resource from src\main\resources to target\classes
2025-10-08 20:59:38,879 [Worker-33: Building] INFO  o.a.m.s.f.DefaultMavenResourcesFiltering - skip non existing resourceDirectory S:\InfosysProject\CampusManagement\lostAndFoundApplication\src\test\resources
2025-10-08 21:03:10,742 [Worker-50: Building] INFO  o.a.m.s.f.DefaultMavenResourcesFiltering - Copying 1 resource from src\main\resources to target\classes
2025-10-08 21:03:10,761 [Worker-50: Building] INFO  o.a.m.s.f.DefaultMavenResourcesFiltering - Copying 0 resource from src\main\resources to target\classes
2025-10-08 21:03:10,764 [Worker-50: Building] INFO  o.a.m.s.f.DefaultMavenResourcesFiltering - skip non existing resourceDirectory S:\InfosysProject\CampusManagement\lostAndFoundApplication\src\test\resources
2025-10-08 21:05:18,486 [Worker-51: Building] INFO  o.a.m.s.f.DefaultMavenResourcesFiltering - Copying 1 resource from src\main\resources to target\classes
2025-10-08 21:05:18,496 [Worker-51: Building] INFO  o.a.m.s.f.DefaultMavenResourcesFiltering - Copying 0 resource from src\main\resources to target\classes
2025-10-08 21:05:18,499 [Worker-51: Building] INFO  o.a.m.s.f.DefaultMavenResourcesFiltering - skip non existing resourceDirectory S:\InfosysProject\CampusManagement\lostAndFoundApplication\src\test\resources
2025-10-08 21:05:36,313 [Worker-48: Building] INFO  o.a.m.s.f.DefaultMavenResourcesFiltering - Copying 1 resource from src\main\resources to target\classes
2025-10-08 21:05:36,324 [Worker-48: Building] INFO  o.a.m.s.f.DefaultMavenResourcesFiltering - Copying 0 resource from src\main\resources to target\classes
2025-10-08 21:05:36,327 [Worker-48: Building] INFO  o.a.m.s.f.DefaultMavenResourcesFiltering - skip non existing resourceDirectory S:\InfosysProject\CampusManagement\lostAndFoundApplication\src\test\resources
2025-10-08 21:05:44,782 [Worker-35: Building] INFO  o.a.m.s.f.DefaultMavenResourcesFiltering - Copying 1 resource from src\main\resources to target\classes
2025-10-08 21:05:44,792 [Worker-35: Building] INFO  o.a.m.s.f.DefaultMavenResourcesFiltering - Copying 0 resource from src\main\resources to target\classes
2025-10-08 21:05:44,796 [Worker-35: Building] INFO  o.a.m.s.f.DefaultMavenResourcesFiltering - skip non existing resourceDirectory S:\InfosysProject\CampusManagement\lostAndFoundApplication\src\test\resources
2025-10-08 21:06:04,893 [Worker-35: Building] INFO  o.a.m.s.f.DefaultMavenResourcesFiltering - Copying 1 resource from src\main\resources to target\classes
2025-10-08 21:06:04,903 [Worker-35: Building] INFO  o.a.m.s.f.DefaultMavenResourcesFiltering - Copying 0 resource from src\main\resources to target\classes
2025-10-08 21:06:04,907 [Worker-35: Building] INFO  o.a.m.s.f.DefaultMavenResourcesFiltering - skip non existing resourceDirectory S:\InfosysProject\CampusManagement\lostAndFoundApplication\src\test\resources
2025-10-08 21:07:03,413 [Worker-48: Building] INFO  o.a.m.s.f.DefaultMavenResourcesFiltering - Copying 1 resource from src\main\resources to target\classes
2025-10-08 21:07:03,424 [Worker-48: Building] INFO  o.a.m.s.f.DefaultMavenResourcesFiltering - Copying 0 resource from src\main\resources to target\classes
2025-10-08 21:07:03,429 [Worker-48: Building] INFO  o.a.m.s.f.DefaultMavenResourcesFiltering - skip non existing resourceDirectory S:\InfosysProject\CampusManagement\lostAndFoundApplication\src\test\resources
2025-10-08 21:08:00,942 [Worker-52: Building] INFO  o.a.m.s.f.DefaultMavenResourcesFiltering - Copying 1 resource from src\main\resources to target\classes
2025-10-08 21:08:00,949 [Worker-52: Building] INFO  o.a.m.s.f.DefaultMavenResourcesFiltering - Copying 0 resource from src\main\resources to target\classes
2025-10-08 21:08:00,952 [Worker-52: Building] INFO  o.a.m.s.f.DefaultMavenResourcesFiltering - skip non existing resourceDirectory S:\InfosysProject\CampusManagement\lostAndFoundApplication\src\test\resources
2025-10-08 21:08:03,843 [Worker-35: Building] INFO  o.a.m.s.f.DefaultMavenResourcesFiltering - Copying 1 resource from src\main\resources to target\classes
2025-10-08 21:08:03,849 [Worker-35: Building] INFO  o.a.m.s.f.DefaultMavenResourcesFiltering - Copying 0 resource from src\main\resources to target\classes
2025-10-08 21:08:03,852 [Worker-35: Building] INFO  o.a.m.s.f.DefaultMavenResourcesFiltering - skip non existing resourceDirectory S:\InfosysProject\CampusManagement\lostAndFoundApplication\src\test\resources
2025-10-08 21:09:08,404 [Worker-50: Building] INFO  o.a.m.s.f.DefaultMavenResourcesFiltering - Copying 1 resource from src\main\resources to target\classes
2025-10-08 21:09:08,425 [Worker-50: Building] INFO  o.a.m.s.f.DefaultMavenResourcesFiltering - Copying 0 resource from src\main\resources to target\classes
2025-10-08 21:09:08,427 [Worker-50: Building] INFO  o.a.m.s.f.DefaultMavenResourcesFiltering - skip non existing resourceDirectory S:\InfosysProject\CampusManagement\lostAndFoundApplication\src\test\resources
2025-10-08 21:09:16,763 [Worker-48: Building] INFO  o.a.m.s.f.DefaultMavenResourcesFiltering - Copying 1 resource from src\main\resources to target\classes
2025-10-08 21:09:16,774 [Worker-48: Building] INFO  o.a.m.s.f.DefaultMavenResourcesFiltering - Copying 0 resource from src\main\resources to target\classes
2025-10-08 21:09:16,776 [Worker-48: Building] INFO  o.a.m.s.f.DefaultMavenResourcesFiltering - skip non existing resourceDirectory S:\InfosysProject\CampusManagement\lostAndFoundApplication\src\test\resources
2025-10-08 21:10:04,858 [Worker-51: Building] INFO  o.a.m.s.f.DefaultMavenResourcesFiltering - Copying 1 resource from src\main\resources to target\classes
2025-10-08 21:10:04,868 [Worker-51: Building] INFO  o.a.m.s.f.DefaultMavenResourcesFiltering - Copying 0 resource from src\main\resources to target\classes
2025-10-08 21:10:04,881 [Worker-51: Building] INFO  o.a.m.s.f.DefaultMavenResourcesFiltering - skip non existing resourceDirectory S:\InfosysProject\CampusManagement\lostAndFoundApplication\src\test\resources
2025-10-08 21:11:27,882 [Worker-49: Building] INFO  o.a.m.s.f.DefaultMavenResourcesFiltering - Copying 1 resource from src\main\resources to target\classes
2025-10-08 21:11:27,889 [Worker-49: Building] INFO  o.a.m.s.f.DefaultMavenResourcesFiltering - Copying 0 resource from src\main\resources to target\classes
2025-10-08 21:11:27,891 [Worker-49: Building] INFO  o.a.m.s.f.DefaultMavenResourcesFiltering - skip non existing resourceDirectory S:\InfosysProject\CampusManagement\lostAndFoundApplication\src\test\resources
2025-10-08 21:12:06,710 [Worker-51: Building] INFO  o.a.m.s.f.DefaultMavenResourcesFiltering - Copying 1 resource from src\main\resources to target\classes
2025-10-08 21:12:06,717 [Worker-51: Building] INFO  o.a.m.s.f.DefaultMavenResourcesFiltering - Copying 0 resource from src\main\resources to target\classes
2025-10-08 21:12:06,719 [Worker-51: Building] INFO  o.a.m.s.f.DefaultMavenResourcesFiltering - skip non existing resourceDirectory S:\InfosysProject\CampusManagement\lostAndFoundApplication\src\test\resources
2025-10-10 19:27:39,617 [Worker-4: Loading available Gradle versions] INFO  o.e.b.c.i.u.g.PublishedGradleVersions - Gradle version information cache is out-of-date. Trying to update.
2025-10-10 19:27:46,532 [Worker-9: Building] INFO  o.a.m.s.f.DefaultMavenResourcesFiltering - Copying 1 resource from src\main\resources to target\classes
2025-10-10 19:27:46,571 [Worker-9: Building] INFO  o.a.m.s.f.DefaultMavenResourcesFiltering - Copying 0 resource from src\main\resources to target\classes
2025-10-10 19:27:46,576 [Worker-9: Building] INFO  o.a.m.s.f.DefaultMavenResourcesFiltering - skip non existing resourceDirectory S:\InfosysProject\CampusManagement\lostAndFoundApplication\src\test\resources
2025-10-10 19:27:48,485 [Worker-7: Building] INFO  o.a.m.s.f.DefaultMavenResourcesFiltering - Copying 1 resource from src\main\resources to target\classes
2025-10-10 19:27:48,493 [Worker-7: Building] INFO  o.a.m.s.f.DefaultMavenResourcesFiltering - Copying 0 resource from src\main\resources to target\classes
2025-10-10 19:27:48,497 [Worker-7: Building] INFO  o.a.m.s.f.DefaultMavenResourcesFiltering - skip non existing resourceDirectory S:\InfosysProject\CampusManagement\lostAndFoundApplication\src\test\resources
2025-10-10 19:28:07,725 [Worker-9: Building] INFO  o.a.m.s.f.DefaultMavenResourcesFiltering - Copying 1 resource from src\main\resources to target\classes
2025-10-10 19:28:07,735 [Worker-9: Building] INFO  o.a.m.s.f.DefaultMavenResourcesFiltering - Copying 0 resource from src\main\resources to target\classes
2025-10-10 19:28:07,738 [Worker-9: Building] INFO  o.a.m.s.f.DefaultMavenResourcesFiltering - skip non existing resourceDirectory S:\InfosysProject\CampusManagement\lostAndFoundApplication\src\test\resources
2025-10-10 19:30:17,337 [Worker-19: Building] INFO  o.a.m.s.f.DefaultMavenResourcesFiltering - Copying 1 resource from src\main\resources to target\classes
2025-10-10 19:30:17,348 [Worker-19: Building] INFO  o.a.m.s.f.DefaultMavenResourcesFiltering - Copying 0 resource from src\main\resources to target\classes
2025-10-10 19:30:17,351 [Worker-19: Building] INFO  o.a.m.s.f.DefaultMavenResourcesFiltering - skip non existing resourceDirectory S:\InfosysProject\CampusManagement\lostAndFoundApplication\src\test\resources
2025-10-10 19:30:43,104 [Worker-29: Building] INFO  o.a.m.s.f.DefaultMavenResourcesFiltering - Copying 1 resource from src\main\resources to target\classes
2025-10-10 19:30:43,112 [Worker-29: Building] INFO  o.a.m.s.f.DefaultMavenResourcesFiltering - Copying 0 resource from src\main\resources to target\classes
2025-10-10 19:30:43,115 [Worker-29: Building] INFO  o.a.m.s.f.DefaultMavenResourcesFiltering - skip non existing resourceDirectory S:\InfosysProject\CampusManagement\lostAndFoundApplication\src\test\resources
2025-10-10 19:33:12,088 [Worker-7: Updating Maven Project] INFO  o.e.m.c.i.p.ProjectConfigurationManager - Update started
2025-10-10 19:33:13,448 [Worker-7: Updating Maven Project] INFO  o.e.m.c.i.l.LifecycleMappingFactory - Using org.eclipse.m2e.jdt.JarLifecycleMapping lifecycle mapping for MavenProject: edu.infosys:lostAndFoundApplication:0.0.1-SNAPSHOT @ S:\InfosysProject\CampusManagement\lostAndFoundApplication\pom.xml.
2025-10-10 19:33:15,108 [Worker-7: Updating Maven Project] INFO  o.e.m.j.i.AbstractJavaProjectConfigurator - Adding source folder /lostAndFoundApplication/src/main/java
2025-10-10 19:33:15,110 [Worker-7: Updating Maven Project] INFO  o.e.m.j.i.AbstractJavaProjectConfigurator - Adding resource folder /lostAndFoundApplication/src/main/resources
2025-10-10 19:33:15,111 [Worker-7: Updating Maven Project] INFO  o.e.m.j.i.AbstractJavaProjectConfigurator - Adding resource folder /lostAndFoundApplication/src/main/resources
2025-10-10 19:33:15,112 [Worker-7: Updating Maven Project] INFO  o.e.m.j.i.AbstractJavaProjectConfigurator - Adding source folder /lostAndFoundApplication/src/test/java
2025-10-10 19:33:15,113 [Worker-7: Updating Maven Project] INFO  o.e.m.j.i.AbstractJavaProjectConfigurator - Adding resource folder /lostAndFoundApplication/src/test/resources
2025-10-10 19:33:15,509 [Worker-7: Updating Maven Project] INFO  o.e.m.c.i.p.ProjectConfigurationManager - Update completed for 1 poms: local refresh takes 0.00 sec, refresh facades takes 2.00 sec, update config takes 0.00 sec 
2025-10-10 19:33:15,967 [Worker-30: Building] INFO  o.a.m.s.f.DefaultMavenResourcesFiltering - Copying 1 resource from src\main\resources to target\classes
2025-10-10 19:33:15,982 [Worker-30: Building] INFO  o.a.m.s.f.DefaultMavenResourcesFiltering - Copying 0 resource from src\main\resources to target\classes
2025-10-10 19:33:15,988 [Worker-30: Building] INFO  o.a.m.s.f.DefaultMavenResourcesFiltering - skip non existing resourceDirectory S:\InfosysProject\CampusManagement\lostAndFoundApplication\src\test\resources
2025-10-10 19:33:32,827 [main] INFO  o.e.m2e.actions.ExecutePomAction - Creating new launch configuration
2025-10-10 19:33:45,427 [Worker-17: Launching lostAndFoundApplication (17)] INFO  o.eclipse.m2e.core.internal.Bundles - getClasspathEntries(Bundle=org.eclipse.m2e.maven.runtime_3.9.900.20240824-1409 [640])
2025-10-10 19:33:45,430 [Worker-17: Launching lostAndFoundApplication (17)] INFO  o.eclipse.m2e.core.internal.Bundles - 	Entry: C:\Users\Dhaswan\.p2\pool\plugins\org.eclipse.m2e.maven.runtime_3.9.900.20240824-1409
2025-10-10 19:33:45,431 [Worker-17: Launching lostAndFoundApplication (17)] INFO  o.eclipse.m2e.core.internal.Bundles - 	Entry: C:\Users\Dhaswan\.p2\pool\plugins\org.eclipse.m2e.maven.runtime_3.9.900.20240824-1409\jars\aopalliance-1.0.jar
2025-10-10 19:33:45,431 [Worker-17: Launching lostAndFoundApplication (17)] INFO  o.eclipse.m2e.core.internal.Bundles - 	Entry: C:\Users\Dhaswan\.p2\pool\plugins\org.eclipse.m2e.maven.runtime_3.9.900.20240824-1409\jars\guice-5.1.0.jar
2025-10-10 19:33:45,431 [Worker-17: Launching lostAndFoundApplication (17)] INFO  o.eclipse.m2e.core.internal.Bundles - 	Entry: C:\Users\Dhaswan\.p2\pool\plugins\org.eclipse.m2e.maven.runtime_3.9.900.20240824-1409\jars\httpclient-4.5.14.jar
2025-10-10 19:33:45,431 [Worker-17: Launching lostAndFoundApplication (17)] INFO  o.eclipse.m2e.core.internal.Bundles - 	Entry: C:\Users\Dhaswan\.p2\pool\plugins\org.eclipse.m2e.maven.runtime_3.9.900.20240824-1409\jars\httpcore-4.4.16.jar
2025-10-10 19:33:45,431 [Worker-17: Launching lostAndFoundApplication (17)] INFO  o.eclipse.m2e.core.internal.Bundles - 	Entry: C:\Users\Dhaswan\.p2\pool\plugins\org.eclipse.m2e.maven.runtime_3.9.900.20240824-1409\jars\jansi-2.4.1.jar
2025-10-10 19:33:45,432 [Worker-17: Launching lostAndFoundApplication (17)] INFO  o.eclipse.m2e.core.internal.Bundles - 	Entry: C:\Users\Dhaswan\.p2\pool\plugins\org.eclipse.m2e.maven.runtime_3.9.900.20240824-1409\jars\jcl-over-slf4j-1.7.36.jar
2025-10-10 19:33:45,432 [Worker-17: Launching lostAndFoundApplication (17)] INFO  o.eclipse.m2e.core.internal.Bundles - 	Entry: C:\Users\Dhaswan\.p2\pool\plugins\org.eclipse.m2e.maven.runtime_3.9.900.20240824-1409\jars\maven-artifact-3.9.9.jar
2025-10-10 19:33:45,432 [Worker-17: Launching lostAndFoundApplication (17)] INFO  o.eclipse.m2e.core.internal.Bundles - 	Entry: C:\Users\Dhaswan\.p2\pool\plugins\org.eclipse.m2e.maven.runtime_3.9.900.20240824-1409\jars\maven-builder-support-3.9.9.jar
2025-10-10 19:33:45,432 [Worker-17: Launching lostAndFoundApplication (17)] INFO  o.eclipse.m2e.core.internal.Bundles - 	Entry: C:\Users\Dhaswan\.p2\pool\plugins\org.eclipse.m2e.maven.runtime_3.9.900.20240824-1409\jars\maven-compat-3.9.9.jar
2025-10-10 19:33:45,432 [Worker-17: Launching lostAndFoundApplication (17)] INFO  o.eclipse.m2e.core.internal.Bundles - 	Entry: C:\Users\Dhaswan\.p2\pool\plugins\org.eclipse.m2e.maven.runtime_3.9.900.20240824-1409\jars\maven-core-3.9.9.jar
2025-10-10 19:33:45,432 [Worker-17: Launching lostAndFoundApplication (17)] INFO  o.eclipse.m2e.core.internal.Bundles - 	Entry: C:\Users\Dhaswan\.p2\pool\plugins\org.eclipse.m2e.maven.runtime_3.9.900.20240824-1409\jars\maven-embedder-3.9.9.jar
2025-10-10 19:33:45,432 [Worker-17: Launching lostAndFoundApplication (17)] INFO  o.eclipse.m2e.core.internal.Bundles - 	Entry: C:\Users\Dhaswan\.p2\pool\plugins\org.eclipse.m2e.maven.runtime_3.9.900.20240824-1409\jars\maven-model-3.9.9.jar
2025-10-10 19:33:45,432 [Worker-17: Launching lostAndFoundApplication (17)] INFO  o.eclipse.m2e.core.internal.Bundles - 	Entry: C:\Users\Dhaswan\.p2\pool\plugins\org.eclipse.m2e.maven.runtime_3.9.900.20240824-1409\jars\maven-model-builder-3.9.9.jar
2025-10-10 19:33:45,432 [Worker-17: Launching lostAndFoundApplication (17)] INFO  o.eclipse.m2e.core.internal.Bundles - 	Entry: C:\Users\Dhaswan\.p2\pool\plugins\org.eclipse.m2e.maven.runtime_3.9.900.20240824-1409\jars\maven-plugin-api-3.9.9.jar
2025-10-10 19:33:45,432 [Worker-17: Launching lostAndFoundApplication (17)] INFO  o.eclipse.m2e.core.internal.Bundles - 	Entry: C:\Users\Dhaswan\.p2\pool\plugins\org.eclipse.m2e.maven.runtime_3.9.900.20240824-1409\jars\maven-repository-metadata-3.9.9.jar
2025-10-10 19:33:45,433 [Worker-17: Launching lostAndFoundApplication (17)] INFO  o.eclipse.m2e.core.internal.Bundles - 	Entry: C:\Users\Dhaswan\.p2\pool\plugins\org.eclipse.m2e.maven.runtime_3.9.900.20240824-1409\jars\maven-resolver-api-1.9.22.jar
2025-10-10 19:33:45,433 [Worker-17: Launching lostAndFoundApplication (17)] INFO  o.eclipse.m2e.core.internal.Bundles - 	Entry: C:\Users\Dhaswan\.p2\pool\plugins\org.eclipse.m2e.maven.runtime_3.9.900.20240824-1409\jars\maven-resolver-connector-basic-1.9.22.jar
2025-10-10 19:33:45,433 [Worker-17: Launching lostAndFoundApplication (17)] INFO  o.eclipse.m2e.core.internal.Bundles - 	Entry: C:\Users\Dhaswan\.p2\pool\plugins\org.eclipse.m2e.maven.runtime_3.9.900.20240824-1409\jars\maven-resolver-impl-1.9.22.jar
2025-10-10 19:33:45,433 [Worker-17: Launching lostAndFoundApplication (17)] INFO  o.eclipse.m2e.core.internal.Bundles - 	Entry: C:\Users\Dhaswan\.p2\pool\plugins\org.eclipse.m2e.maven.runtime_3.9.900.20240824-1409\jars\maven-resolver-named-locks-1.9.22.jar
2025-10-10 19:33:45,433 [Worker-17: Launching lostAndFoundApplication (17)] INFO  o.eclipse.m2e.core.internal.Bundles - 	Entry: C:\Users\Dhaswan\.p2\pool\plugins\org.eclipse.m2e.maven.runtime_3.9.900.20240824-1409\jars\maven-resolver-provider-3.9.9.jar
2025-10-10 19:33:45,433 [Worker-17: Launching lostAndFoundApplication (17)] INFO  o.eclipse.m2e.core.internal.Bundles - 	Entry: C:\Users\Dhaswan\.p2\pool\plugins\org.eclipse.m2e.maven.runtime_3.9.900.20240824-1409\jars\maven-resolver-spi-1.9.22.jar
2025-10-10 19:33:45,434 [Worker-17: Launching lostAndFoundApplication (17)] INFO  o.eclipse.m2e.core.internal.Bundles - 	Entry: C:\Users\Dhaswan\.p2\pool\plugins\org.eclipse.m2e.maven.runtime_3.9.900.20240824-1409\jars\maven-resolver-transport-file-1.9.22.jar
2025-10-10 19:33:45,434 [Worker-17: Launching lostAndFoundApplication (17)] INFO  o.eclipse.m2e.core.internal.Bundles - 	Entry: C:\Users\Dhaswan\.p2\pool\plugins\org.eclipse.m2e.maven.runtime_3.9.900.20240824-1409\jars\maven-resolver-transport-http-1.9.22.jar
2025-10-10 19:33:45,434 [Worker-17: Launching lostAndFoundApplication (17)] INFO  o.eclipse.m2e.core.internal.Bundles - 	Entry: C:\Users\Dhaswan\.p2\pool\plugins\org.eclipse.m2e.maven.runtime_3.9.900.20240824-1409\jars\maven-resolver-transport-wagon-1.9.22.jar
2025-10-10 19:33:45,434 [Worker-17: Launching lostAndFoundApplication (17)] INFO  o.eclipse.m2e.core.internal.Bundles - 	Entry: C:\Users\Dhaswan\.p2\pool\plugins\org.eclipse.m2e.maven.runtime_3.9.900.20240824-1409\jars\maven-resolver-util-1.9.22.jar
2025-10-10 19:33:45,434 [Worker-17: Launching lostAndFoundApplication (17)] INFO  o.eclipse.m2e.core.internal.Bundles - 	Entry: C:\Users\Dhaswan\.p2\pool\plugins\org.eclipse.m2e.maven.runtime_3.9.900.20240824-1409\jars\maven-settings-3.9.9.jar
2025-10-10 19:33:45,434 [Worker-17: Launching lostAndFoundApplication (17)] INFO  o.eclipse.m2e.core.internal.Bundles - 	Entry: C:\Users\Dhaswan\.p2\pool\plugins\org.eclipse.m2e.maven.runtime_3.9.900.20240824-1409\jars\maven-settings-builder-3.9.9.jar
2025-10-10 19:33:45,434 [Worker-17: Launching lostAndFoundApplication (17)] INFO  o.eclipse.m2e.core.internal.Bundles - 	Entry: C:\Users\Dhaswan\.p2\pool\plugins\org.eclipse.m2e.maven.runtime_3.9.900.20240824-1409\jars\maven-shared-utils-3.4.2.jar
2025-10-10 19:33:45,434 [Worker-17: Launching lostAndFoundApplication (17)] INFO  o.eclipse.m2e.core.internal.Bundles - 	Entry: C:\Users\Dhaswan\.p2\pool\plugins\org.eclipse.m2e.maven.runtime_3.9.900.20240824-1409\jars\org.eclipse.sisu.inject-0.9.0.M3.jar
2025-10-10 19:33:45,435 [Worker-17: Launching lostAndFoundApplication (17)] INFO  o.eclipse.m2e.core.internal.Bundles - 	Entry: C:\Users\Dhaswan\.p2\pool\plugins\org.eclipse.m2e.maven.runtime_3.9.900.20240824-1409\jars\org.eclipse.sisu.plexus-0.9.0.M3.jar
2025-10-10 19:33:45,435 [Worker-17: Launching lostAndFoundApplication (17)] INFO  o.eclipse.m2e.core.internal.Bundles - 	Entry: C:\Users\Dhaswan\.p2\pool\plugins\org.eclipse.m2e.maven.runtime_3.9.900.20240824-1409\jars\plexus-build-api-0.0.7.jar
2025-10-10 19:33:45,435 [Worker-17: Launching lostAndFoundApplication (17)] INFO  o.eclipse.m2e.core.internal.Bundles - 	Entry: C:\Users\Dhaswan\.p2\pool\plugins\org.eclipse.m2e.maven.runtime_3.9.900.20240824-1409\jars\plexus-build-api-1.2.0.jar
2025-10-10 19:33:45,435 [Worker-17: Launching lostAndFoundApplication (17)] INFO  o.eclipse.m2e.core.internal.Bundles - 	Entry: C:\Users\Dhaswan\.p2\pool\plugins\org.eclipse.m2e.maven.runtime_3.9.900.20240824-1409\jars\plexus-cipher-2.0.jar
2025-10-10 19:33:45,435 [Worker-17: Launching lostAndFoundApplication (17)] INFO  o.eclipse.m2e.core.internal.Bundles - 	Entry: C:\Users\Dhaswan\.p2\pool\plugins\org.eclipse.m2e.maven.runtime_3.9.900.20240824-1409\jars\plexus-classworlds-2.8.0.jar
2025-10-10 19:33:45,435 [Worker-17: Launching lostAndFoundApplication (17)] INFO  o.eclipse.m2e.core.internal.Bundles - 	Entry: C:\Users\Dhaswan\.p2\pool\plugins\org.eclipse.m2e.maven.runtime_3.9.900.20240824-1409\jars\plexus-component-annotations-2.1.0.jar
2025-10-10 19:33:45,435 [Worker-17: Launching lostAndFoundApplication (17)] INFO  o.eclipse.m2e.core.internal.Bundles - 	Entry: C:\Users\Dhaswan\.p2\pool\plugins\org.eclipse.m2e.maven.runtime_3.9.900.20240824-1409\jars\plexus-interpolation-1.27.jar
2025-10-10 19:33:45,435 [Worker-17: Launching lostAndFoundApplication (17)] INFO  o.eclipse.m2e.core.internal.Bundles - 	Entry: C:\Users\Dhaswan\.p2\pool\plugins\org.eclipse.m2e.maven.runtime_3.9.900.20240824-1409\jars\plexus-sec-dispatcher-2.0.jar
2025-10-10 19:33:45,435 [Worker-17: Launching lostAndFoundApplication (17)] INFO  o.eclipse.m2e.core.internal.Bundles - 	Entry: C:\Users\Dhaswan\.p2\pool\plugins\org.eclipse.m2e.maven.runtime_3.9.900.20240824-1409\jars\plexus-utils-3.5.1.jar
2025-10-10 19:33:45,435 [Worker-17: Launching lostAndFoundApplication (17)] INFO  o.eclipse.m2e.core.internal.Bundles - 	Entry: C:\Users\Dhaswan\.p2\pool\plugins\org.eclipse.m2e.maven.runtime_3.9.900.20240824-1409\jars\plexus-xml-3.0.1.jar
2025-10-10 19:33:45,436 [Worker-17: Launching lostAndFoundApplication (17)] INFO  o.eclipse.m2e.core.internal.Bundles - 	Entry: C:\Users\Dhaswan\.p2\pool\plugins\org.eclipse.m2e.maven.runtime_3.9.900.20240824-1409\jars\wagon-file-3.5.3.jar
2025-10-10 19:33:45,436 [Worker-17: Launching lostAndFoundApplication (17)] INFO  o.eclipse.m2e.core.internal.Bundles - 	Entry: C:\Users\Dhaswan\.p2\pool\plugins\org.eclipse.m2e.maven.runtime_3.9.900.20240824-1409\jars\wagon-http-3.5.3.jar
2025-10-10 19:33:45,436 [Worker-17: Launching lostAndFoundApplication (17)] INFO  o.eclipse.m2e.core.internal.Bundles - 	Entry: C:\Users\Dhaswan\.p2\pool\plugins\org.eclipse.m2e.maven.runtime_3.9.900.20240824-1409\jars\wagon-http-shared-3.5.3.jar
2025-10-10 19:33:45,436 [Worker-17: Launching lostAndFoundApplication (17)] INFO  o.eclipse.m2e.core.internal.Bundles - 	Entry: C:\Users\Dhaswan\.p2\pool\plugins\org.eclipse.m2e.maven.runtime_3.9.900.20240824-1409\jars\wagon-provider-api-3.5.3.jar
2025-10-10 19:33:45,439 [Worker-17: Launching lostAndFoundApplication (17)] INFO  o.eclipse.m2e.core.internal.Bundles - getClasspathEntries(Bundle=com.google.guava_33.4.8.jre [1028])
2025-10-10 19:33:45,440 [Worker-17: Launching lostAndFoundApplication (17)] INFO  o.eclipse.m2e.core.internal.Bundles - 	Entry: C:\Users\Dhaswan\.p2\pool\plugins\com.google.guava_33.4.8.jre.jar
2025-10-10 19:33:45,440 [Worker-17: Launching lostAndFoundApplication (17)] INFO  o.eclipse.m2e.core.internal.Bundles - getClasspathEntries(Bundle=slf4j.api_2.0.17 [1112])
2025-10-10 19:33:45,441 [Worker-17: Launching lostAndFoundApplication (17)] INFO  o.eclipse.m2e.core.internal.Bundles - 	Entry: C:\Users\Dhaswan\.p2\pool\plugins\slf4j.api_2.0.17.jar
2025-10-10 19:33:45,441 [Worker-17: Launching lostAndFoundApplication (17)] INFO  o.eclipse.m2e.core.internal.Bundles - getClasspathEntries(Bundle=jakarta.inject.jakarta.inject-api_1.0.5 [34])
2025-10-10 19:33:45,443 [Worker-17: Launching lostAndFoundApplication (17)] INFO  o.eclipse.m2e.core.internal.Bundles - 	Entry: C:\Users\Dhaswan\.p2\pool\plugins\jakarta.inject.jakarta.inject-api_1.0.5.jar
2025-10-10 19:33:45,443 [Worker-17: Launching lostAndFoundApplication (17)] INFO  o.eclipse.m2e.core.internal.Bundles - getClasspathEntries(Bundle=jakarta.annotation-api_1.3.5 [29])
2025-10-10 19:33:45,443 [Worker-17: Launching lostAndFoundApplication (17)] INFO  o.eclipse.m2e.core.internal.Bundles - 	Entry: C:\Users\Dhaswan\.p2\pool\plugins\jakarta.annotation-api_1.3.5.jar
2025-10-10 19:33:45,443 [Worker-17: Launching lostAndFoundApplication (17)] INFO  o.eclipse.m2e.core.internal.Bundles - getClasspathEntries(Bundle=org.apache.commons.cli_1.9.0 [78])
2025-10-10 19:33:45,444 [Worker-17: Launching lostAndFoundApplication (17)] INFO  o.eclipse.m2e.core.internal.Bundles - 	Entry: C:\Users\Dhaswan\.p2\pool\plugins\org.apache.commons.cli_1.9.0.jar
2025-10-10 19:33:45,444 [Worker-17: Launching lostAndFoundApplication (17)] INFO  o.eclipse.m2e.core.internal.Bundles - getClasspathEntries(Bundle=org.apache.commons.commons-codec_1.16.0 [81])
2025-10-10 19:33:45,445 [Worker-17: Launching lostAndFoundApplication (17)] INFO  o.eclipse.m2e.core.internal.Bundles - 	Entry: C:\Users\Dhaswan\.p2\pool\plugins\org.apache.commons.commons-codec_1.16.0.jar
2025-10-10 19:33:45,445 [Worker-17: Launching lostAndFoundApplication (17)] INFO  o.eclipse.m2e.core.internal.Bundles - getClasspathEntries(Bundle=com.google.guava.failureaccess_1.0.3 [1029])
2025-10-10 19:33:45,445 [Worker-17: Launching lostAndFoundApplication (17)] INFO  o.eclipse.m2e.core.internal.Bundles - 	Entry: C:\Users\Dhaswan\.p2\pool\plugins\com.google.guava.failureaccess_1.0.3.jar
2025-10-10 19:33:45,448 [Worker-17: Launching lostAndFoundApplication (17)] INFO  o.e.m.i.launch.MavenLaunchDelegate - Run build in "S:\InfosysProject\CampusManagement\lostAndFoundApplication":
2025-10-10 19:33:45,453 [Worker-17: Launching lostAndFoundApplication (17)] INFO  o.e.m.i.launch.MavenLaunchDelegate -  mvn  -Ppom.xml -B -Dstyle.color=always clean install
2025-10-10 19:53:38,970 [Worker-1: Loading available Gradle versions] INFO  o.e.b.c.i.u.g.PublishedGradleVersions - Gradle version information cache is up-to-date. Trying to read.
2025-10-10 19:54:06,582 [Worker-9: Building] INFO  o.a.m.s.f.DefaultMavenResourcesFiltering - Copying 1 resource from src\main\resources to target\classes
2025-10-10 19:54:06,616 [Worker-9: Building] INFO  o.a.m.s.f.DefaultMavenResourcesFiltering - Copying 0 resource from src\main\resources to target\classes
2025-10-10 19:54:06,624 [Worker-9: Building] INFO  o.a.m.s.f.DefaultMavenResourcesFiltering - skip non existing resourceDirectory S:\InfosysProject\CampusManagement\lostAndFoundApplication\src\test\resources
2025-10-10 20:14:41,091 [Worker-40: Building] INFO  o.a.m.s.f.DefaultMavenResourcesFiltering - Copying 1 resource from src\main\resources to target\classes
2025-10-10 20:14:41,117 [Worker-40: Building] INFO  o.a.m.s.f.DefaultMavenResourcesFiltering - Copying 0 resource from src\main\resources to target\classes
2025-10-10 20:14:41,122 [Worker-40: Building] INFO  o.a.m.s.f.DefaultMavenResourcesFiltering - skip non existing resourceDirectory S:\InfosysProject\CampusManagement\lostAndFoundApplication\src\test\resources
2025-10-10 20:16:45,985 [Worker-41: Building] INFO  o.a.m.s.f.DefaultMavenResourcesFiltering - Copying 1 resource from src\main\resources to target\classes
2025-10-10 20:16:45,996 [Worker-41: Building] INFO  o.a.m.s.f.DefaultMavenResourcesFiltering - Copying 0 resource from src\main\resources to target\classes
2025-10-10 20:16:45,999 [Worker-41: Building] INFO  o.a.m.s.f.DefaultMavenResourcesFiltering - skip non existing resourceDirectory S:\InfosysProject\CampusManagement\lostAndFoundApplication\src\test\resources
2025-10-10 20:19:43,365 [Worker-47: Building] INFO  o.a.m.s.f.DefaultMavenResourcesFiltering - Copying 1 resource from src\main\resources to target\classes
2025-10-10 20:19:43,373 [Worker-47: Building] INFO  o.a.m.s.f.DefaultMavenResourcesFiltering - Copying 0 resource from src\main\resources to target\classes
2025-10-10 20:19:43,376 [Worker-47: Building] INFO  o.a.m.s.f.DefaultMavenResourcesFiltering - skip non existing resourceDirectory S:\InfosysProject\CampusManagement\lostAndFoundApplication\src\test\resources
2025-10-10 20:20:18,516 [Worker-41: Updating Maven Project] INFO  o.e.m.c.i.p.ProjectConfigurationManager - Update started
2025-10-10 20:20:19,804 [Worker-41: Updating Maven Project] INFO  o.e.m.c.i.l.LifecycleMappingFactory - Using org.eclipse.m2e.jdt.JarLifecycleMapping lifecycle mapping for MavenProject: edu.infosys:lostAndFoundApplication:0.0.1-SNAPSHOT @ S:\InfosysProject\CampusManagement\lostAndFoundApplication\pom.xml.
2025-10-10 20:20:21,120 [Worker-41: Updating Maven Project] INFO  o.e.m.j.i.AbstractJavaProjectConfigurator - Adding source folder /lostAndFoundApplication/src/main/java
2025-10-10 20:20:21,123 [Worker-41: Updating Maven Project] INFO  o.e.m.j.i.AbstractJavaProjectConfigurator - Adding resource folder /lostAndFoundApplication/src/main/resources
2025-10-10 20:20:21,125 [Worker-41: Updating Maven Project] INFO  o.e.m.j.i.AbstractJavaProjectConfigurator - Adding resource folder /lostAndFoundApplication/src/main/resources
2025-10-10 20:20:21,125 [Worker-41: Updating Maven Project] INFO  o.e.m.j.i.AbstractJavaProjectConfigurator - Adding source folder /lostAndFoundApplication/src/test/java
2025-10-10 20:20:21,126 [Worker-41: Updating Maven Project] INFO  o.e.m.j.i.AbstractJavaProjectConfigurator - Adding resource folder /lostAndFoundApplication/src/test/resources
2025-10-10 20:20:21,570 [Worker-41: Updating Maven Project] INFO  o.e.m.c.i.p.ProjectConfigurationManager - Update completed for 1 poms: local refresh takes 0.00 sec, refresh facades takes 2.00 sec, update config takes 0.00 sec 
2025-10-10 20:20:22,020 [Worker-41: Building] INFO  o.a.m.s.f.DefaultMavenResourcesFiltering - Copying 1 resource from src\main\resources to target\classes
2025-10-10 20:20:22,034 [Worker-41: Building] INFO  o.a.m.s.f.DefaultMavenResourcesFiltering - Copying 0 resource from src\main\resources to target\classes
2025-10-10 20:20:22,040 [Worker-41: Building] INFO  o.a.m.s.f.DefaultMavenResourcesFiltering - skip non existing resourceDirectory S:\InfosysProject\CampusManagement\lostAndFoundApplication\src\test\resources
2025-10-10 20:20:32,120 [main] INFO  o.e.m2e.actions.ExecutePomAction - Creating new launch configuration
2025-10-10 20:20:38,539 [Worker-45: Launching lostAndFoundApplication (18)] INFO  o.eclipse.m2e.core.internal.Bundles - getClasspathEntries(Bundle=org.eclipse.m2e.maven.runtime_3.9.900.20240824-1409 [640])
2025-10-10 20:20:38,543 [Worker-45: Launching lostAndFoundApplication (18)] INFO  o.eclipse.m2e.core.internal.Bundles - 	Entry: C:\Users\Dhaswan\.p2\pool\plugins\org.eclipse.m2e.maven.runtime_3.9.900.20240824-1409
2025-10-10 20:20:38,543 [Worker-45: Launching lostAndFoundApplication (18)] INFO  o.eclipse.m2e.core.internal.Bundles - 	Entry: C:\Users\Dhaswan\.p2\pool\plugins\org.eclipse.m2e.maven.runtime_3.9.900.20240824-1409\jars\aopalliance-1.0.jar
2025-10-10 20:20:38,543 [Worker-45: Launching lostAndFoundApplication (18)] INFO  o.eclipse.m2e.core.internal.Bundles - 	Entry: C:\Users\Dhaswan\.p2\pool\plugins\org.eclipse.m2e.maven.runtime_3.9.900.20240824-1409\jars\guice-5.1.0.jar
2025-10-10 20:20:38,543 [Worker-45: Launching lostAndFoundApplication (18)] INFO  o.eclipse.m2e.core.internal.Bundles - 	Entry: C:\Users\Dhaswan\.p2\pool\plugins\org.eclipse.m2e.maven.runtime_3.9.900.20240824-1409\jars\httpclient-4.5.14.jar
2025-10-10 20:20:38,543 [Worker-45: Launching lostAndFoundApplication (18)] INFO  o.eclipse.m2e.core.internal.Bundles - 	Entry: C:\Users\Dhaswan\.p2\pool\plugins\org.eclipse.m2e.maven.runtime_3.9.900.20240824-1409\jars\httpcore-4.4.16.jar
2025-10-10 20:20:38,543 [Worker-45: Launching lostAndFoundApplication (18)] INFO  o.eclipse.m2e.core.internal.Bundles - 	Entry: C:\Users\Dhaswan\.p2\pool\plugins\org.eclipse.m2e.maven.runtime_3.9.900.20240824-1409\jars\jansi-2.4.1.jar
2025-10-10 20:20:38,544 [Worker-45: Launching lostAndFoundApplication (18)] INFO  o.eclipse.m2e.core.internal.Bundles - 	Entry: C:\Users\Dhaswan\.p2\pool\plugins\org.eclipse.m2e.maven.runtime_3.9.900.20240824-1409\jars\jcl-over-slf4j-1.7.36.jar
2025-10-10 20:20:38,544 [Worker-45: Launching lostAndFoundApplication (18)] INFO  o.eclipse.m2e.core.internal.Bundles - 	Entry: C:\Users\Dhaswan\.p2\pool\plugins\org.eclipse.m2e.maven.runtime_3.9.900.20240824-1409\jars\maven-artifact-3.9.9.jar
2025-10-10 20:20:38,544 [Worker-45: Launching lostAndFoundApplication (18)] INFO  o.eclipse.m2e.core.internal.Bundles - 	Entry: C:\Users\Dhaswan\.p2\pool\plugins\org.eclipse.m2e.maven.runtime_3.9.900.20240824-1409\jars\maven-builder-support-3.9.9.jar
2025-10-10 20:20:38,544 [Worker-45: Launching lostAndFoundApplication (18)] INFO  o.eclipse.m2e.core.internal.Bundles - 	Entry: C:\Users\Dhaswan\.p2\pool\plugins\org.eclipse.m2e.maven.runtime_3.9.900.20240824-1409\jars\maven-compat-3.9.9.jar
2025-10-10 20:20:38,544 [Worker-45: Launching lostAndFoundApplication (18)] INFO  o.eclipse.m2e.core.internal.Bundles - 	Entry: C:\Users\Dhaswan\.p2\pool\plugins\org.eclipse.m2e.maven.runtime_3.9.900.20240824-1409\jars\maven-core-3.9.9.jar
2025-10-10 20:20:38,544 [Worker-45: Launching lostAndFoundApplication (18)] INFO  o.eclipse.m2e.core.internal.Bundles - 	Entry: C:\Users\Dhaswan\.p2\pool\plugins\org.eclipse.m2e.maven.runtime_3.9.900.20240824-1409\jars\maven-embedder-3.9.9.jar
2025-10-10 20:20:38,544 [Worker-45: Launching lostAndFoundApplication (18)] INFO  o.eclipse.m2e.core.internal.Bundles - 	Entry: C:\Users\Dhaswan\.p2\pool\plugins\org.eclipse.m2e.maven.runtime_3.9.900.20240824-1409\jars\maven-model-3.9.9.jar
2025-10-10 20:20:38,544 [Worker-45: Launching lostAndFoundApplication (18)] INFO  o.eclipse.m2e.core.internal.Bundles - 	Entry: C:\Users\Dhaswan\.p2\pool\plugins\org.eclipse.m2e.maven.runtime_3.9.900.20240824-1409\jars\maven-model-builder-3.9.9.jar
2025-10-10 20:20:38,545 [Worker-45: Launching lostAndFoundApplication (18)] INFO  o.eclipse.m2e.core.internal.Bundles - 	Entry: C:\Users\Dhaswan\.p2\pool\plugins\org.eclipse.m2e.maven.runtime_3.9.900.20240824-1409\jars\maven-plugin-api-3.9.9.jar
2025-10-10 20:20:38,545 [Worker-45: Launching lostAndFoundApplication (18)] INFO  o.eclipse.m2e.core.internal.Bundles - 	Entry: C:\Users\Dhaswan\.p2\pool\plugins\org.eclipse.m2e.maven.runtime_3.9.900.20240824-1409\jars\maven-repository-metadata-3.9.9.jar
2025-10-10 20:20:38,545 [Worker-45: Launching lostAndFoundApplication (18)] INFO  o.eclipse.m2e.core.internal.Bundles - 	Entry: C:\Users\Dhaswan\.p2\pool\plugins\org.eclipse.m2e.maven.runtime_3.9.900.20240824-1409\jars\maven-resolver-api-1.9.22.jar
2025-10-10 20:20:38,545 [Worker-45: Launching lostAndFoundApplication (18)] INFO  o.eclipse.m2e.core.internal.Bundles - 	Entry: C:\Users\Dhaswan\.p2\pool\plugins\org.eclipse.m2e.maven.runtime_3.9.900.20240824-1409\jars\maven-resolver-connector-basic-1.9.22.jar
2025-10-10 20:20:38,545 [Worker-45: Launching lostAndFoundApplication (18)] INFO  o.eclipse.m2e.core.internal.Bundles - 	Entry: C:\Users\Dhaswan\.p2\pool\plugins\org.eclipse.m2e.maven.runtime_3.9.900.20240824-1409\jars\maven-resolver-impl-1.9.22.jar
2025-10-10 20:20:38,545 [Worker-45: Launching lostAndFoundApplication (18)] INFO  o.eclipse.m2e.core.internal.Bundles - 	Entry: C:\Users\Dhaswan\.p2\pool\plugins\org.eclipse.m2e.maven.runtime_3.9.900.20240824-1409\jars\maven-resolver-named-locks-1.9.22.jar
2025-10-10 20:20:38,545 [Worker-45: Launching lostAndFoundApplication (18)] INFO  o.eclipse.m2e.core.internal.Bundles - 	Entry: C:\Users\Dhaswan\.p2\pool\plugins\org.eclipse.m2e.maven.runtime_3.9.900.20240824-1409\jars\maven-resolver-provider-3.9.9.jar
2025-10-10 20:20:38,545 [Worker-45: Launching lostAndFoundApplication (18)] INFO  o.eclipse.m2e.core.internal.Bundles - 	Entry: C:\Users\Dhaswan\.p2\pool\plugins\org.eclipse.m2e.maven.runtime_3.9.900.20240824-1409\jars\maven-resolver-spi-1.9.22.jar
2025-10-10 20:20:38,545 [Worker-45: Launching lostAndFoundApplication (18)] INFO  o.eclipse.m2e.core.internal.Bundles - 	Entry: C:\Users\Dhaswan\.p2\pool\plugins\org.eclipse.m2e.maven.runtime_3.9.900.20240824-1409\jars\maven-resolver-transport-file-1.9.22.jar
2025-10-10 20:20:38,546 [Worker-45: Launching lostAndFoundApplication (18)] INFO  o.eclipse.m2e.core.internal.Bundles - 	Entry: C:\Users\Dhaswan\.p2\pool\plugins\org.eclipse.m2e.maven.runtime_3.9.900.20240824-1409\jars\maven-resolver-transport-http-1.9.22.jar
2025-10-10 20:20:38,546 [Worker-45: Launching lostAndFoundApplication (18)] INFO  o.eclipse.m2e.core.internal.Bundles - 	Entry: C:\Users\Dhaswan\.p2\pool\plugins\org.eclipse.m2e.maven.runtime_3.9.900.20240824-1409\jars\maven-resolver-transport-wagon-1.9.22.jar
2025-10-10 20:20:38,546 [Worker-45: Launching lostAndFoundApplication (18)] INFO  o.eclipse.m2e.core.internal.Bundles - 	Entry: C:\Users\Dhaswan\.p2\pool\plugins\org.eclipse.m2e.maven.runtime_3.9.900.20240824-1409\jars\maven-resolver-util-1.9.22.jar
2025-10-10 20:20:38,546 [Worker-45: Launching lostAndFoundApplication (18)] INFO  o.eclipse.m2e.core.internal.Bundles - 	Entry: C:\Users\Dhaswan\.p2\pool\plugins\org.eclipse.m2e.maven.runtime_3.9.900.20240824-1409\jars\maven-settings-3.9.9.jar
2025-10-10 20:20:38,546 [Worker-45: Launching lostAndFoundApplication (18)] INFO  o.eclipse.m2e.core.internal.Bundles - 	Entry: C:\Users\Dhaswan\.p2\pool\plugins\org.eclipse.m2e.maven.runtime_3.9.900.20240824-1409\jars\maven-settings-builder-3.9.9.jar
2025-10-10 20:20:38,546 [Worker-45: Launching lostAndFoundApplication (18)] INFO  o.eclipse.m2e.core.internal.Bundles - 	Entry: C:\Users\Dhaswan\.p2\pool\plugins\org.eclipse.m2e.maven.runtime_3.9.900.20240824-1409\jars\maven-shared-utils-3.4.2.jar
2025-10-10 20:20:38,546 [Worker-45: Launching lostAndFoundApplication (18)] INFO  o.eclipse.m2e.core.internal.Bundles - 	Entry: C:\Users\Dhaswan\.p2\pool\plugins\org.eclipse.m2e.maven.runtime_3.9.900.20240824-1409\jars\org.eclipse.sisu.inject-0.9.0.M3.jar
2025-10-10 20:20:38,546 [Worker-45: Launching lostAndFoundApplication (18)] INFO  o.eclipse.m2e.core.internal.Bundles - 	Entry: C:\Users\Dhaswan\.p2\pool\plugins\org.eclipse.m2e.maven.runtime_3.9.900.20240824-1409\jars\org.eclipse.sisu.plexus-0.9.0.M3.jar
2025-10-10 20:20:38,548 [Worker-45: Launching lostAndFoundApplication (18)] INFO  o.eclipse.m2e.core.internal.Bundles - 	Entry: C:\Users\Dhaswan\.p2\pool\plugins\org.eclipse.m2e.maven.runtime_3.9.900.20240824-1409\jars\plexus-build-api-0.0.7.jar
2025-10-10 20:20:38,548 [Worker-45: Launching lostAndFoundApplication (18)] INFO  o.eclipse.m2e.core.internal.Bundles - 	Entry: C:\Users\Dhaswan\.p2\pool\plugins\org.eclipse.m2e.maven.runtime_3.9.900.20240824-1409\jars\plexus-build-api-1.2.0.jar
2025-10-10 20:20:38,548 [Worker-45: Launching lostAndFoundApplication (18)] INFO  o.eclipse.m2e.core.internal.Bundles - 	Entry: C:\Users\Dhaswan\.p2\pool\plugins\org.eclipse.m2e.maven.runtime_3.9.900.20240824-1409\jars\plexus-cipher-2.0.jar
2025-10-10 20:20:38,548 [Worker-45: Launching lostAndFoundApplication (18)] INFO  o.eclipse.m2e.core.internal.Bundles - 	Entry: C:\Users\Dhaswan\.p2\pool\plugins\org.eclipse.m2e.maven.runtime_3.9.900.20240824-1409\jars\plexus-classworlds-2.8.0.jar
2025-10-10 20:20:38,548 [Worker-45: Launching lostAndFoundApplication (18)] INFO  o.eclipse.m2e.core.internal.Bundles - 	Entry: C:\Users\Dhaswan\.p2\pool\plugins\org.eclipse.m2e.maven.runtime_3.9.900.20240824-1409\jars\plexus-component-annotations-2.1.0.jar
2025-10-10 20:20:38,548 [Worker-45: Launching lostAndFoundApplication (18)] INFO  o.eclipse.m2e.core.internal.Bundles - 	Entry: C:\Users\Dhaswan\.p2\pool\plugins\org.eclipse.m2e.maven.runtime_3.9.900.20240824-1409\jars\plexus-interpolation-1.27.jar
2025-10-10 20:20:38,549 [Worker-45: Launching lostAndFoundApplication (18)] INFO  o.eclipse.m2e.core.internal.Bundles - 	Entry: C:\Users\Dhaswan\.p2\pool\plugins\org.eclipse.m2e.maven.runtime_3.9.900.20240824-1409\jars\plexus-sec-dispatcher-2.0.jar
2025-10-10 20:20:38,549 [Worker-45: Launching lostAndFoundApplication (18)] INFO  o.eclipse.m2e.core.internal.Bundles - 	Entry: C:\Users\Dhaswan\.p2\pool\plugins\org.eclipse.m2e.maven.runtime_3.9.900.20240824-1409\jars\plexus-utils-3.5.1.jar
2025-10-10 20:20:38,549 [Worker-45: Launching lostAndFoundApplication (18)] INFO  o.eclipse.m2e.core.internal.Bundles - 	Entry: C:\Users\Dhaswan\.p2\pool\plugins\org.eclipse.m2e.maven.runtime_3.9.900.20240824-1409\jars\plexus-xml-3.0.1.jar
2025-10-10 20:20:38,549 [Worker-45: Launching lostAndFoundApplication (18)] INFO  o.eclipse.m2e.core.internal.Bundles - 	Entry: C:\Users\Dhaswan\.p2\pool\plugins\org.eclipse.m2e.maven.runtime_3.9.900.20240824-1409\jars\wagon-file-3.5.3.jar
2025-10-10 20:20:38,549 [Worker-45: Launching lostAndFoundApplication (18)] INFO  o.eclipse.m2e.core.internal.Bundles - 	Entry: C:\Users\Dhaswan\.p2\pool\plugins\org.eclipse.m2e.maven.runtime_3.9.900.20240824-1409\jars\wagon-http-3.5.3.jar
2025-10-10 20:20:38,550 [Worker-45: Launching lostAndFoundApplication (18)] INFO  o.eclipse.m2e.core.internal.Bundles - 	Entry: C:\Users\Dhaswan\.p2\pool\plugins\org.eclipse.m2e.maven.runtime_3.9.900.20240824-1409\jars\wagon-http-shared-3.5.3.jar
2025-10-10 20:20:38,550 [Worker-45: Launching lostAndFoundApplication (18)] INFO  o.eclipse.m2e.core.internal.Bundles - 	Entry: C:\Users\Dhaswan\.p2\pool\plugins\org.eclipse.m2e.maven.runtime_3.9.900.20240824-1409\jars\wagon-provider-api-3.5.3.jar
2025-10-10 20:20:38,552 [Worker-45: Launching lostAndFoundApplication (18)] INFO  o.eclipse.m2e.core.internal.Bundles - getClasspathEntries(Bundle=com.google.guava_33.4.8.jre [1028])
2025-10-10 20:20:38,553 [Worker-45: Launching lostAndFoundApplication (18)] INFO  o.eclipse.m2e.core.internal.Bundles - 	Entry: C:\Users\Dhaswan\.p2\pool\plugins\com.google.guava_33.4.8.jre.jar
2025-10-10 20:20:38,554 [Worker-45: Launching lostAndFoundApplication (18)] INFO  o.eclipse.m2e.core.internal.Bundles - getClasspathEntries(Bundle=slf4j.api_2.0.17 [1112])
2025-10-10 20:20:38,554 [Worker-45: Launching lostAndFoundApplication (18)] INFO  o.eclipse.m2e.core.internal.Bundles - 	Entry: C:\Users\Dhaswan\.p2\pool\plugins\slf4j.api_2.0.17.jar
2025-10-10 20:20:38,554 [Worker-45: Launching lostAndFoundApplication (18)] INFO  o.eclipse.m2e.core.internal.Bundles - getClasspathEntries(Bundle=jakarta.inject.jakarta.inject-api_1.0.5 [34])
2025-10-10 20:20:38,555 [Worker-45: Launching lostAndFoundApplication (18)] INFO  o.eclipse.m2e.core.internal.Bundles - 	Entry: C:\Users\Dhaswan\.p2\pool\plugins\jakarta.inject.jakarta.inject-api_1.0.5.jar
2025-10-10 20:20:38,555 [Worker-45: Launching lostAndFoundApplication (18)] INFO  o.eclipse.m2e.core.internal.Bundles - getClasspathEntries(Bundle=jakarta.annotation-api_1.3.5 [29])
2025-10-10 20:20:38,556 [Worker-45: Launching lostAndFoundApplication (18)] INFO  o.eclipse.m2e.core.internal.Bundles - 	Entry: C:\Users\Dhaswan\.p2\pool\plugins\jakarta.annotation-api_1.3.5.jar
2025-10-10 20:20:38,556 [Worker-45: Launching lostAndFoundApplication (18)] INFO  o.eclipse.m2e.core.internal.Bundles - getClasspathEntries(Bundle=org.apache.commons.cli_1.9.0 [78])
2025-10-10 20:20:38,556 [Worker-45: Launching lostAndFoundApplication (18)] INFO  o.eclipse.m2e.core.internal.Bundles - 	Entry: C:\Users\Dhaswan\.p2\pool\plugins\org.apache.commons.cli_1.9.0.jar
2025-10-10 20:20:38,556 [Worker-45: Launching lostAndFoundApplication (18)] INFO  o.eclipse.m2e.core.internal.Bundles - getClasspathEntries(Bundle=org.apache.commons.commons-codec_1.16.0 [81])
2025-10-10 20:20:38,556 [Worker-45: Launching lostAndFoundApplication (18)] INFO  o.eclipse.m2e.core.internal.Bundles - 	Entry: C:\Users\Dhaswan\.p2\pool\plugins\org.apache.commons.commons-codec_1.16.0.jar
2025-10-10 20:20:38,556 [Worker-45: Launching lostAndFoundApplication (18)] INFO  o.eclipse.m2e.core.internal.Bundles - getClasspathEntries(Bundle=com.google.guava.failureaccess_1.0.3 [1029])
2025-10-10 20:20:38,558 [Worker-45: Launching lostAndFoundApplication (18)] INFO  o.eclipse.m2e.core.internal.Bundles - 	Entry: C:\Users\Dhaswan\.p2\pool\plugins\com.google.guava.failureaccess_1.0.3.jar
2025-10-10 20:20:38,560 [Worker-45: Launching lostAndFoundApplication (18)] INFO  o.e.m.i.launch.MavenLaunchDelegate - Run build in "S:\InfosysProject\CampusManagement\lostAndFoundApplication":
2025-10-10 20:20:38,561 [Worker-45: Launching lostAndFoundApplication (18)] INFO  o.e.m.i.launch.MavenLaunchDelegate -  mvn  -Ppom.xml -B -Dstyle.color=always clean install
2025-10-13 20:03:11,897 [Worker-7: Loading available Gradle versions] INFO  o.e.b.c.i.u.g.PublishedGradleVersions - Gradle version information cache is out-of-date. Trying to update.
2025-10-16 19:57:18,234 [Worker-2: Loading available Gradle versions] INFO  o.e.b.c.i.u.g.PublishedGradleVersions - Gradle version information cache is out-of-date. Trying to update.
2025-10-16 20:31:40,570 [Worker-40: Building] INFO  o.e.m.c.i.l.LifecycleMappingFactory - Using org.eclipse.m2e.jdt.JarLifecycleMapping lifecycle mapping for MavenProject: edu.infosys:lostAndFoundApplication:0.0.1-SNAPSHOT @ S:\InfosysProject\CampusManagement\lostAndFoundApplication\pom.xml.
2025-10-16 20:31:41,674 [Worker-40: Building] INFO  o.e.m.c.i.e.AbstractTransferListenerAdapter - Downloading https://repo.maven.apache.org/maven2/org/apache/commons/commons-text/1.10.0/commons-text-1.10.0.pom
2025-10-16 20:31:41,698 [Worker-40: Building] INFO  o.e.m.c.i.e.AbstractTransferListenerAdapter - Downloaded https://repo.maven.apache.org/maven2/org/apache/commons/commons-text/1.10.0/commons-text-1.10.0.pom
2025-10-16 20:31:41,835 [Worker-40: Building] INFO  o.e.m.c.i.e.AbstractTransferListenerAdapter - Downloading https://repo.maven.apache.org/maven2/org/apache/commons/commons-parent/54/commons-parent-54.pom
2025-10-16 20:31:41,901 [Worker-40: Building] INFO  o.e.m.c.i.e.AbstractTransferListenerAdapter - Downloaded https://repo.maven.apache.org/maven2/org/apache/commons/commons-parent/54/commons-parent-54.pom
2025-10-16 20:31:42,388 [Worker-40: Building] INFO  o.e.m.c.i.e.AbstractTransferListenerAdapter - Downloading https://repo.maven.apache.org/maven2/org/apache/commons/commons-text/1.10.0/commons-text-1.10.0.jar
2025-10-16 20:31:42,927 [Worker-40: Building] INFO  o.e.m.c.i.e.AbstractTransferListenerAdapter - Downloaded https://repo.maven.apache.org/maven2/org/apache/commons/commons-text/1.10.0/commons-text-1.10.0.jar
2025-10-16 20:31:43,921 [Worker-40: Building] INFO  o.a.m.s.f.DefaultMavenResourcesFiltering - Copying 1 resource from src\main\resources to target\classes
2025-10-16 20:31:43,949 [Worker-40: Building] INFO  o.a.m.s.f.DefaultMavenResourcesFiltering - Copying 0 resource from src\main\resources to target\classes
2025-10-16 20:31:43,953 [Worker-40: Building] INFO  o.a.m.s.f.DefaultMavenResourcesFiltering - skip non existing resourceDirectory S:\InfosysProject\CampusManagement\lostAndFoundApplication\src\test\resources
2025-10-16 20:31:45,194 [Worker-38: Download sources and javadoc] INFO  o.e.m.c.i.e.AbstractTransferListenerAdapter - Downloading https://repo.maven.apache.org/maven2/org/apache/commons/commons-text/1.10.0/commons-text-1.10.0-sources.jar
2025-10-16 20:31:45,461 [Worker-43: Building] INFO  o.a.m.s.f.DefaultMavenResourcesFiltering - Copying 1 resource from src\main\resources to target\classes
2025-10-16 20:31:45,467 [Worker-43: Building] INFO  o.a.m.s.f.DefaultMavenResourcesFiltering - Copying 0 resource from src\main\resources to target\classes
2025-10-16 20:31:45,478 [Worker-43: Building] INFO  o.a.m.s.f.DefaultMavenResourcesFiltering - skip non existing resourceDirectory S:\InfosysProject\CampusManagement\lostAndFoundApplication\src\test\resources
2025-10-16 20:31:45,528 [Worker-38: Download sources and javadoc] INFO  o.e.m.c.i.e.AbstractTransferListenerAdapter - Downloaded https://repo.maven.apache.org/maven2/org/apache/commons/commons-text/1.10.0/commons-text-1.10.0-sources.jar
2025-10-16 20:31:45,535 [Worker-38: Download sources and javadoc] INFO  o.e.m.j.internal.DownloadSourcesJob - Downloaded sources for org.apache.commons:commons-text:1.10.0
2025-10-16 20:31:46,991 [Worker-38: Download sources and javadoc] INFO  o.e.m.c.i.e.AbstractTransferListenerAdapter - Downloading https://repo.maven.apache.org/maven2/org/apache/commons/commons-lang3/3.14.0/commons-lang3-3.14.0-sources.jar
2025-10-16 20:31:52,050 [Worker-38: Download sources and javadoc] INFO  o.e.m.c.i.e.AbstractTransferListenerAdapter - Downloaded https://repo.maven.apache.org/maven2/org/apache/commons/commons-lang3/3.14.0/commons-lang3-3.14.0-sources.jar
2025-10-16 20:31:52,054 [Worker-38: Download sources and javadoc] INFO  o.e.m.j.internal.DownloadSourcesJob - Downloaded sources for org.apache.commons:commons-lang3:3.14.0
2025-10-16 20:32:43,592 [Worker-38: Building] INFO  o.a.m.s.f.DefaultMavenResourcesFiltering - Copying 1 resource from src\main\resources to target\classes
2025-10-16 20:32:43,680 [Worker-38: Building] INFO  o.a.m.s.f.DefaultMavenResourcesFiltering - Copying 0 resource from src\main\resources to target\classes
2025-10-16 20:32:43,685 [Worker-38: Building] INFO  o.a.m.s.f.DefaultMavenResourcesFiltering - skip non existing resourceDirectory S:\InfosysProject\CampusManagement\lostAndFoundApplication\src\test\resources
2025-10-16 20:33:49,482 [Worker-42: Building] INFO  o.a.m.s.f.DefaultMavenResourcesFiltering - Copying 1 resource from src\main\resources to target\classes
2025-10-16 20:33:49,499 [Worker-42: Building] INFO  o.a.m.s.f.DefaultMavenResourcesFiltering - Copying 0 resource from src\main\resources to target\classes
2025-10-16 20:33:49,503 [Worker-42: Building] INFO  o.a.m.s.f.DefaultMavenResourcesFiltering - skip non existing resourceDirectory S:\InfosysProject\CampusManagement\lostAndFoundApplication\src\test\resources
2025-10-16 20:38:41,768 [Worker-40: Building] INFO  o.a.m.s.f.DefaultMavenResourcesFiltering - Copying 1 resource from src\main\resources to target\classes
2025-10-16 20:38:41,817 [Worker-40: Building] INFO  o.a.m.s.f.DefaultMavenResourcesFiltering - Copying 0 resource from src\main\resources to target\classes
2025-10-16 20:38:41,822 [Worker-40: Building] INFO  o.a.m.s.f.DefaultMavenResourcesFiltering - skip non existing resourceDirectory S:\InfosysProject\CampusManagement\lostAndFoundApplication\src\test\resources
2025-10-16 20:38:45,211 [Worker-40: Building] INFO  o.a.m.s.f.DefaultMavenResourcesFiltering - Copying 1 resource from src\main\resources to target\classes
2025-10-16 20:38:45,243 [Worker-40: Building] INFO  o.a.m.s.f.DefaultMavenResourcesFiltering - Copying 0 resource from src\main\resources to target\classes
2025-10-16 20:38:45,248 [Worker-40: Building] INFO  o.a.m.s.f.DefaultMavenResourcesFiltering - skip non existing resourceDirectory S:\InfosysProject\CampusManagement\lostAndFoundApplication\src\test\resources
2025-10-17 19:53:44,302 [Worker-4: Loading available Gradle versions] INFO  o.e.b.c.i.u.g.PublishedGradleVersions - Gradle version information cache is up-to-date. Trying to read.
2025-10-17 19:53:49,334 [Worker-4: Building] INFO  o.a.m.s.f.DefaultMavenResourcesFiltering - Copying 1 resource from src\main\resources to target\classes
2025-10-17 19:53:49,390 [Worker-4: Building] INFO  o.a.m.s.f.DefaultMavenResourcesFiltering - Copying 0 resource from src\main\resources to target\classes
2025-10-17 19:53:49,400 [Worker-4: Building] INFO  o.a.m.s.f.DefaultMavenResourcesFiltering - skip non existing resourceDirectory S:\InfosysProject\CampusManagement\lostAndFoundApplication\src\test\resources
2025-10-17 19:54:12,918 [Worker-27: Building] INFO  o.a.m.s.f.DefaultMavenResourcesFiltering - Copying 1 resource from src\main\resources to target\classes
2025-10-17 19:54:12,948 [Worker-27: Building] INFO  o.a.m.s.f.DefaultMavenResourcesFiltering - Copying 0 resource from src\main\resources to target\classes
2025-10-17 19:54:12,953 [Worker-27: Building] INFO  o.a.m.s.f.DefaultMavenResourcesFiltering - skip non existing resourceDirectory S:\InfosysProject\CampusManagement\lostAndFoundApplication\src\test\resources
2025-10-21 20:03:36,872 [Worker-6: Loading available Gradle versions] INFO  o.e.b.c.i.u.g.PublishedGradleVersions - Gradle version information cache is out-of-date. Trying to update.
2025-10-21 20:07:03,763 [ModalContext] INFO  o.e.m.c.i.e.AbstractTransferListenerAdapter - Downloading https://repo.maven.apache.org/maven2/org/apache/maven/archetypes/maven-archetype-quickstart/1.5/maven-archetype-quickstart-1.5.pom
2025-10-21 20:07:03,814 [ModalContext] INFO  o.e.m.c.i.e.AbstractTransferListenerAdapter - Downloaded https://repo.maven.apache.org/maven2/org/apache/maven/archetypes/maven-archetype-quickstart/1.5/maven-archetype-quickstart-1.5.pom
2025-10-21 20:07:03,989 [ModalContext] INFO  o.e.m.c.i.e.AbstractTransferListenerAdapter - Downloading https://repo.maven.apache.org/maven2/org/apache/maven/archetypes/maven-archetype-bundles/1.5/maven-archetype-bundles-1.5.pom
2025-10-21 20:07:04,029 [ModalContext] INFO  o.e.m.c.i.e.AbstractTransferListenerAdapter - Downloaded https://repo.maven.apache.org/maven2/org/apache/maven/archetypes/maven-archetype-bundles/1.5/maven-archetype-bundles-1.5.pom
2025-10-21 20:07:04,199 [ModalContext] INFO  o.e.m.c.i.e.AbstractTransferListenerAdapter - Downloading https://repo.maven.apache.org/maven2/org/apache/maven/archetypes/maven-archetype-quickstart/1.5/maven-archetype-quickstart-1.5.jar
2025-10-21 20:07:04,239 [ModalContext] INFO  o.e.m.c.i.e.AbstractTransferListenerAdapter - Downloaded https://repo.maven.apache.org/maven2/org/apache/maven/archetypes/maven-archetype-quickstart/1.5/maven-archetype-quickstart-1.5.jar
2025-10-21 20:18:53,268 [ModalContext] INFO  o.e.m.c.i.e.AbstractTransferListenerAdapter - Downloading https://repo.maven.apache.org/maven2/org/apache/maven/archetypes/maven-archetype-quickstart/1.1/maven-archetype-quickstart-1.1.pom
2025-10-21 20:18:53,316 [ModalContext] INFO  o.e.m.c.i.e.AbstractTransferListenerAdapter - Downloaded https://repo.maven.apache.org/maven2/org/apache/maven/archetypes/maven-archetype-quickstart/1.1/maven-archetype-quickstart-1.1.pom
2025-10-21 20:38:30,974 [Worker-5: Loading available Gradle versions] INFO  o.e.b.c.i.u.g.PublishedGradleVersions - Gradle version information cache is up-to-date. Trying to read.
2025-10-22 19:48:06,187 [Worker-4: Loading available Gradle versions] INFO  o.e.b.c.i.u.g.PublishedGradleVersions - Gradle version information cache is up-to-date. Trying to read.
2025-10-22 20:09:50,141 [Worker-35: Launching mavenrun-90429fbd-cd9c-4d98-9e87-fdabcf898d43] INFO  o.eclipse.m2e.core.internal.Bundles - getClasspathEntries(Bundle=org.eclipse.m2e.maven.runtime_3.9.900.20240824-1409 [640])
2025-10-22 20:09:50,154 [Worker-35: Launching mavenrun-90429fbd-cd9c-4d98-9e87-fdabcf898d43] INFO  o.eclipse.m2e.core.internal.Bundles - 	Entry: C:\Users\Dhaswan\.p2\pool\plugins\org.eclipse.m2e.maven.runtime_3.9.900.20240824-1409
2025-10-22 20:09:50,154 [Worker-35: Launching mavenrun-90429fbd-cd9c-4d98-9e87-fdabcf898d43] INFO  o.eclipse.m2e.core.internal.Bundles - 	Entry: C:\Users\Dhaswan\.p2\pool\plugins\org.eclipse.m2e.maven.runtime_3.9.900.20240824-1409\jars\aopalliance-1.0.jar
2025-10-22 20:09:50,155 [Worker-35: Launching mavenrun-90429fbd-cd9c-4d98-9e87-fdabcf898d43] INFO  o.eclipse.m2e.core.internal.Bundles - 	Entry: C:\Users\Dhaswan\.p2\pool\plugins\org.eclipse.m2e.maven.runtime_3.9.900.20240824-1409\jars\guice-5.1.0.jar
2025-10-22 20:09:50,155 [Worker-35: Launching mavenrun-90429fbd-cd9c-4d98-9e87-fdabcf898d43] INFO  o.eclipse.m2e.core.internal.Bundles - 	Entry: C:\Users\Dhaswan\.p2\pool\plugins\org.eclipse.m2e.maven.runtime_3.9.900.20240824-1409\jars\httpclient-4.5.14.jar
2025-10-22 20:09:50,155 [Worker-35: Launching mavenrun-90429fbd-cd9c-4d98-9e87-fdabcf898d43] INFO  o.eclipse.m2e.core.internal.Bundles - 	Entry: C:\Users\Dhaswan\.p2\pool\plugins\org.eclipse.m2e.maven.runtime_3.9.900.20240824-1409\jars\httpcore-4.4.16.jar
2025-10-22 20:09:50,155 [Worker-35: Launching mavenrun-90429fbd-cd9c-4d98-9e87-fdabcf898d43] INFO  o.eclipse.m2e.core.internal.Bundles - 	Entry: C:\Users\Dhaswan\.p2\pool\plugins\org.eclipse.m2e.maven.runtime_3.9.900.20240824-1409\jars\jansi-2.4.1.jar
2025-10-22 20:09:50,156 [Worker-35: Launching mavenrun-90429fbd-cd9c-4d98-9e87-fdabcf898d43] INFO  o.eclipse.m2e.core.internal.Bundles - 	Entry: C:\Users\Dhaswan\.p2\pool\plugins\org.eclipse.m2e.maven.runtime_3.9.900.20240824-1409\jars\jcl-over-slf4j-1.7.36.jar
2025-10-22 20:09:50,156 [Worker-35: Launching mavenrun-90429fbd-cd9c-4d98-9e87-fdabcf898d43] INFO  o.eclipse.m2e.core.internal.Bundles - 	Entry: C:\Users\Dhaswan\.p2\pool\plugins\org.eclipse.m2e.maven.runtime_3.9.900.20240824-1409\jars\maven-artifact-3.9.9.jar
2025-10-22 20:09:50,156 [Worker-35: Launching mavenrun-90429fbd-cd9c-4d98-9e87-fdabcf898d43] INFO  o.eclipse.m2e.core.internal.Bundles - 	Entry: C:\Users\Dhaswan\.p2\pool\plugins\org.eclipse.m2e.maven.runtime_3.9.900.20240824-1409\jars\maven-builder-support-3.9.9.jar
2025-10-22 20:09:50,156 [Worker-35: Launching mavenrun-90429fbd-cd9c-4d98-9e87-fdabcf898d43] INFO  o.eclipse.m2e.core.internal.Bundles - 	Entry: C:\Users\Dhaswan\.p2\pool\plugins\org.eclipse.m2e.maven.runtime_3.9.900.20240824-1409\jars\maven-compat-3.9.9.jar
2025-10-22 20:09:50,157 [Worker-35: Launching mavenrun-90429fbd-cd9c-4d98-9e87-fdabcf898d43] INFO  o.eclipse.m2e.core.internal.Bundles - 	Entry: C:\Users\Dhaswan\.p2\pool\plugins\org.eclipse.m2e.maven.runtime_3.9.900.20240824-1409\jars\maven-core-3.9.9.jar
2025-10-22 20:09:50,157 [Worker-35: Launching mavenrun-90429fbd-cd9c-4d98-9e87-fdabcf898d43] INFO  o.eclipse.m2e.core.internal.Bundles - 	Entry: C:\Users\Dhaswan\.p2\pool\plugins\org.eclipse.m2e.maven.runtime_3.9.900.20240824-1409\jars\maven-embedder-3.9.9.jar
2025-10-22 20:09:50,157 [Worker-35: Launching mavenrun-90429fbd-cd9c-4d98-9e87-fdabcf898d43] INFO  o.eclipse.m2e.core.internal.Bundles - 	Entry: C:\Users\Dhaswan\.p2\pool\plugins\org.eclipse.m2e.maven.runtime_3.9.900.20240824-1409\jars\maven-model-3.9.9.jar
2025-10-22 20:09:50,157 [Worker-35: Launching mavenrun-90429fbd-cd9c-4d98-9e87-fdabcf898d43] INFO  o.eclipse.m2e.core.internal.Bundles - 	Entry: C:\Users\Dhaswan\.p2\pool\plugins\org.eclipse.m2e.maven.runtime_3.9.900.20240824-1409\jars\maven-model-builder-3.9.9.jar
2025-10-22 20:09:50,157 [Worker-35: Launching mavenrun-90429fbd-cd9c-4d98-9e87-fdabcf898d43] INFO  o.eclipse.m2e.core.internal.Bundles - 	Entry: C:\Users\Dhaswan\.p2\pool\plugins\org.eclipse.m2e.maven.runtime_3.9.900.20240824-1409\jars\maven-plugin-api-3.9.9.jar
2025-10-22 20:09:50,158 [Worker-35: Launching mavenrun-90429fbd-cd9c-4d98-9e87-fdabcf898d43] INFO  o.eclipse.m2e.core.internal.Bundles - 	Entry: C:\Users\Dhaswan\.p2\pool\plugins\org.eclipse.m2e.maven.runtime_3.9.900.20240824-1409\jars\maven-repository-metadata-3.9.9.jar
2025-10-22 20:09:50,158 [Worker-35: Launching mavenrun-90429fbd-cd9c-4d98-9e87-fdabcf898d43] INFO  o.eclipse.m2e.core.internal.Bundles - 	Entry: C:\Users\Dhaswan\.p2\pool\plugins\org.eclipse.m2e.maven.runtime_3.9.900.20240824-1409\jars\maven-resolver-api-1.9.22.jar
2025-10-22 20:09:50,158 [Worker-35: Launching mavenrun-90429fbd-cd9c-4d98-9e87-fdabcf898d43] INFO  o.eclipse.m2e.core.internal.Bundles - 	Entry: C:\Users\Dhaswan\.p2\pool\plugins\org.eclipse.m2e.maven.runtime_3.9.900.20240824-1409\jars\maven-resolver-connector-basic-1.9.22.jar
2025-10-22 20:09:50,158 [Worker-35: Launching mavenrun-90429fbd-cd9c-4d98-9e87-fdabcf898d43] INFO  o.eclipse.m2e.core.internal.Bundles - 	Entry: C:\Users\Dhaswan\.p2\pool\plugins\org.eclipse.m2e.maven.runtime_3.9.900.20240824-1409\jars\maven-resolver-impl-1.9.22.jar
2025-10-22 20:09:50,158 [Worker-35: Launching mavenrun-90429fbd-cd9c-4d98-9e87-fdabcf898d43] INFO  o.eclipse.m2e.core.internal.Bundles - 	Entry: C:\Users\Dhaswan\.p2\pool\plugins\org.eclipse.m2e.maven.runtime_3.9.900.20240824-1409\jars\maven-resolver-named-locks-1.9.22.jar
2025-10-22 20:09:50,158 [Worker-35: Launching mavenrun-90429fbd-cd9c-4d98-9e87-fdabcf898d43] INFO  o.eclipse.m2e.core.internal.Bundles - 	Entry: C:\Users\Dhaswan\.p2\pool\plugins\org.eclipse.m2e.maven.runtime_3.9.900.20240824-1409\jars\maven-resolver-provider-3.9.9.jar
2025-10-22 20:09:50,159 [Worker-35: Launching mavenrun-90429fbd-cd9c-4d98-9e87-fdabcf898d43] INFO  o.eclipse.m2e.core.internal.Bundles - 	Entry: C:\Users\Dhaswan\.p2\pool\plugins\org.eclipse.m2e.maven.runtime_3.9.900.20240824-1409\jars\maven-resolver-spi-1.9.22.jar
2025-10-22 20:09:50,159 [Worker-35: Launching mavenrun-90429fbd-cd9c-4d98-9e87-fdabcf898d43] INFO  o.eclipse.m2e.core.internal.Bundles - 	Entry: C:\Users\Dhaswan\.p2\pool\plugins\org.eclipse.m2e.maven.runtime_3.9.900.20240824-1409\jars\maven-resolver-transport-file-1.9.22.jar
2025-10-22 20:09:50,159 [Worker-35: Launching mavenrun-90429fbd-cd9c-4d98-9e87-fdabcf898d43] INFO  o.eclipse.m2e.core.internal.Bundles - 	Entry: C:\Users\Dhaswan\.p2\pool\plugins\org.eclipse.m2e.maven.runtime_3.9.900.20240824-1409\jars\maven-resolver-transport-http-1.9.22.jar
2025-10-22 20:09:50,159 [Worker-35: Launching mavenrun-90429fbd-cd9c-4d98-9e87-fdabcf898d43] INFO  o.eclipse.m2e.core.internal.Bundles - 	Entry: C:\Users\Dhaswan\.p2\pool\plugins\org.eclipse.m2e.maven.runtime_3.9.900.20240824-1409\jars\maven-resolver-transport-wagon-1.9.22.jar
2025-10-22 20:09:50,159 [Worker-35: Launching mavenrun-90429fbd-cd9c-4d98-9e87-fdabcf898d43] INFO  o.eclipse.m2e.core.internal.Bundles - 	Entry: C:\Users\Dhaswan\.p2\pool\plugins\org.eclipse.m2e.maven.runtime_3.9.900.20240824-1409\jars\maven-resolver-util-1.9.22.jar
2025-10-22 20:09:50,160 [Worker-35: Launching mavenrun-90429fbd-cd9c-4d98-9e87-fdabcf898d43] INFO  o.eclipse.m2e.core.internal.Bundles - 	Entry: C:\Users\Dhaswan\.p2\pool\plugins\org.eclipse.m2e.maven.runtime_3.9.900.20240824-1409\jars\maven-settings-3.9.9.jar
2025-10-22 20:09:50,160 [Worker-35: Launching mavenrun-90429fbd-cd9c-4d98-9e87-fdabcf898d43] INFO  o.eclipse.m2e.core.internal.Bundles - 	Entry: C:\Users\Dhaswan\.p2\pool\plugins\org.eclipse.m2e.maven.runtime_3.9.900.20240824-1409\jars\maven-settings-builder-3.9.9.jar
2025-10-22 20:09:50,160 [Worker-35: Launching mavenrun-90429fbd-cd9c-4d98-9e87-fdabcf898d43] INFO  o.eclipse.m2e.core.internal.Bundles - 	Entry: C:\Users\Dhaswan\.p2\pool\plugins\org.eclipse.m2e.maven.runtime_3.9.900.20240824-1409\jars\maven-shared-utils-3.4.2.jar
2025-10-22 20:09:50,160 [Worker-35: Launching mavenrun-90429fbd-cd9c-4d98-9e87-fdabcf898d43] INFO  o.eclipse.m2e.core.internal.Bundles - 	Entry: C:\Users\Dhaswan\.p2\pool\plugins\org.eclipse.m2e.maven.runtime_3.9.900.20240824-1409\jars\org.eclipse.sisu.inject-0.9.0.M3.jar
2025-10-22 20:09:50,160 [Worker-35: Launching mavenrun-90429fbd-cd9c-4d98-9e87-fdabcf898d43] INFO  o.eclipse.m2e.core.internal.Bundles - 	Entry: C:\Users\Dhaswan\.p2\pool\plugins\org.eclipse.m2e.maven.runtime_3.9.900.20240824-1409\jars\org.eclipse.sisu.plexus-0.9.0.M3.jar
2025-10-22 20:09:50,160 [Worker-35: Launching mavenrun-90429fbd-cd9c-4d98-9e87-fdabcf898d43] INFO  o.eclipse.m2e.core.internal.Bundles - 	Entry: C:\Users\Dhaswan\.p2\pool\plugins\org.eclipse.m2e.maven.runtime_3.9.900.20240824-1409\jars\plexus-build-api-0.0.7.jar
2025-10-22 20:09:50,160 [Worker-35: Launching mavenrun-90429fbd-cd9c-4d98-9e87-fdabcf898d43] INFO  o.eclipse.m2e.core.internal.Bundles - 	Entry: C:\Users\Dhaswan\.p2\pool\plugins\org.eclipse.m2e.maven.runtime_3.9.900.20240824-1409\jars\plexus-build-api-1.2.0.jar
2025-10-22 20:09:50,160 [Worker-35: Launching mavenrun-90429fbd-cd9c-4d98-9e87-fdabcf898d43] INFO  o.eclipse.m2e.core.internal.Bundles - 	Entry: C:\Users\Dhaswan\.p2\pool\plugins\org.eclipse.m2e.maven.runtime_3.9.900.20240824-1409\jars\plexus-cipher-2.0.jar
2025-10-22 20:09:50,160 [Worker-35: Launching mavenrun-90429fbd-cd9c-4d98-9e87-fdabcf898d43] INFO  o.eclipse.m2e.core.internal.Bundles - 	Entry: C:\Users\Dhaswan\.p2\pool\plugins\org.eclipse.m2e.maven.runtime_3.9.900.20240824-1409\jars\plexus-classworlds-2.8.0.jar
2025-10-22 20:09:50,161 [Worker-35: Launching mavenrun-90429fbd-cd9c-4d98-9e87-fdabcf898d43] INFO  o.eclipse.m2e.core.internal.Bundles - 	Entry: C:\Users\Dhaswan\.p2\pool\plugins\org.eclipse.m2e.maven.runtime_3.9.900.20240824-1409\jars\plexus-component-annotations-2.1.0.jar
2025-10-22 20:09:50,162 [Worker-35: Launching mavenrun-90429fbd-cd9c-4d98-9e87-fdabcf898d43] INFO  o.eclipse.m2e.core.internal.Bundles - 	Entry: C:\Users\Dhaswan\.p2\pool\plugins\org.eclipse.m2e.maven.runtime_3.9.900.20240824-1409\jars\plexus-interpolation-1.27.jar
2025-10-22 20:09:50,162 [Worker-35: Launching mavenrun-90429fbd-cd9c-4d98-9e87-fdabcf898d43] INFO  o.eclipse.m2e.core.internal.Bundles - 	Entry: C:\Users\Dhaswan\.p2\pool\plugins\org.eclipse.m2e.maven.runtime_3.9.900.20240824-1409\jars\plexus-sec-dispatcher-2.0.jar
2025-10-22 20:09:50,163 [Worker-35: Launching mavenrun-90429fbd-cd9c-4d98-9e87-fdabcf898d43] INFO  o.eclipse.m2e.core.internal.Bundles - 	Entry: C:\Users\Dhaswan\.p2\pool\plugins\org.eclipse.m2e.maven.runtime_3.9.900.20240824-1409\jars\plexus-utils-3.5.1.jar
2025-10-22 20:09:50,163 [Worker-35: Launching mavenrun-90429fbd-cd9c-4d98-9e87-fdabcf898d43] INFO  o.eclipse.m2e.core.internal.Bundles - 	Entry: C:\Users\Dhaswan\.p2\pool\plugins\org.eclipse.m2e.maven.runtime_3.9.900.20240824-1409\jars\plexus-xml-3.0.1.jar
2025-10-22 20:09:50,163 [Worker-35: Launching mavenrun-90429fbd-cd9c-4d98-9e87-fdabcf898d43] INFO  o.eclipse.m2e.core.internal.Bundles - 	Entry: C:\Users\Dhaswan\.p2\pool\plugins\org.eclipse.m2e.maven.runtime_3.9.900.20240824-1409\jars\wagon-file-3.5.3.jar
2025-10-22 20:09:50,163 [Worker-35: Launching mavenrun-90429fbd-cd9c-4d98-9e87-fdabcf898d43] INFO  o.eclipse.m2e.core.internal.Bundles - 	Entry: C:\Users\Dhaswan\.p2\pool\plugins\org.eclipse.m2e.maven.runtime_3.9.900.20240824-1409\jars\wagon-http-3.5.3.jar
2025-10-22 20:09:50,163 [Worker-35: Launching mavenrun-90429fbd-cd9c-4d98-9e87-fdabcf898d43] INFO  o.eclipse.m2e.core.internal.Bundles - 	Entry: C:\Users\Dhaswan\.p2\pool\plugins\org.eclipse.m2e.maven.runtime_3.9.900.20240824-1409\jars\wagon-http-shared-3.5.3.jar
2025-10-22 20:09:50,163 [Worker-35: Launching mavenrun-90429fbd-cd9c-4d98-9e87-fdabcf898d43] INFO  o.eclipse.m2e.core.internal.Bundles - 	Entry: C:\Users\Dhaswan\.p2\pool\plugins\org.eclipse.m2e.maven.runtime_3.9.900.20240824-1409\jars\wagon-provider-api-3.5.3.jar
2025-10-22 20:09:50,165 [Worker-35: Launching mavenrun-90429fbd-cd9c-4d98-9e87-fdabcf898d43] INFO  o.eclipse.m2e.core.internal.Bundles - getClasspathEntries(Bundle=com.google.guava_33.4.8.jre [1028])
2025-10-22 20:09:50,166 [Worker-35: Launching mavenrun-90429fbd-cd9c-4d98-9e87-fdabcf898d43] INFO  o.eclipse.m2e.core.internal.Bundles - 	Entry: C:\Users\Dhaswan\.p2\pool\plugins\com.google.guava_33.4.8.jre.jar
2025-10-22 20:09:50,166 [Worker-35: Launching mavenrun-90429fbd-cd9c-4d98-9e87-fdabcf898d43] INFO  o.eclipse.m2e.core.internal.Bundles - getClasspathEntries(Bundle=slf4j.api_2.0.17 [1112])
2025-10-22 20:09:50,166 [Worker-35: Launching mavenrun-90429fbd-cd9c-4d98-9e87-fdabcf898d43] INFO  o.eclipse.m2e.core.internal.Bundles - 	Entry: C:\Users\Dhaswan\.p2\pool\plugins\slf4j.api_2.0.17.jar
2025-10-22 20:09:50,166 [Worker-35: Launching mavenrun-90429fbd-cd9c-4d98-9e87-fdabcf898d43] INFO  o.eclipse.m2e.core.internal.Bundles - getClasspathEntries(Bundle=jakarta.inject.jakarta.inject-api_1.0.5 [34])
2025-10-22 20:09:50,167 [Worker-35: Launching mavenrun-90429fbd-cd9c-4d98-9e87-fdabcf898d43] INFO  o.eclipse.m2e.core.internal.Bundles - 	Entry: C:\Users\Dhaswan\.p2\pool\plugins\jakarta.inject.jakarta.inject-api_1.0.5.jar
2025-10-22 20:09:50,167 [Worker-35: Launching mavenrun-90429fbd-cd9c-4d98-9e87-fdabcf898d43] INFO  o.eclipse.m2e.core.internal.Bundles - getClasspathEntries(Bundle=jakarta.annotation-api_1.3.5 [29])
2025-10-22 20:09:50,167 [Worker-35: Launching mavenrun-90429fbd-cd9c-4d98-9e87-fdabcf898d43] INFO  o.eclipse.m2e.core.internal.Bundles - 	Entry: C:\Users\Dhaswan\.p2\pool\plugins\jakarta.annotation-api_1.3.5.jar
2025-10-22 20:09:50,167 [Worker-35: Launching mavenrun-90429fbd-cd9c-4d98-9e87-fdabcf898d43] INFO  o.eclipse.m2e.core.internal.Bundles - getClasspathEntries(Bundle=org.apache.commons.cli_1.9.0 [78])
2025-10-22 20:09:50,167 [Worker-35: Launching mavenrun-90429fbd-cd9c-4d98-9e87-fdabcf898d43] INFO  o.eclipse.m2e.core.internal.Bundles - 	Entry: C:\Users\Dhaswan\.p2\pool\plugins\org.apache.commons.cli_1.9.0.jar
2025-10-22 20:09:50,167 [Worker-35: Launching mavenrun-90429fbd-cd9c-4d98-9e87-fdabcf898d43] INFO  o.eclipse.m2e.core.internal.Bundles - getClasspathEntries(Bundle=org.apache.commons.commons-codec_1.16.0 [81])
2025-10-22 20:09:50,168 [Worker-35: Launching mavenrun-90429fbd-cd9c-4d98-9e87-fdabcf898d43] INFO  o.eclipse.m2e.core.internal.Bundles - 	Entry: C:\Users\Dhaswan\.p2\pool\plugins\org.apache.commons.commons-codec_1.16.0.jar
2025-10-22 20:09:50,168 [Worker-35: Launching mavenrun-90429fbd-cd9c-4d98-9e87-fdabcf898d43] INFO  o.eclipse.m2e.core.internal.Bundles - getClasspathEntries(Bundle=com.google.guava.failureaccess_1.0.3 [1029])
2025-10-22 20:09:50,168 [Worker-35: Launching mavenrun-90429fbd-cd9c-4d98-9e87-fdabcf898d43] INFO  o.eclipse.m2e.core.internal.Bundles - 	Entry: C:\Users\Dhaswan\.p2\pool\plugins\com.google.guava.failureaccess_1.0.3.jar
2025-10-22 20:09:50,174 [Worker-35: Launching mavenrun-90429fbd-cd9c-4d98-9e87-fdabcf898d43] INFO  o.e.m.i.launch.MavenLaunchDelegate - Run build in "C:\Users\Dhaswan\AppData\Local\Temp\m2e-archetypeGenerator10342109162821320900":
2025-10-22 20:09:50,181 [Worker-35: Launching mavenrun-90429fbd-cd9c-4d98-9e87-fdabcf898d43] INFO  o.e.m.i.launch.MavenLaunchDelegate -  mvn  -DjavaCompilerVersion=17 -DjunitVersion=5.11.0 -DarchetypeGroupId=org.apache.maven.archetypes -DarchetypeArtifactId=maven-archetype-quickstart -DarchetypeVersion=1.5 -DgroupId=com.example.Demo -DartifactId=MyApp -Dversion=0.0.1-SNAPSHOT -Dpackage=com.example.Demo.MyApp -DoutputDirectory=S:\InfosysProject\CampusManagement -Dstyle.color=always -U archetype:generate
2025-10-22 20:11:25,934 [Worker-36: Creating maven-archetype-quickstart] INFO  o.e.m.c.i.p.ProjectConfigurationManager - Collecting project info '/pom.xml' S:\InfosysProject\CampusManagement\MyApp\pom.xml
2025-10-22 20:11:26,758 [Worker-36: Creating maven-archetype-quickstart] INFO  o.e.m.c.i.e.AbstractTransferListenerAdapter - Downloading https://repo.maven.apache.org/maven2/org/apache/maven/plugins/maven-clean-plugin/3.4.0/maven-clean-plugin-3.4.0.jar
2025-10-22 20:11:26,846 [Worker-36: Creating maven-archetype-quickstart] INFO  o.e.m.c.i.e.AbstractTransferListenerAdapter - Downloaded https://repo.maven.apache.org/maven2/org/apache/maven/plugins/maven-clean-plugin/3.4.0/maven-clean-plugin-3.4.0.jar
2025-10-22 20:11:27,002 [Worker-36: Creating maven-archetype-quickstart] INFO  o.e.m.c.i.e.AbstractTransferListenerAdapter - Downloading https://repo.maven.apache.org/maven2/org/apache/maven/plugins/maven-surefire-plugin/3.3.0/maven-surefire-plugin-3.3.0.jar
2025-10-22 20:11:27,138 [Worker-36: Creating maven-archetype-quickstart] INFO  o.e.m.c.i.e.AbstractTransferListenerAdapter - Downloaded https://repo.maven.apache.org/maven2/org/apache/maven/plugins/maven-surefire-plugin/3.3.0/maven-surefire-plugin-3.3.0.jar
2025-10-22 20:11:27,822 [Worker-36: Creating maven-archetype-quickstart] INFO  o.e.m.c.i.l.LifecycleMappingFactory - Using org.eclipse.m2e.jdt.JarLifecycleMapping lifecycle mapping for MavenProject: com.example.Demo:MyApp:0.0.1-SNAPSHOT @ S:\InfosysProject\CampusManagement\MyApp\pom.xml.
2025-10-22 20:11:27,924 [Worker-36: Creating maven-archetype-quickstart] INFO  o.e.m.c.i.e.AbstractTransferListenerAdapter - Downloading https://repo.maven.apache.org/maven2/org/junit/jupiter/junit-jupiter-api/5.11.0/junit-jupiter-api-5.11.0.pom
2025-10-22 20:11:27,948 [Worker-36: Creating maven-archetype-quickstart] INFO  o.e.m.c.i.e.AbstractTransferListenerAdapter - Downloaded https://repo.maven.apache.org/maven2/org/junit/jupiter/junit-jupiter-api/5.11.0/junit-jupiter-api-5.11.0.pom
2025-10-22 20:11:28,097 [Worker-36: Creating maven-archetype-quickstart] INFO  o.e.m.c.i.e.AbstractTransferListenerAdapter - Downloading https://repo.maven.apache.org/maven2/org/junit/platform/junit-platform-commons/1.11.0/junit-platform-commons-1.11.0.pom
2025-10-22 20:11:28,110 [Worker-36: Creating maven-archetype-quickstart] INFO  o.e.m.c.i.e.AbstractTransferListenerAdapter - Downloaded https://repo.maven.apache.org/maven2/org/junit/platform/junit-platform-commons/1.11.0/junit-platform-commons-1.11.0.pom
2025-10-22 20:11:28,242 [Worker-36: Creating maven-archetype-quickstart] INFO  o.e.m.c.i.e.AbstractTransferListenerAdapter - Downloading https://repo.maven.apache.org/maven2/org/junit/jupiter/junit-jupiter-params/5.11.0/junit-jupiter-params-5.11.0.pom
2025-10-22 20:11:28,252 [Worker-36: Creating maven-archetype-quickstart] INFO  o.e.m.c.i.e.AbstractTransferListenerAdapter - Downloaded https://repo.maven.apache.org/maven2/org/junit/jupiter/junit-jupiter-params/5.11.0/junit-jupiter-params-5.11.0.pom
2025-10-22 20:11:28,368 [Worker-36: Creating maven-archetype-quickstart] INFO  o.e.m.c.i.e.AbstractTransferListenerAdapter - Downloading https://repo.maven.apache.org/maven2/org/junit/jupiter/junit-jupiter-api/5.11.0/junit-jupiter-api-5.11.0.jar
2025-10-22 20:11:28,670 [Worker-36: Creating maven-archetype-quickstart] INFO  o.e.m.c.i.e.AbstractTransferListenerAdapter - Downloaded https://repo.maven.apache.org/maven2/org/junit/jupiter/junit-jupiter-api/5.11.0/junit-jupiter-api-5.11.0.jar
2025-10-22 20:11:28,851 [BasicRepositoryConnector-repo.maven.apache.org-0-0] INFO  o.e.m.c.i.e.AbstractTransferListenerAdapter - Downloading https://repo.maven.apache.org/maven2/org/junit/platform/junit-platform-commons/1.11.0/junit-platform-commons-1.11.0.jar
2025-10-22 20:11:29,070 [BasicRepositoryConnector-repo.maven.apache.org-0-0] INFO  o.e.m.c.i.e.AbstractTransferListenerAdapter - Downloaded https://repo.maven.apache.org/maven2/org/junit/platform/junit-platform-commons/1.11.0/junit-platform-commons-1.11.0.jar
2025-10-22 20:11:29,267 [BasicRepositoryConnector-repo.maven.apache.org-0-1] INFO  o.e.m.c.i.e.AbstractTransferListenerAdapter - Downloading https://repo.maven.apache.org/maven2/org/junit/jupiter/junit-jupiter-params/5.11.0/junit-jupiter-params-5.11.0.jar
2025-10-22 20:11:29,869 [BasicRepositoryConnector-repo.maven.apache.org-0-1] INFO  o.e.m.c.i.e.AbstractTransferListenerAdapter - Downloaded https://repo.maven.apache.org/maven2/org/junit/jupiter/junit-jupiter-params/5.11.0/junit-jupiter-params-5.11.0.jar
2025-10-22 20:11:30,129 [Worker-36: Creating maven-archetype-quickstart] INFO  o.e.m.c.i.e.AbstractTransferListenerAdapter - Downloading https://repo.maven.apache.org/maven2/org/apache/maven/plugins/maven-surefire-plugin/3.3.0/maven-surefire-plugin-3.3.0.pom
2025-10-22 20:11:30,166 [Worker-36: Creating maven-archetype-quickstart] INFO  o.e.m.c.i.e.AbstractTransferListenerAdapter - Downloaded https://repo.maven.apache.org/maven2/org/apache/maven/plugins/maven-surefire-plugin/3.3.0/maven-surefire-plugin-3.3.0.pom
2025-10-22 20:11:30,319 [Worker-36: Creating maven-archetype-quickstart] INFO  o.e.m.c.i.e.AbstractTransferListenerAdapter - Downloading https://repo.maven.apache.org/maven2/org/apache/maven/surefire/surefire/3.3.0/surefire-3.3.0.pom
2025-10-22 20:11:30,365 [Worker-36: Creating maven-archetype-quickstart] INFO  o.e.m.c.i.e.AbstractTransferListenerAdapter - Downloaded https://repo.maven.apache.org/maven2/org/apache/maven/surefire/surefire/3.3.0/surefire-3.3.0.pom
2025-10-22 20:11:31,633 [Worker-36: Creating maven-archetype-quickstart] INFO  o.e.m.j.i.AbstractJavaProjectConfigurator - Adding source folder /MyApp/src/main/java
2025-10-22 20:11:31,636 [Worker-36: Creating maven-archetype-quickstart] INFO  o.e.m.j.i.AbstractJavaProjectConfigurator - Adding resource folder /MyApp/src/main/resources
2025-10-22 20:11:31,657 [Worker-36: Creating maven-archetype-quickstart] INFO  o.e.m.j.i.AbstractJavaProjectConfigurator - Adding source folder /MyApp/src/test/java
2025-10-22 20:11:31,659 [Worker-36: Creating maven-archetype-quickstart] INFO  o.e.m.j.i.AbstractJavaProjectConfigurator - Adding resource folder /MyApp/src/test/resources
2025-10-22 20:11:31,931 [Worker-36: Creating maven-archetype-quickstart] INFO  o.e.m.c.i.p.ProjectConfigurationManager - Imported and configured 1 project(s) in 5 sec
2025-10-22 20:11:32,410 [Worker-39: Download sources and javadoc] INFO  o.e.m.c.i.e.AbstractTransferListenerAdapter - Downloading https://repo.maven.apache.org/maven2/org/junit/jupiter/junit-jupiter-api/5.11.0/junit-jupiter-api-5.11.0-sources.jar
2025-10-22 20:11:32,720 [Worker-39: Download sources and javadoc] INFO  o.e.m.c.i.e.AbstractTransferListenerAdapter - Downloaded https://repo.maven.apache.org/maven2/org/junit/jupiter/junit-jupiter-api/5.11.0/junit-jupiter-api-5.11.0-sources.jar
2025-10-22 20:11:32,722 [Worker-37: Building] INFO  o.a.m.s.f.DefaultMavenResourcesFiltering - skip non existing resourceDirectory S:\InfosysProject\CampusManagement\MyApp\src\main\resources
2025-10-22 20:11:32,727 [Worker-39: Download sources and javadoc] INFO  o.e.m.j.internal.DownloadSourcesJob - Downloaded sources for org.junit.jupiter:junit-jupiter-api:5.11.0
2025-10-22 20:11:32,728 [Worker-37: Building] INFO  o.a.m.s.f.DefaultMavenResourcesFiltering - skip non existing resourceDirectory S:\InfosysProject\CampusManagement\MyApp\src\test\resources
2025-10-22 20:11:32,994 [Worker-39: Download sources and javadoc] INFO  o.e.m.c.i.e.AbstractTransferListenerAdapter - Downloading https://repo.maven.apache.org/maven2/org/junit/platform/junit-platform-commons/1.11.0/junit-platform-commons-1.11.0-sources.jar
2025-10-22 20:11:33,113 [Worker-39: Download sources and javadoc] INFO  o.e.m.c.i.e.AbstractTransferListenerAdapter - Downloaded https://repo.maven.apache.org/maven2/org/junit/platform/junit-platform-commons/1.11.0/junit-platform-commons-1.11.0-sources.jar
2025-10-22 20:11:33,119 [Worker-39: Download sources and javadoc] INFO  o.e.m.j.internal.DownloadSourcesJob - Downloaded sources for org.junit.platform:junit-platform-commons:1.11.0
2025-10-22 20:11:33,427 [Worker-39: Download sources and javadoc] INFO  o.e.m.c.i.e.AbstractTransferListenerAdapter - Downloading https://repo.maven.apache.org/maven2/org/junit/jupiter/junit-jupiter-params/5.11.0/junit-jupiter-params-5.11.0-sources.jar
2025-10-22 20:11:33,539 [Worker-39: Download sources and javadoc] INFO  o.e.m.c.i.e.AbstractTransferListenerAdapter - Downloaded https://repo.maven.apache.org/maven2/org/junit/jupiter/junit-jupiter-params/5.11.0/junit-jupiter-params-5.11.0-sources.jar
2025-10-22 20:11:33,547 [Worker-39: Download sources and javadoc] INFO  o.e.m.j.internal.DownloadSourcesJob - Downloaded sources for org.junit.jupiter:junit-jupiter-params:5.11.0
2025-10-22 20:11:36,908 [Worker-42: Building] INFO  o.a.m.s.f.DefaultMavenResourcesFiltering - Copying 1 resource from src\main\resources to target\classes
2025-10-22 20:11:36,967 [Worker-42: Building] INFO  o.a.m.s.f.DefaultMavenResourcesFiltering - Copying 0 resource from src\main\resources to target\classes
2025-10-22 20:11:36,974 [Worker-42: Building] INFO  o.a.m.s.f.DefaultMavenResourcesFiltering - skip non existing resourceDirectory S:\InfosysProject\CampusManagement\lostAndFoundApplication\src\test\resources
2025-10-22 20:12:54,195 [Worker-41: Updating Maven Project] INFO  o.e.m.c.i.p.ProjectConfigurationManager - Update started
2025-10-22 20:12:54,369 [Worker-41: Updating Maven Project] INFO  o.e.m.c.i.l.LifecycleMappingFactory - Using org.eclipse.m2e.jdt.JarLifecycleMapping lifecycle mapping for MavenProject: com.example.Demo:MyApp:0.0.1-SNAPSHOT @ S:\InfosysProject\CampusManagement\MyApp\pom.xml.
2025-10-22 20:12:54,531 [Worker-41: Updating Maven Project] INFO  o.e.m.j.i.AbstractJavaProjectConfigurator - Adding source folder /MyApp/src/main/java
2025-10-22 20:12:54,533 [Worker-41: Updating Maven Project] INFO  o.e.m.j.i.AbstractJavaProjectConfigurator - Adding resource folder /MyApp/src/main/resources
2025-10-22 20:12:54,534 [Worker-41: Updating Maven Project] INFO  o.e.m.j.i.AbstractJavaProjectConfigurator - Adding source folder /MyApp/src/test/java
2025-10-22 20:12:54,535 [Worker-41: Updating Maven Project] INFO  o.e.m.j.i.AbstractJavaProjectConfigurator - Adding resource folder /MyApp/src/test/resources
2025-10-22 20:12:54,648 [Worker-41: Updating Maven Project] INFO  o.e.m.c.i.p.ProjectConfigurationManager - Update completed for 1 poms: local refresh takes 0.00 sec, refresh facades takes 0.00 sec, update config takes 0.00 sec 
2025-10-22 20:12:55,014 [Worker-38: Building] INFO  o.a.m.s.f.DefaultMavenResourcesFiltering - skip non existing resourceDirectory S:\InfosysProject\CampusManagement\MyApp\src\main\resources
2025-10-22 20:12:55,022 [Worker-38: Building] INFO  o.a.m.s.f.DefaultMavenResourcesFiltering - skip non existing resourceDirectory S:\InfosysProject\CampusManagement\MyApp\src\test\resources
2025-10-22 20:13:02,680 [main] INFO  o.e.m2e.actions.ExecutePomAction - Creating new launch configuration
2025-10-22 20:13:12,652 [Worker-39: Launching MyApp] INFO  o.eclipse.m2e.core.internal.Bundles - getClasspathEntries(Bundle=org.eclipse.m2e.maven.runtime_3.9.900.20240824-1409 [640])
2025-10-22 20:13:12,657 [Worker-39: Launching MyApp] INFO  o.eclipse.m2e.core.internal.Bundles - 	Entry: C:\Users\Dhaswan\.p2\pool\plugins\org.eclipse.m2e.maven.runtime_3.9.900.20240824-1409
2025-10-22 20:13:12,658 [Worker-39: Launching MyApp] INFO  o.eclipse.m2e.core.internal.Bundles - 	Entry: C:\Users\Dhaswan\.p2\pool\plugins\org.eclipse.m2e.maven.runtime_3.9.900.20240824-1409\jars\aopalliance-1.0.jar
2025-10-22 20:13:12,658 [Worker-39: Launching MyApp] INFO  o.eclipse.m2e.core.internal.Bundles - 	Entry: C:\Users\Dhaswan\.p2\pool\plugins\org.eclipse.m2e.maven.runtime_3.9.900.20240824-1409\jars\guice-5.1.0.jar
2025-10-22 20:13:12,658 [Worker-39: Launching MyApp] INFO  o.eclipse.m2e.core.internal.Bundles - 	Entry: C:\Users\Dhaswan\.p2\pool\plugins\org.eclipse.m2e.maven.runtime_3.9.900.20240824-1409\jars\httpclient-4.5.14.jar
2025-10-22 20:13:12,658 [Worker-39: Launching MyApp] INFO  o.eclipse.m2e.core.internal.Bundles - 	Entry: C:\Users\Dhaswan\.p2\pool\plugins\org.eclipse.m2e.maven.runtime_3.9.900.20240824-1409\jars\httpcore-4.4.16.jar
2025-10-22 20:13:12,658 [Worker-39: Launching MyApp] INFO  o.eclipse.m2e.core.internal.Bundles - 	Entry: C:\Users\Dhaswan\.p2\pool\plugins\org.eclipse.m2e.maven.runtime_3.9.900.20240824-1409\jars\jansi-2.4.1.jar
2025-10-22 20:13:12,658 [Worker-39: Launching MyApp] INFO  o.eclipse.m2e.core.internal.Bundles - 	Entry: C:\Users\Dhaswan\.p2\pool\plugins\org.eclipse.m2e.maven.runtime_3.9.900.20240824-1409\jars\jcl-over-slf4j-1.7.36.jar
2025-10-22 20:13:12,658 [Worker-39: Launching MyApp] INFO  o.eclipse.m2e.core.internal.Bundles - 	Entry: C:\Users\Dhaswan\.p2\pool\plugins\org.eclipse.m2e.maven.runtime_3.9.900.20240824-1409\jars\maven-artifact-3.9.9.jar
2025-10-22 20:13:12,659 [Worker-39: Launching MyApp] INFO  o.eclipse.m2e.core.internal.Bundles - 	Entry: C:\Users\Dhaswan\.p2\pool\plugins\org.eclipse.m2e.maven.runtime_3.9.900.20240824-1409\jars\maven-builder-support-3.9.9.jar
2025-10-22 20:13:12,659 [Worker-39: Launching MyApp] INFO  o.eclipse.m2e.core.internal.Bundles - 	Entry: C:\Users\Dhaswan\.p2\pool\plugins\org.eclipse.m2e.maven.runtime_3.9.900.20240824-1409\jars\maven-compat-3.9.9.jar
2025-10-22 20:13:12,659 [Worker-39: Launching MyApp] INFO  o.eclipse.m2e.core.internal.Bundles - 	Entry: C:\Users\Dhaswan\.p2\pool\plugins\org.eclipse.m2e.maven.runtime_3.9.900.20240824-1409\jars\maven-core-3.9.9.jar
2025-10-22 20:13:12,659 [Worker-39: Launching MyApp] INFO  o.eclipse.m2e.core.internal.Bundles - 	Entry: C:\Users\Dhaswan\.p2\pool\plugins\org.eclipse.m2e.maven.runtime_3.9.900.20240824-1409\jars\maven-embedder-3.9.9.jar
2025-10-22 20:13:12,659 [Worker-39: Launching MyApp] INFO  o.eclipse.m2e.core.internal.Bundles - 	Entry: C:\Users\Dhaswan\.p2\pool\plugins\org.eclipse.m2e.maven.runtime_3.9.900.20240824-1409\jars\maven-model-3.9.9.jar
2025-10-22 20:13:12,659 [Worker-39: Launching MyApp] INFO  o.eclipse.m2e.core.internal.Bundles - 	Entry: C:\Users\Dhaswan\.p2\pool\plugins\org.eclipse.m2e.maven.runtime_3.9.900.20240824-1409\jars\maven-model-builder-3.9.9.jar
2025-10-22 20:13:12,659 [Worker-39: Launching MyApp] INFO  o.eclipse.m2e.core.internal.Bundles - 	Entry: C:\Users\Dhaswan\.p2\pool\plugins\org.eclipse.m2e.maven.runtime_3.9.900.20240824-1409\jars\maven-plugin-api-3.9.9.jar
2025-10-22 20:13:12,661 [Worker-39: Launching MyApp] INFO  o.eclipse.m2e.core.internal.Bundles - 	Entry: C:\Users\Dhaswan\.p2\pool\plugins\org.eclipse.m2e.maven.runtime_3.9.900.20240824-1409\jars\maven-repository-metadata-3.9.9.jar
2025-10-22 20:13:12,661 [Worker-39: Launching MyApp] INFO  o.eclipse.m2e.core.internal.Bundles - 	Entry: C:\Users\Dhaswan\.p2\pool\plugins\org.eclipse.m2e.maven.runtime_3.9.900.20240824-1409\jars\maven-resolver-api-1.9.22.jar
2025-10-22 20:13:12,661 [Worker-39: Launching MyApp] INFO  o.eclipse.m2e.core.internal.Bundles - 	Entry: C:\Users\Dhaswan\.p2\pool\plugins\org.eclipse.m2e.maven.runtime_3.9.900.20240824-1409\jars\maven-resolver-connector-basic-1.9.22.jar
2025-10-22 20:13:12,662 [Worker-39: Launching MyApp] INFO  o.eclipse.m2e.core.internal.Bundles - 	Entry: C:\Users\Dhaswan\.p2\pool\plugins\org.eclipse.m2e.maven.runtime_3.9.900.20240824-1409\jars\maven-resolver-impl-1.9.22.jar
2025-10-22 20:13:12,662 [Worker-39: Launching MyApp] INFO  o.eclipse.m2e.core.internal.Bundles - 	Entry: C:\Users\Dhaswan\.p2\pool\plugins\org.eclipse.m2e.maven.runtime_3.9.900.20240824-1409\jars\maven-resolver-named-locks-1.9.22.jar
2025-10-22 20:13:12,662 [Worker-39: Launching MyApp] INFO  o.eclipse.m2e.core.internal.Bundles - 	Entry: C:\Users\Dhaswan\.p2\pool\plugins\org.eclipse.m2e.maven.runtime_3.9.900.20240824-1409\jars\maven-resolver-provider-3.9.9.jar
2025-10-22 20:13:12,662 [Worker-39: Launching MyApp] INFO  o.eclipse.m2e.core.internal.Bundles - 	Entry: C:\Users\Dhaswan\.p2\pool\plugins\org.eclipse.m2e.maven.runtime_3.9.900.20240824-1409\jars\maven-resolver-spi-1.9.22.jar
2025-10-22 20:13:12,663 [Worker-39: Launching MyApp] INFO  o.eclipse.m2e.core.internal.Bundles - 	Entry: C:\Users\Dhaswan\.p2\pool\plugins\org.eclipse.m2e.maven.runtime_3.9.900.20240824-1409\jars\maven-resolver-transport-file-1.9.22.jar
2025-10-22 20:13:12,665 [Worker-39: Launching MyApp] INFO  o.eclipse.m2e.core.internal.Bundles - 	Entry: C:\Users\Dhaswan\.p2\pool\plugins\org.eclipse.m2e.maven.runtime_3.9.900.20240824-1409\jars\maven-resolver-transport-http-1.9.22.jar
2025-10-22 20:13:12,666 [Worker-39: Launching MyApp] INFO  o.eclipse.m2e.core.internal.Bundles - 	Entry: C:\Users\Dhaswan\.p2\pool\plugins\org.eclipse.m2e.maven.runtime_3.9.900.20240824-1409\jars\maven-resolver-transport-wagon-1.9.22.jar
2025-10-22 20:13:12,667 [Worker-39: Launching MyApp] INFO  o.eclipse.m2e.core.internal.Bundles - 	Entry: C:\Users\Dhaswan\.p2\pool\plugins\org.eclipse.m2e.maven.runtime_3.9.900.20240824-1409\jars\maven-resolver-util-1.9.22.jar
2025-10-22 20:13:12,667 [Worker-39: Launching MyApp] INFO  o.eclipse.m2e.core.internal.Bundles - 	Entry: C:\Users\Dhaswan\.p2\pool\plugins\org.eclipse.m2e.maven.runtime_3.9.900.20240824-1409\jars\maven-settings-3.9.9.jar
2025-10-22 20:13:12,668 [Worker-39: Launching MyApp] INFO  o.eclipse.m2e.core.internal.Bundles - 	Entry: C:\Users\Dhaswan\.p2\pool\plugins\org.eclipse.m2e.maven.runtime_3.9.900.20240824-1409\jars\maven-settings-builder-3.9.9.jar
2025-10-22 20:13:12,668 [Worker-39: Launching MyApp] INFO  o.eclipse.m2e.core.internal.Bundles - 	Entry: C:\Users\Dhaswan\.p2\pool\plugins\org.eclipse.m2e.maven.runtime_3.9.900.20240824-1409\jars\maven-shared-utils-3.4.2.jar
2025-10-22 20:13:12,668 [Worker-39: Launching MyApp] INFO  o.eclipse.m2e.core.internal.Bundles - 	Entry: C:\Users\Dhaswan\.p2\pool\plugins\org.eclipse.m2e.maven.runtime_3.9.900.20240824-1409\jars\org.eclipse.sisu.inject-0.9.0.M3.jar
2025-10-22 20:13:12,668 [Worker-39: Launching MyApp] INFO  o.eclipse.m2e.core.internal.Bundles - 	Entry: C:\Users\Dhaswan\.p2\pool\plugins\org.eclipse.m2e.maven.runtime_3.9.900.20240824-1409\jars\org.eclipse.sisu.plexus-0.9.0.M3.jar
2025-10-22 20:13:12,668 [Worker-39: Launching MyApp] INFO  o.eclipse.m2e.core.internal.Bundles - 	Entry: C:\Users\Dhaswan\.p2\pool\plugins\org.eclipse.m2e.maven.runtime_3.9.900.20240824-1409\jars\plexus-build-api-0.0.7.jar
2025-10-22 20:13:12,668 [Worker-39: Launching MyApp] INFO  o.eclipse.m2e.core.internal.Bundles - 	Entry: C:\Users\Dhaswan\.p2\pool\plugins\org.eclipse.m2e.maven.runtime_3.9.900.20240824-1409\jars\plexus-build-api-1.2.0.jar
2025-10-22 20:13:12,668 [Worker-39: Launching MyApp] INFO  o.eclipse.m2e.core.internal.Bundles - 	Entry: C:\Users\Dhaswan\.p2\pool\plugins\org.eclipse.m2e.maven.runtime_3.9.900.20240824-1409\jars\plexus-cipher-2.0.jar
2025-10-22 20:13:12,669 [Worker-39: Launching MyApp] INFO  o.eclipse.m2e.core.internal.Bundles - 	Entry: C:\Users\Dhaswan\.p2\pool\plugins\org.eclipse.m2e.maven.runtime_3.9.900.20240824-1409\jars\plexus-classworlds-2.8.0.jar
2025-10-22 20:13:12,669 [Worker-39: Launching MyApp] INFO  o.eclipse.m2e.core.internal.Bundles - 	Entry: C:\Users\Dhaswan\.p2\pool\plugins\org.eclipse.m2e.maven.runtime_3.9.900.20240824-1409\jars\plexus-component-annotations-2.1.0.jar
2025-10-22 20:13:12,669 [Worker-39: Launching MyApp] INFO  o.eclipse.m2e.core.internal.Bundles - 	Entry: C:\Users\Dhaswan\.p2\pool\plugins\org.eclipse.m2e.maven.runtime_3.9.900.20240824-1409\jars\plexus-interpolation-1.27.jar
2025-10-22 20:13:12,669 [Worker-39: Launching MyApp] INFO  o.eclipse.m2e.core.internal.Bundles - 	Entry: C:\Users\Dhaswan\.p2\pool\plugins\org.eclipse.m2e.maven.runtime_3.9.900.20240824-1409\jars\plexus-sec-dispatcher-2.0.jar
2025-10-22 20:13:12,669 [Worker-39: Launching MyApp] INFO  o.eclipse.m2e.core.internal.Bundles - 	Entry: C:\Users\Dhaswan\.p2\pool\plugins\org.eclipse.m2e.maven.runtime_3.9.900.20240824-1409\jars\plexus-utils-3.5.1.jar
2025-10-22 20:13:12,669 [Worker-39: Launching MyApp] INFO  o.eclipse.m2e.core.internal.Bundles - 	Entry: C:\Users\Dhaswan\.p2\pool\plugins\org.eclipse.m2e.maven.runtime_3.9.900.20240824-1409\jars\plexus-xml-3.0.1.jar
2025-10-22 20:13:12,669 [Worker-39: Launching MyApp] INFO  o.eclipse.m2e.core.internal.Bundles - 	Entry: C:\Users\Dhaswan\.p2\pool\plugins\org.eclipse.m2e.maven.runtime_3.9.900.20240824-1409\jars\wagon-file-3.5.3.jar
2025-10-22 20:13:12,669 [Worker-39: Launching MyApp] INFO  o.eclipse.m2e.core.internal.Bundles - 	Entry: C:\Users\Dhaswan\.p2\pool\plugins\org.eclipse.m2e.maven.runtime_3.9.900.20240824-1409\jars\wagon-http-3.5.3.jar
2025-10-22 20:13:12,670 [Worker-39: Launching MyApp] INFO  o.eclipse.m2e.core.internal.Bundles - 	Entry: C:\Users\Dhaswan\.p2\pool\plugins\org.eclipse.m2e.maven.runtime_3.9.900.20240824-1409\jars\wagon-http-shared-3.5.3.jar
2025-10-22 20:13:12,670 [Worker-39: Launching MyApp] INFO  o.eclipse.m2e.core.internal.Bundles - 	Entry: C:\Users\Dhaswan\.p2\pool\plugins\org.eclipse.m2e.maven.runtime_3.9.900.20240824-1409\jars\wagon-provider-api-3.5.3.jar
2025-10-22 20:13:12,670 [Worker-39: Launching MyApp] INFO  o.eclipse.m2e.core.internal.Bundles - getClasspathEntries(Bundle=com.google.guava_33.4.8.jre [1028])
2025-10-22 20:13:12,671 [Worker-39: Launching MyApp] INFO  o.eclipse.m2e.core.internal.Bundles - 	Entry: C:\Users\Dhaswan\.p2\pool\plugins\com.google.guava_33.4.8.jre.jar
2025-10-22 20:13:12,672 [Worker-39: Launching MyApp] INFO  o.eclipse.m2e.core.internal.Bundles - getClasspathEntries(Bundle=slf4j.api_2.0.17 [1112])
2025-10-22 20:13:12,676 [Worker-39: Launching MyApp] INFO  o.eclipse.m2e.core.internal.Bundles - 	Entry: C:\Users\Dhaswan\.p2\pool\plugins\slf4j.api_2.0.17.jar
2025-10-22 20:13:12,677 [Worker-39: Launching MyApp] INFO  o.eclipse.m2e.core.internal.Bundles - getClasspathEntries(Bundle=jakarta.inject.jakarta.inject-api_1.0.5 [34])
2025-10-22 20:13:12,680 [Worker-39: Launching MyApp] INFO  o.eclipse.m2e.core.internal.Bundles - 	Entry: C:\Users\Dhaswan\.p2\pool\plugins\jakarta.inject.jakarta.inject-api_1.0.5.jar
2025-10-22 20:13:12,680 [Worker-39: Launching MyApp] INFO  o.eclipse.m2e.core.internal.Bundles - getClasspathEntries(Bundle=jakarta.annotation-api_1.3.5 [29])
2025-10-22 20:13:12,681 [Worker-39: Launching MyApp] INFO  o.eclipse.m2e.core.internal.Bundles - 	Entry: C:\Users\Dhaswan\.p2\pool\plugins\jakarta.annotation-api_1.3.5.jar
2025-10-22 20:13:12,681 [Worker-39: Launching MyApp] INFO  o.eclipse.m2e.core.internal.Bundles - getClasspathEntries(Bundle=org.apache.commons.cli_1.9.0 [78])
2025-10-22 20:13:12,682 [Worker-39: Launching MyApp] INFO  o.eclipse.m2e.core.internal.Bundles - 	Entry: C:\Users\Dhaswan\.p2\pool\plugins\org.apache.commons.cli_1.9.0.jar
2025-10-22 20:13:12,682 [Worker-39: Launching MyApp] INFO  o.eclipse.m2e.core.internal.Bundles - getClasspathEntries(Bundle=org.apache.commons.commons-codec_1.16.0 [81])
2025-10-22 20:13:12,686 [Worker-39: Launching MyApp] INFO  o.eclipse.m2e.core.internal.Bundles - 	Entry: C:\Users\Dhaswan\.p2\pool\plugins\org.apache.commons.commons-codec_1.16.0.jar
2025-10-22 20:13:12,686 [Worker-39: Launching MyApp] INFO  o.eclipse.m2e.core.internal.Bundles - getClasspathEntries(Bundle=com.google.guava.failureaccess_1.0.3 [1029])
2025-10-22 20:13:12,688 [Worker-39: Launching MyApp] INFO  o.eclipse.m2e.core.internal.Bundles - 	Entry: C:\Users\Dhaswan\.p2\pool\plugins\com.google.guava.failureaccess_1.0.3.jar
2025-10-22 20:13:12,689 [Worker-39: Launching MyApp] INFO  o.e.m.i.launch.MavenLaunchDelegate - Run build in "S:\InfosysProject\CampusManagement\MyApp":
2025-10-22 20:13:12,690 [Worker-39: Launching MyApp] INFO  o.e.m.i.launch.MavenLaunchDelegate -  mvn  -B -Dstyle.color=always clean install
2025-10-22 20:14:43,497 [Worker-36: Building] INFO  o.a.m.s.f.DefaultMavenResourcesFiltering - skip non existing resourceDirectory S:\InfosysProject\CampusManagement\MyApp\src\main\resources
2025-10-22 20:14:43,504 [Worker-36: Building] INFO  o.a.m.s.f.DefaultMavenResourcesFiltering - skip non existing resourceDirectory S:\InfosysProject\CampusManagement\MyApp\src\test\resources
2025-10-22 20:47:07,450 [Worker-49: Building] INFO  o.a.m.s.f.DefaultMavenResourcesFiltering - Copying 1 resource from src\main\resources to target\classes
2025-10-22 20:47:07,535 [Worker-49: Building] INFO  o.a.m.s.f.DefaultMavenResourcesFiltering - Copying 0 resource from src\main\resources to target\classes
2025-10-22 20:47:07,545 [Worker-49: Building] INFO  o.a.m.s.f.DefaultMavenResourcesFiltering - skip non existing resourceDirectory S:\InfosysProject\CampusManagement\lostAndFoundApplication\src\test\resources
2025-10-22 20:52:42,276 [Worker-53: Updating Maven Project] INFO  o.e.m.c.i.p.ProjectConfigurationManager - Update started
2025-10-22 20:52:43,268 [Worker-53: Updating Maven Project] INFO  o.e.m.c.i.l.LifecycleMappingFactory - Using org.eclipse.m2e.jdt.JarLifecycleMapping lifecycle mapping for MavenProject: edu.infosys:lostAndFoundApplication:0.0.1-SNAPSHOT @ S:\InfosysProject\CampusManagement\lostAndFoundApplication\pom.xml.
2025-10-22 20:52:44,511 [Worker-53: Updating Maven Project] INFO  o.e.m.j.i.AbstractJavaProjectConfigurator - Adding source folder /lostAndFoundApplication/src/main/java
2025-10-22 20:52:44,512 [Worker-53: Updating Maven Project] INFO  o.e.m.j.i.AbstractJavaProjectConfigurator - Adding resource folder /lostAndFoundApplication/src/main/resources
2025-10-22 20:52:44,513 [Worker-53: Updating Maven Project] INFO  o.e.m.j.i.AbstractJavaProjectConfigurator - Adding resource folder /lostAndFoundApplication/src/main/resources
2025-10-22 20:52:44,513 [Worker-53: Updating Maven Project] INFO  o.e.m.j.i.AbstractJavaProjectConfigurator - Adding source folder /lostAndFoundApplication/src/test/java
2025-10-22 20:52:44,514 [Worker-53: Updating Maven Project] INFO  o.e.m.j.i.AbstractJavaProjectConfigurator - Adding resource folder /lostAndFoundApplication/src/test/resources
2025-10-22 20:52:44,954 [Worker-53: Updating Maven Project] INFO  o.e.m.c.i.p.ProjectConfigurationManager - Update completed for 1 poms: local refresh takes 0.00 sec, refresh facades takes 2.00 sec, update config takes 0.00 sec 
2025-10-22 20:52:45,566 [Worker-53: Building] INFO  o.a.m.s.f.DefaultMavenResourcesFiltering - Copying 1 resource from src\main\resources to target\classes
2025-10-22 20:52:45,586 [Worker-53: Building] INFO  o.a.m.s.f.DefaultMavenResourcesFiltering - Copying 0 resource from src\main\resources to target\classes
2025-10-22 20:52:45,592 [Worker-53: Building] INFO  o.a.m.s.f.DefaultMavenResourcesFiltering - skip non existing resourceDirectory S:\InfosysProject\CampusManagement\lostAndFoundApplication\src\test\resources
2025-10-22 20:53:07,411 [main] INFO  o.e.m2e.actions.ExecutePomAction - Creating new launch configuration
2025-10-22 20:53:13,721 [Worker-58: Launching lostAndFoundApplication (19)] INFO  o.eclipse.m2e.core.internal.Bundles - getClasspathEntries(Bundle=org.eclipse.m2e.maven.runtime_3.9.900.20240824-1409 [640])
2025-10-22 20:53:13,726 [Worker-58: Launching lostAndFoundApplication (19)] INFO  o.eclipse.m2e.core.internal.Bundles - 	Entry: C:\Users\Dhaswan\.p2\pool\plugins\org.eclipse.m2e.maven.runtime_3.9.900.20240824-1409
2025-10-22 20:53:13,728 [Worker-58: Launching lostAndFoundApplication (19)] INFO  o.eclipse.m2e.core.internal.Bundles - 	Entry: C:\Users\Dhaswan\.p2\pool\plugins\org.eclipse.m2e.maven.runtime_3.9.900.20240824-1409\jars\aopalliance-1.0.jar
2025-10-22 20:53:13,729 [Worker-58: Launching lostAndFoundApplication (19)] INFO  o.eclipse.m2e.core.internal.Bundles - 	Entry: C:\Users\Dhaswan\.p2\pool\plugins\org.eclipse.m2e.maven.runtime_3.9.900.20240824-1409\jars\guice-5.1.0.jar
2025-10-22 20:53:13,729 [Worker-58: Launching lostAndFoundApplication (19)] INFO  o.eclipse.m2e.core.internal.Bundles - 	Entry: C:\Users\Dhaswan\.p2\pool\plugins\org.eclipse.m2e.maven.runtime_3.9.900.20240824-1409\jars\httpclient-4.5.14.jar
2025-10-22 20:53:13,729 [Worker-58: Launching lostAndFoundApplication (19)] INFO  o.eclipse.m2e.core.internal.Bundles - 	Entry: C:\Users\Dhaswan\.p2\pool\plugins\org.eclipse.m2e.maven.runtime_3.9.900.20240824-1409\jars\httpcore-4.4.16.jar
2025-10-22 20:53:13,729 [Worker-58: Launching lostAndFoundApplication (19)] INFO  o.eclipse.m2e.core.internal.Bundles - 	Entry: C:\Users\Dhaswan\.p2\pool\plugins\org.eclipse.m2e.maven.runtime_3.9.900.20240824-1409\jars\jansi-2.4.1.jar
2025-10-22 20:53:13,729 [Worker-58: Launching lostAndFoundApplication (19)] INFO  o.eclipse.m2e.core.internal.Bundles - 	Entry: C:\Users\Dhaswan\.p2\pool\plugins\org.eclipse.m2e.maven.runtime_3.9.900.20240824-1409\jars\jcl-over-slf4j-1.7.36.jar
2025-10-22 20:53:13,730 [Worker-58: Launching lostAndFoundApplication (19)] INFO  o.eclipse.m2e.core.internal.Bundles - 	Entry: C:\Users\Dhaswan\.p2\pool\plugins\org.eclipse.m2e.maven.runtime_3.9.900.20240824-1409\jars\maven-artifact-3.9.9.jar
2025-10-22 20:53:13,730 [Worker-58: Launching lostAndFoundApplication (19)] INFO  o.eclipse.m2e.core.internal.Bundles - 	Entry: C:\Users\Dhaswan\.p2\pool\plugins\org.eclipse.m2e.maven.runtime_3.9.900.20240824-1409\jars\maven-builder-support-3.9.9.jar
2025-10-22 20:53:13,730 [Worker-58: Launching lostAndFoundApplication (19)] INFO  o.eclipse.m2e.core.internal.Bundles - 	Entry: C:\Users\Dhaswan\.p2\pool\plugins\org.eclipse.m2e.maven.runtime_3.9.900.20240824-1409\jars\maven-compat-3.9.9.jar
2025-10-22 20:53:13,731 [Worker-58: Launching lostAndFoundApplication (19)] INFO  o.eclipse.m2e.core.internal.Bundles - 	Entry: C:\Users\Dhaswan\.p2\pool\plugins\org.eclipse.m2e.maven.runtime_3.9.900.20240824-1409\jars\maven-core-3.9.9.jar
2025-10-22 20:53:13,731 [Worker-58: Launching lostAndFoundApplication (19)] INFO  o.eclipse.m2e.core.internal.Bundles - 	Entry: C:\Users\Dhaswan\.p2\pool\plugins\org.eclipse.m2e.maven.runtime_3.9.900.20240824-1409\jars\maven-embedder-3.9.9.jar
2025-10-22 20:53:13,731 [Worker-58: Launching lostAndFoundApplication (19)] INFO  o.eclipse.m2e.core.internal.Bundles - 	Entry: C:\Users\Dhaswan\.p2\pool\plugins\org.eclipse.m2e.maven.runtime_3.9.900.20240824-1409\jars\maven-model-3.9.9.jar
2025-10-22 20:53:13,731 [Worker-58: Launching lostAndFoundApplication (19)] INFO  o.eclipse.m2e.core.internal.Bundles - 	Entry: C:\Users\Dhaswan\.p2\pool\plugins\org.eclipse.m2e.maven.runtime_3.9.900.20240824-1409\jars\maven-model-builder-3.9.9.jar
2025-10-22 20:53:13,732 [Worker-58: Launching lostAndFoundApplication (19)] INFO  o.eclipse.m2e.core.internal.Bundles - 	Entry: C:\Users\Dhaswan\.p2\pool\plugins\org.eclipse.m2e.maven.runtime_3.9.900.20240824-1409\jars\maven-plugin-api-3.9.9.jar
2025-10-22 20:53:13,733 [Worker-58: Launching lostAndFoundApplication (19)] INFO  o.eclipse.m2e.core.internal.Bundles - 	Entry: C:\Users\Dhaswan\.p2\pool\plugins\org.eclipse.m2e.maven.runtime_3.9.900.20240824-1409\jars\maven-repository-metadata-3.9.9.jar
2025-10-22 20:53:13,735 [Worker-58: Launching lostAndFoundApplication (19)] INFO  o.eclipse.m2e.core.internal.Bundles - 	Entry: C:\Users\Dhaswan\.p2\pool\plugins\org.eclipse.m2e.maven.runtime_3.9.900.20240824-1409\jars\maven-resolver-api-1.9.22.jar
2025-10-22 20:53:13,736 [Worker-58: Launching lostAndFoundApplication (19)] INFO  o.eclipse.m2e.core.internal.Bundles - 	Entry: C:\Users\Dhaswan\.p2\pool\plugins\org.eclipse.m2e.maven.runtime_3.9.900.20240824-1409\jars\maven-resolver-connector-basic-1.9.22.jar
2025-10-22 20:53:13,737 [Worker-58: Launching lostAndFoundApplication (19)] INFO  o.eclipse.m2e.core.internal.Bundles - 	Entry: C:\Users\Dhaswan\.p2\pool\plugins\org.eclipse.m2e.maven.runtime_3.9.900.20240824-1409\jars\maven-resolver-impl-1.9.22.jar
2025-10-22 20:53:13,737 [Worker-58: Launching lostAndFoundApplication (19)] INFO  o.eclipse.m2e.core.internal.Bundles - 	Entry: C:\Users\Dhaswan\.p2\pool\plugins\org.eclipse.m2e.maven.runtime_3.9.900.20240824-1409\jars\maven-resolver-named-locks-1.9.22.jar
2025-10-22 20:53:13,739 [Worker-58: Launching lostAndFoundApplication (19)] INFO  o.eclipse.m2e.core.internal.Bundles - 	Entry: C:\Users\Dhaswan\.p2\pool\plugins\org.eclipse.m2e.maven.runtime_3.9.900.20240824-1409\jars\maven-resolver-provider-3.9.9.jar
2025-10-22 20:53:13,740 [Worker-58: Launching lostAndFoundApplication (19)] INFO  o.eclipse.m2e.core.internal.Bundles - 	Entry: C:\Users\Dhaswan\.p2\pool\plugins\org.eclipse.m2e.maven.runtime_3.9.900.20240824-1409\jars\maven-resolver-spi-1.9.22.jar
2025-10-22 20:53:13,741 [Worker-58: Launching lostAndFoundApplication (19)] INFO  o.eclipse.m2e.core.internal.Bundles - 	Entry: C:\Users\Dhaswan\.p2\pool\plugins\org.eclipse.m2e.maven.runtime_3.9.900.20240824-1409\jars\maven-resolver-transport-file-1.9.22.jar
2025-10-22 20:53:13,741 [Worker-58: Launching lostAndFoundApplication (19)] INFO  o.eclipse.m2e.core.internal.Bundles - 	Entry: C:\Users\Dhaswan\.p2\pool\plugins\org.eclipse.m2e.maven.runtime_3.9.900.20240824-1409\jars\maven-resolver-transport-http-1.9.22.jar
2025-10-22 20:53:13,742 [Worker-58: Launching lostAndFoundApplication (19)] INFO  o.eclipse.m2e.core.internal.Bundles - 	Entry: C:\Users\Dhaswan\.p2\pool\plugins\org.eclipse.m2e.maven.runtime_3.9.900.20240824-1409\jars\maven-resolver-transport-wagon-1.9.22.jar
2025-10-22 20:53:13,743 [Worker-58: Launching lostAndFoundApplication (19)] INFO  o.eclipse.m2e.core.internal.Bundles - 	Entry: C:\Users\Dhaswan\.p2\pool\plugins\org.eclipse.m2e.maven.runtime_3.9.900.20240824-1409\jars\maven-resolver-util-1.9.22.jar
2025-10-22 20:53:13,743 [Worker-58: Launching lostAndFoundApplication (19)] INFO  o.eclipse.m2e.core.internal.Bundles - 	Entry: C:\Users\Dhaswan\.p2\pool\plugins\org.eclipse.m2e.maven.runtime_3.9.900.20240824-1409\jars\maven-settings-3.9.9.jar
2025-10-22 20:53:13,744 [Worker-58: Launching lostAndFoundApplication (19)] INFO  o.eclipse.m2e.core.internal.Bundles - 	Entry: C:\Users\Dhaswan\.p2\pool\plugins\org.eclipse.m2e.maven.runtime_3.9.900.20240824-1409\jars\maven-settings-builder-3.9.9.jar
2025-10-22 20:53:13,744 [Worker-58: Launching lostAndFoundApplication (19)] INFO  o.eclipse.m2e.core.internal.Bundles - 	Entry: C:\Users\Dhaswan\.p2\pool\plugins\org.eclipse.m2e.maven.runtime_3.9.900.20240824-1409\jars\maven-shared-utils-3.4.2.jar
2025-10-22 20:53:13,744 [Worker-58: Launching lostAndFoundApplication (19)] INFO  o.eclipse.m2e.core.internal.Bundles - 	Entry: C:\Users\Dhaswan\.p2\pool\plugins\org.eclipse.m2e.maven.runtime_3.9.900.20240824-1409\jars\org.eclipse.sisu.inject-0.9.0.M3.jar
2025-10-22 20:53:13,744 [Worker-58: Launching lostAndFoundApplication (19)] INFO  o.eclipse.m2e.core.internal.Bundles - 	Entry: C:\Users\Dhaswan\.p2\pool\plugins\org.eclipse.m2e.maven.runtime_3.9.900.20240824-1409\jars\org.eclipse.sisu.plexus-0.9.0.M3.jar
2025-10-22 20:53:13,745 [Worker-58: Launching lostAndFoundApplication (19)] INFO  o.eclipse.m2e.core.internal.Bundles - 	Entry: C:\Users\Dhaswan\.p2\pool\plugins\org.eclipse.m2e.maven.runtime_3.9.900.20240824-1409\jars\plexus-build-api-0.0.7.jar
2025-10-22 20:53:13,745 [Worker-58: Launching lostAndFoundApplication (19)] INFO  o.eclipse.m2e.core.internal.Bundles - 	Entry: C:\Users\Dhaswan\.p2\pool\plugins\org.eclipse.m2e.maven.runtime_3.9.900.20240824-1409\jars\plexus-build-api-1.2.0.jar
2025-10-22 20:53:13,745 [Worker-58: Launching lostAndFoundApplication (19)] INFO  o.eclipse.m2e.core.internal.Bundles - 	Entry: C:\Users\Dhaswan\.p2\pool\plugins\org.eclipse.m2e.maven.runtime_3.9.900.20240824-1409\jars\plexus-cipher-2.0.jar
2025-10-22 20:53:13,745 [Worker-58: Launching lostAndFoundApplication (19)] INFO  o.eclipse.m2e.core.internal.Bundles - 	Entry: C:\Users\Dhaswan\.p2\pool\plugins\org.eclipse.m2e.maven.runtime_3.9.900.20240824-1409\jars\plexus-classworlds-2.8.0.jar
2025-10-22 20:53:13,746 [Worker-58: Launching lostAndFoundApplication (19)] INFO  o.eclipse.m2e.core.internal.Bundles - 	Entry: C:\Users\Dhaswan\.p2\pool\plugins\org.eclipse.m2e.maven.runtime_3.9.900.20240824-1409\jars\plexus-component-annotations-2.1.0.jar
2025-10-22 20:53:13,746 [Worker-58: Launching lostAndFoundApplication (19)] INFO  o.eclipse.m2e.core.internal.Bundles - 	Entry: C:\Users\Dhaswan\.p2\pool\plugins\org.eclipse.m2e.maven.runtime_3.9.900.20240824-1409\jars\plexus-interpolation-1.27.jar
2025-10-22 20:53:13,746 [Worker-58: Launching lostAndFoundApplication (19)] INFO  o.eclipse.m2e.core.internal.Bundles - 	Entry: C:\Users\Dhaswan\.p2\pool\plugins\org.eclipse.m2e.maven.runtime_3.9.900.20240824-1409\jars\plexus-sec-dispatcher-2.0.jar
2025-10-22 20:53:13,746 [Worker-58: Launching lostAndFoundApplication (19)] INFO  o.eclipse.m2e.core.internal.Bundles - 	Entry: C:\Users\Dhaswan\.p2\pool\plugins\org.eclipse.m2e.maven.runtime_3.9.900.20240824-1409\jars\plexus-utils-3.5.1.jar
2025-10-22 20:53:13,746 [Worker-58: Launching lostAndFoundApplication (19)] INFO  o.eclipse.m2e.core.internal.Bundles - 	Entry: C:\Users\Dhaswan\.p2\pool\plugins\org.eclipse.m2e.maven.runtime_3.9.900.20240824-1409\jars\plexus-xml-3.0.1.jar
2025-10-22 20:53:13,746 [Worker-58: Launching lostAndFoundApplication (19)] INFO  o.eclipse.m2e.core.internal.Bundles - 	Entry: C:\Users\Dhaswan\.p2\pool\plugins\org.eclipse.m2e.maven.runtime_3.9.900.20240824-1409\jars\wagon-file-3.5.3.jar
2025-10-22 20:53:13,746 [Worker-58: Launching lostAndFoundApplication (19)] INFO  o.eclipse.m2e.core.internal.Bundles - 	Entry: C:\Users\Dhaswan\.p2\pool\plugins\org.eclipse.m2e.maven.runtime_3.9.900.20240824-1409\jars\wagon-http-3.5.3.jar
2025-10-22 20:53:13,746 [Worker-58: Launching lostAndFoundApplication (19)] INFO  o.eclipse.m2e.core.internal.Bundles - 	Entry: C:\Users\Dhaswan\.p2\pool\plugins\org.eclipse.m2e.maven.runtime_3.9.900.20240824-1409\jars\wagon-http-shared-3.5.3.jar
2025-10-22 20:53:13,747 [Worker-58: Launching lostAndFoundApplication (19)] INFO  o.eclipse.m2e.core.internal.Bundles - 	Entry: C:\Users\Dhaswan\.p2\pool\plugins\org.eclipse.m2e.maven.runtime_3.9.900.20240824-1409\jars\wagon-provider-api-3.5.3.jar
2025-10-22 20:53:13,747 [Worker-58: Launching lostAndFoundApplication (19)] INFO  o.eclipse.m2e.core.internal.Bundles - getClasspathEntries(Bundle=com.google.guava_33.4.8.jre [1028])
2025-10-22 20:53:13,748 [Worker-58: Launching lostAndFoundApplication (19)] INFO  o.eclipse.m2e.core.internal.Bundles - 	Entry: C:\Users\Dhaswan\.p2\pool\plugins\com.google.guava_33.4.8.jre.jar
2025-10-22 20:53:13,748 [Worker-58: Launching lostAndFoundApplication (19)] INFO  o.eclipse.m2e.core.internal.Bundles - getClasspathEntries(Bundle=slf4j.api_2.0.17 [1112])
2025-10-22 20:53:13,748 [Worker-58: Launching lostAndFoundApplication (19)] INFO  o.eclipse.m2e.core.internal.Bundles - 	Entry: C:\Users\Dhaswan\.p2\pool\plugins\slf4j.api_2.0.17.jar
2025-10-22 20:53:13,748 [Worker-58: Launching lostAndFoundApplication (19)] INFO  o.eclipse.m2e.core.internal.Bundles - getClasspathEntries(Bundle=jakarta.inject.jakarta.inject-api_1.0.5 [34])
2025-10-22 20:53:13,749 [Worker-58: Launching lostAndFoundApplication (19)] INFO  o.eclipse.m2e.core.internal.Bundles - 	Entry: C:\Users\Dhaswan\.p2\pool\plugins\jakarta.inject.jakarta.inject-api_1.0.5.jar
2025-10-22 20:53:13,749 [Worker-58: Launching lostAndFoundApplication (19)] INFO  o.eclipse.m2e.core.internal.Bundles - getClasspathEntries(Bundle=jakarta.annotation-api_1.3.5 [29])
2025-10-22 20:53:13,749 [Worker-58: Launching lostAndFoundApplication (19)] INFO  o.eclipse.m2e.core.internal.Bundles - 	Entry: C:\Users\Dhaswan\.p2\pool\plugins\jakarta.annotation-api_1.3.5.jar
2025-10-22 20:53:13,751 [Worker-58: Launching lostAndFoundApplication (19)] INFO  o.eclipse.m2e.core.internal.Bundles - getClasspathEntries(Bundle=org.apache.commons.cli_1.9.0 [78])
2025-10-22 20:53:13,751 [Worker-58: Launching lostAndFoundApplication (19)] INFO  o.eclipse.m2e.core.internal.Bundles - 	Entry: C:\Users\Dhaswan\.p2\pool\plugins\org.apache.commons.cli_1.9.0.jar
2025-10-22 20:53:13,752 [Worker-58: Launching lostAndFoundApplication (19)] INFO  o.eclipse.m2e.core.internal.Bundles - getClasspathEntries(Bundle=org.apache.commons.commons-codec_1.16.0 [81])
2025-10-22 20:53:13,753 [Worker-58: Launching lostAndFoundApplication (19)] INFO  o.eclipse.m2e.core.internal.Bundles - 	Entry: C:\Users\Dhaswan\.p2\pool\plugins\org.apache.commons.commons-codec_1.16.0.jar
2025-10-22 20:53:13,753 [Worker-58: Launching lostAndFoundApplication (19)] INFO  o.eclipse.m2e.core.internal.Bundles - getClasspathEntries(Bundle=com.google.guava.failureaccess_1.0.3 [1029])
2025-10-22 20:53:13,755 [Worker-58: Launching lostAndFoundApplication (19)] INFO  o.eclipse.m2e.core.internal.Bundles - 	Entry: C:\Users\Dhaswan\.p2\pool\plugins\com.google.guava.failureaccess_1.0.3.jar
2025-10-22 20:53:13,759 [Worker-58: Launching lostAndFoundApplication (19)] INFO  o.e.m.i.launch.MavenLaunchDelegate - Run build in "S:\InfosysProject\CampusManagement\lostAndFoundApplication":
2025-10-22 20:53:13,759 [Worker-58: Launching lostAndFoundApplication (19)] INFO  o.e.m.i.launch.MavenLaunchDelegate -  mvn  -Ppom.xml -B -Dstyle.color=always clean install
2025-10-23 19:58:50,444 [Worker-5: Loading available Gradle versions] INFO  o.e.b.c.i.u.g.PublishedGradleVersions - Gradle version information cache is out-of-date. Trying to update.
2025-10-24 20:00:00,846 [Worker-5: Loading available Gradle versions] INFO  o.e.b.c.i.u.g.PublishedGradleVersions - Gradle version information cache is out-of-date. Trying to update.
2025-10-24 20:13:07,214 [Worker-15: Building] INFO  o.a.m.s.f.DefaultMavenResourcesFiltering - skip non existing resourceDirectory C:\Users\Dhaswan\git\repository\MyApp\src\main\resources
2025-10-24 20:13:07,260 [Worker-15: Building] INFO  o.a.m.s.f.DefaultMavenResourcesFiltering - skip non existing resourceDirectory C:\Users\Dhaswan\git\repository\MyApp\src\test\resources
2025-10-30 19:20:16,474 [Worker-7: Loading available Gradle versions] INFO  o.e.b.c.i.u.g.PublishedGradleVersions - Gradle version information cache is out-of-date. Trying to update.
2025-10-30 19:20:32,267 [Worker-11: Building] INFO  o.a.m.s.f.DefaultMavenResourcesFiltering - Copying 1 resource from src\main\resources to target\classes
2025-10-30 19:20:32,325 [Worker-11: Building] INFO  o.a.m.s.f.DefaultMavenResourcesFiltering - Copying 0 resource from src\main\resources to target\classes
2025-10-30 19:20:32,332 [Worker-11: Building] INFO  o.a.m.s.f.DefaultMavenResourcesFiltering - skip non existing resourceDirectory S:\InfosysProject\CampusManagement\lostAndFoundApplication\src\test\resources
2025-10-30 19:21:09,685 [Worker-32: Building] INFO  o.e.m.c.i.l.LifecycleMappingFactory - Using org.eclipse.m2e.jdt.JarLifecycleMapping lifecycle mapping for MavenProject: edu.infosys:lostAndFoundApplication:0.0.1-SNAPSHOT @ S:\InfosysProject\CampusManagement\lostAndFoundApplication\pom.xml.
2025-10-30 19:21:10,601 [Worker-32: Building] INFO  o.e.m.c.i.e.AbstractTransferListenerAdapter - Downloading https://repo.maven.apache.org/maven2/org/springframework/boot/spring-boot-starter-websocket/3.3.0/spring-boot-starter-websocket-3.3.0.pom
2025-10-30 19:21:10,615 [Worker-32: Building] INFO  o.e.m.c.i.e.AbstractTransferListenerAdapter - Downloaded https://repo.maven.apache.org/maven2/org/springframework/boot/spring-boot-starter-websocket/3.3.0/spring-boot-starter-websocket-3.3.0.pom
2025-10-30 19:21:10,827 [Worker-32: Building] INFO  o.e.m.c.i.e.AbstractTransferListenerAdapter - Downloading https://repo.maven.apache.org/maven2/org/springframework/spring-messaging/6.1.8/spring-messaging-6.1.8.pom
2025-10-30 19:21:10,849 [Worker-32: Building] INFO  o.e.m.c.i.e.AbstractTransferListenerAdapter - Downloaded https://repo.maven.apache.org/maven2/org/springframework/spring-messaging/6.1.8/spring-messaging-6.1.8.pom
2025-10-30 19:21:10,956 [Worker-32: Building] INFO  o.e.m.c.i.e.AbstractTransferListenerAdapter - Downloading https://repo.maven.apache.org/maven2/org/springframework/spring-websocket/6.1.8/spring-websocket-6.1.8.pom
2025-10-30 19:21:10,990 [Worker-32: Building] INFO  o.e.m.c.i.e.AbstractTransferListenerAdapter - Downloaded https://repo.maven.apache.org/maven2/org/springframework/spring-websocket/6.1.8/spring-websocket-6.1.8.pom
2025-10-30 19:21:11,509 [Worker-32: Building] INFO  o.e.m.c.i.e.AbstractTransferListenerAdapter - Downloading https://repo.maven.apache.org/maven2/org/springframework/boot/spring-boot-starter-websocket/3.3.0/spring-boot-starter-websocket-3.3.0.jar
2025-10-30 19:21:11,523 [Worker-32: Building] INFO  o.e.m.c.i.e.AbstractTransferListenerAdapter - Downloaded https://repo.maven.apache.org/maven2/org/springframework/boot/spring-boot-starter-websocket/3.3.0/spring-boot-starter-websocket-3.3.0.jar
2025-10-30 19:21:11,608 [BasicRepositoryConnector-repo.maven.apache.org-0-0] INFO  o.e.m.c.i.e.AbstractTransferListenerAdapter - Downloading https://repo.maven.apache.org/maven2/org/springframework/spring-messaging/6.1.8/spring-messaging-6.1.8.jar
2025-10-30 19:21:12,005 [BasicRepositoryConnector-repo.maven.apache.org-0-1] INFO  o.e.m.c.i.e.AbstractTransferListenerAdapter - Downloading https://repo.maven.apache.org/maven2/org/springframework/spring-websocket/6.1.8/spring-websocket-6.1.8.jar
2025-10-30 19:21:13,099 [BasicRepositoryConnector-repo.maven.apache.org-0-1] INFO  o.e.m.c.i.e.AbstractTransferListenerAdapter - Downloaded https://repo.maven.apache.org/maven2/org/springframework/spring-websocket/6.1.8/spring-websocket-6.1.8.jar
2025-10-30 19:21:13,108 [BasicRepositoryConnector-repo.maven.apache.org-0-0] INFO  o.e.m.c.i.e.AbstractTransferListenerAdapter - Downloaded https://repo.maven.apache.org/maven2/org/springframework/spring-messaging/6.1.8/spring-messaging-6.1.8.jar
2025-10-30 19:21:13,594 [Worker-32: Building] INFO  o.a.m.s.f.DefaultMavenResourcesFiltering - Copying 0 resource from src\main\resources to target\classes
2025-10-30 19:21:13,595 [Worker-32: Building] INFO  o.a.m.s.f.DefaultMavenResourcesFiltering - Copying 0 resource from src\main\resources to target\classes
2025-10-30 19:21:13,599 [Worker-32: Building] INFO  o.a.m.s.f.DefaultMavenResourcesFiltering - skip non existing resourceDirectory S:\InfosysProject\CampusManagement\lostAndFoundApplication\src\test\resources
2025-10-30 19:21:14,608 [Worker-29: Download sources and javadoc] INFO  o.e.m.c.i.e.AbstractTransferListenerAdapter - Downloading https://repo.maven.apache.org/maven2/org/springframework/boot/spring-boot-starter-websocket/3.3.0/spring-boot-starter-websocket-3.3.0-sources.jar
2025-10-30 19:21:14,653 [Worker-29: Download sources and javadoc] INFO  o.e.m.c.i.e.AbstractTransferListenerAdapter - Downloaded https://repo.maven.apache.org/maven2/org/springframework/boot/spring-boot-starter-websocket/3.3.0/spring-boot-starter-websocket-3.3.0-sources.jar
2025-10-30 19:21:14,673 [Worker-29: Download sources and javadoc] INFO  o.e.m.j.internal.DownloadSourcesJob - Downloaded sources for org.springframework.boot:spring-boot-starter-websocket:3.3.0
2025-10-30 19:21:14,917 [Worker-29: Download sources and javadoc] INFO  o.e.m.c.i.e.AbstractTransferListenerAdapter - Downloading https://repo.maven.apache.org/maven2/org/springframework/spring-messaging/6.1.8/spring-messaging-6.1.8-sources.jar
2025-10-30 19:21:15,378 [Worker-0: Building] INFO  o.a.m.s.f.DefaultMavenResourcesFiltering - Copying 1 resource from src\main\resources to target\classes
2025-10-30 19:21:15,407 [Worker-0: Building] INFO  o.a.m.s.f.DefaultMavenResourcesFiltering - Copying 0 resource from src\main\resources to target\classes
2025-10-30 19:21:15,412 [Worker-0: Building] INFO  o.a.m.s.f.DefaultMavenResourcesFiltering - skip non existing resourceDirectory S:\InfosysProject\CampusManagement\lostAndFoundApplication\src\test\resources
2025-10-30 19:21:15,636 [Worker-29: Download sources and javadoc] INFO  o.e.m.c.i.e.AbstractTransferListenerAdapter - Downloaded https://repo.maven.apache.org/maven2/org/springframework/spring-messaging/6.1.8/spring-messaging-6.1.8-sources.jar
2025-10-30 19:21:15,643 [Worker-29: Download sources and javadoc] INFO  o.e.m.j.internal.DownloadSourcesJob - Downloaded sources for org.springframework:spring-messaging:6.1.8
2025-10-30 19:21:15,964 [Worker-29: Download sources and javadoc] INFO  o.e.m.c.i.e.AbstractTransferListenerAdapter - Downloading https://repo.maven.apache.org/maven2/org/springframework/spring-websocket/6.1.8/spring-websocket-6.1.8-sources.jar
2025-10-30 19:21:16,320 [Worker-29: Download sources and javadoc] INFO  o.e.m.c.i.e.AbstractTransferListenerAdapter - Downloaded https://repo.maven.apache.org/maven2/org/springframework/spring-websocket/6.1.8/spring-websocket-6.1.8-sources.jar
2025-10-30 19:21:16,329 [Worker-29: Download sources and javadoc] INFO  o.e.m.j.internal.DownloadSourcesJob - Downloaded sources for org.springframework:spring-websocket:6.1.8
2025-10-30 19:38:38,439 [Worker-18: Updating Maven Project] INFO  o.e.m.c.i.p.ProjectConfigurationManager - Update started
2025-10-30 19:38:39,712 [Worker-18: Updating Maven Project] INFO  o.e.m.c.i.l.LifecycleMappingFactory - Using org.eclipse.m2e.jdt.JarLifecycleMapping lifecycle mapping for MavenProject: edu.infosys:lostAndFoundApplication:0.0.1-SNAPSHOT @ S:\InfosysProject\CampusManagement\lostAndFoundApplication\pom.xml.
2025-10-30 19:38:42,705 [Worker-18: Updating Maven Project] INFO  o.e.m.j.i.AbstractJavaProjectConfigurator - Adding source folder /lostAndFoundApplication/src/main/java
2025-10-30 19:38:42,716 [Worker-18: Updating Maven Project] INFO  o.e.m.j.i.AbstractJavaProjectConfigurator - Adding resource folder /lostAndFoundApplication/src/main/resources
2025-10-30 19:38:42,717 [Worker-18: Updating Maven Project] INFO  o.e.m.j.i.AbstractJavaProjectConfigurator - Adding resource folder /lostAndFoundApplication/src/main/resources
2025-10-30 19:38:42,721 [Worker-18: Updating Maven Project] INFO  o.e.m.j.i.AbstractJavaProjectConfigurator - Adding source folder /lostAndFoundApplication/src/test/java
2025-10-30 19:38:42,726 [Worker-18: Updating Maven Project] INFO  o.e.m.j.i.AbstractJavaProjectConfigurator - Adding resource folder /lostAndFoundApplication/src/test/resources
2025-10-30 19:38:50,823 [Worker-18: Updating Maven Project] INFO  o.e.m.c.i.p.ProjectConfigurationManager - Update completed for 1 poms: local refresh takes 0.00 sec, refresh facades takes 3.00 sec, update config takes 3.00 sec 
2025-10-30 19:38:52,735 [Worker-18: Building] INFO  o.a.m.s.f.DefaultMavenResourcesFiltering - Copying 1 resource from src\main\resources to target\classes
2025-10-30 19:38:52,802 [Worker-18: Building] INFO  o.a.m.s.f.DefaultMavenResourcesFiltering - Copying 0 resource from src\main\resources to target\classes
2025-10-30 19:38:52,813 [Worker-18: Building] INFO  o.a.m.s.f.DefaultMavenResourcesFiltering - skip non existing resourceDirectory S:\InfosysProject\CampusManagement\lostAndFoundApplication\src\test\resources
2025-10-30 19:39:06,072 [main] INFO  o.e.m2e.actions.ExecutePomAction - Creating new launch configuration
2025-10-30 19:39:27,292 [main] INFO  o.e.m2e.actions.ExecutePomAction - Creating new launch configuration
2025-10-30 19:39:35,714 [Worker-42: Launching lostAndFoundApplication (21)] INFO  o.eclipse.m2e.core.internal.Bundles - getClasspathEntries(Bundle=org.eclipse.m2e.maven.runtime_3.9.900.20240824-1409 [640])
2025-10-30 19:39:35,720 [Worker-42: Launching lostAndFoundApplication (21)] INFO  o.eclipse.m2e.core.internal.Bundles - 	Entry: C:\Users\Dhaswan\.p2\pool\plugins\org.eclipse.m2e.maven.runtime_3.9.900.20240824-1409
2025-10-30 19:39:35,721 [Worker-42: Launching lostAndFoundApplication (21)] INFO  o.eclipse.m2e.core.internal.Bundles - 	Entry: C:\Users\Dhaswan\.p2\pool\plugins\org.eclipse.m2e.maven.runtime_3.9.900.20240824-1409\jars\aopalliance-1.0.jar
2025-10-30 19:39:35,722 [Worker-42: Launching lostAndFoundApplication (21)] INFO  o.eclipse.m2e.core.internal.Bundles - 	Entry: C:\Users\Dhaswan\.p2\pool\plugins\org.eclipse.m2e.maven.runtime_3.9.900.20240824-1409\jars\guice-5.1.0.jar
2025-10-30 19:39:35,722 [Worker-42: Launching lostAndFoundApplication (21)] INFO  o.eclipse.m2e.core.internal.Bundles - 	Entry: C:\Users\Dhaswan\.p2\pool\plugins\org.eclipse.m2e.maven.runtime_3.9.900.20240824-1409\jars\httpclient-4.5.14.jar
2025-10-30 19:39:35,722 [Worker-42: Launching lostAndFoundApplication (21)] INFO  o.eclipse.m2e.core.internal.Bundles - 	Entry: C:\Users\Dhaswan\.p2\pool\plugins\org.eclipse.m2e.maven.runtime_3.9.900.20240824-1409\jars\httpcore-4.4.16.jar
2025-10-30 19:39:35,723 [Worker-42: Launching lostAndFoundApplication (21)] INFO  o.eclipse.m2e.core.internal.Bundles - 	Entry: C:\Users\Dhaswan\.p2\pool\plugins\org.eclipse.m2e.maven.runtime_3.9.900.20240824-1409\jars\jansi-2.4.1.jar
2025-10-30 19:39:35,723 [Worker-42: Launching lostAndFoundApplication (21)] INFO  o.eclipse.m2e.core.internal.Bundles - 	Entry: C:\Users\Dhaswan\.p2\pool\plugins\org.eclipse.m2e.maven.runtime_3.9.900.20240824-1409\jars\jcl-over-slf4j-1.7.36.jar
2025-10-30 19:39:35,723 [Worker-42: Launching lostAndFoundApplication (21)] INFO  o.eclipse.m2e.core.internal.Bundles - 	Entry: C:\Users\Dhaswan\.p2\pool\plugins\org.eclipse.m2e.maven.runtime_3.9.900.20240824-1409\jars\maven-artifact-3.9.9.jar
2025-10-30 19:39:35,723 [Worker-42: Launching lostAndFoundApplication (21)] INFO  o.eclipse.m2e.core.internal.Bundles - 	Entry: C:\Users\Dhaswan\.p2\pool\plugins\org.eclipse.m2e.maven.runtime_3.9.900.20240824-1409\jars\maven-builder-support-3.9.9.jar
2025-10-30 19:39:35,723 [Worker-42: Launching lostAndFoundApplication (21)] INFO  o.eclipse.m2e.core.internal.Bundles - 	Entry: C:\Users\Dhaswan\.p2\pool\plugins\org.eclipse.m2e.maven.runtime_3.9.900.20240824-1409\jars\maven-compat-3.9.9.jar
2025-10-30 19:39:35,723 [Worker-42: Launching lostAndFoundApplication (21)] INFO  o.eclipse.m2e.core.internal.Bundles - 	Entry: C:\Users\Dhaswan\.p2\pool\plugins\org.eclipse.m2e.maven.runtime_3.9.900.20240824-1409\jars\maven-core-3.9.9.jar
2025-10-30 19:39:35,724 [Worker-42: Launching lostAndFoundApplication (21)] INFO  o.eclipse.m2e.core.internal.Bundles - 	Entry: C:\Users\Dhaswan\.p2\pool\plugins\org.eclipse.m2e.maven.runtime_3.9.900.20240824-1409\jars\maven-embedder-3.9.9.jar
2025-10-30 19:39:35,724 [Worker-42: Launching lostAndFoundApplication (21)] INFO  o.eclipse.m2e.core.internal.Bundles - 	Entry: C:\Users\Dhaswan\.p2\pool\plugins\org.eclipse.m2e.maven.runtime_3.9.900.20240824-1409\jars\maven-model-3.9.9.jar
2025-10-30 19:39:35,726 [Worker-42: Launching lostAndFoundApplication (21)] INFO  o.eclipse.m2e.core.internal.Bundles - 	Entry: C:\Users\Dhaswan\.p2\pool\plugins\org.eclipse.m2e.maven.runtime_3.9.900.20240824-1409\jars\maven-model-builder-3.9.9.jar
2025-10-30 19:39:35,727 [Worker-42: Launching lostAndFoundApplication (21)] INFO  o.eclipse.m2e.core.internal.Bundles - 	Entry: C:\Users\Dhaswan\.p2\pool\plugins\org.eclipse.m2e.maven.runtime_3.9.900.20240824-1409\jars\maven-plugin-api-3.9.9.jar
2025-10-30 19:39:35,728 [Worker-42: Launching lostAndFoundApplication (21)] INFO  o.eclipse.m2e.core.internal.Bundles - 	Entry: C:\Users\Dhaswan\.p2\pool\plugins\org.eclipse.m2e.maven.runtime_3.9.900.20240824-1409\jars\maven-repository-metadata-3.9.9.jar
2025-10-30 19:39:35,728 [Worker-42: Launching lostAndFoundApplication (21)] INFO  o.eclipse.m2e.core.internal.Bundles - 	Entry: C:\Users\Dhaswan\.p2\pool\plugins\org.eclipse.m2e.maven.runtime_3.9.900.20240824-1409\jars\maven-resolver-api-1.9.22.jar
2025-10-30 19:39:35,728 [Worker-42: Launching lostAndFoundApplication (21)] INFO  o.eclipse.m2e.core.internal.Bundles - 	Entry: C:\Users\Dhaswan\.p2\pool\plugins\org.eclipse.m2e.maven.runtime_3.9.900.20240824-1409\jars\maven-resolver-connector-basic-1.9.22.jar
2025-10-30 19:39:35,729 [Worker-42: Launching lostAndFoundApplication (21)] INFO  o.eclipse.m2e.core.internal.Bundles - 	Entry: C:\Users\Dhaswan\.p2\pool\plugins\org.eclipse.m2e.maven.runtime_3.9.900.20240824-1409\jars\maven-resolver-impl-1.9.22.jar
2025-10-30 19:39:35,729 [Worker-42: Launching lostAndFoundApplication (21)] INFO  o.eclipse.m2e.core.internal.Bundles - 	Entry: C:\Users\Dhaswan\.p2\pool\plugins\org.eclipse.m2e.maven.runtime_3.9.900.20240824-1409\jars\maven-resolver-named-locks-1.9.22.jar
2025-10-30 19:39:35,729 [Worker-42: Launching lostAndFoundApplication (21)] INFO  o.eclipse.m2e.core.internal.Bundles - 	Entry: C:\Users\Dhaswan\.p2\pool\plugins\org.eclipse.m2e.maven.runtime_3.9.900.20240824-1409\jars\maven-resolver-provider-3.9.9.jar
2025-10-30 19:39:35,730 [Worker-42: Launching lostAndFoundApplication (21)] INFO  o.eclipse.m2e.core.internal.Bundles - 	Entry: C:\Users\Dhaswan\.p2\pool\plugins\org.eclipse.m2e.maven.runtime_3.9.900.20240824-1409\jars\maven-resolver-spi-1.9.22.jar
2025-10-30 19:39:35,730 [Worker-42: Launching lostAndFoundApplication (21)] INFO  o.eclipse.m2e.core.internal.Bundles - 	Entry: C:\Users\Dhaswan\.p2\pool\plugins\org.eclipse.m2e.maven.runtime_3.9.900.20240824-1409\jars\maven-resolver-transport-file-1.9.22.jar
2025-10-30 19:39:35,730 [Worker-42: Launching lostAndFoundApplication (21)] INFO  o.eclipse.m2e.core.internal.Bundles - 	Entry: C:\Users\Dhaswan\.p2\pool\plugins\org.eclipse.m2e.maven.runtime_3.9.900.20240824-1409\jars\maven-resolver-transport-http-1.9.22.jar
2025-10-30 19:39:35,730 [Worker-42: Launching lostAndFoundApplication (21)] INFO  o.eclipse.m2e.core.internal.Bundles - 	Entry: C:\Users\Dhaswan\.p2\pool\plugins\org.eclipse.m2e.maven.runtime_3.9.900.20240824-1409\jars\maven-resolver-transport-wagon-1.9.22.jar
2025-10-30 19:39:35,730 [Worker-42: Launching lostAndFoundApplication (21)] INFO  o.eclipse.m2e.core.internal.Bundles - 	Entry: C:\Users\Dhaswan\.p2\pool\plugins\org.eclipse.m2e.maven.runtime_3.9.900.20240824-1409\jars\maven-resolver-util-1.9.22.jar
2025-10-30 19:39:35,731 [Worker-42: Launching lostAndFoundApplication (21)] INFO  o.eclipse.m2e.core.internal.Bundles - 	Entry: C:\Users\Dhaswan\.p2\pool\plugins\org.eclipse.m2e.maven.runtime_3.9.900.20240824-1409\jars\maven-settings-3.9.9.jar
2025-10-30 19:39:35,732 [Worker-42: Launching lostAndFoundApplication (21)] INFO  o.eclipse.m2e.core.internal.Bundles - 	Entry: C:\Users\Dhaswan\.p2\pool\plugins\org.eclipse.m2e.maven.runtime_3.9.900.20240824-1409\jars\maven-settings-builder-3.9.9.jar
2025-10-30 19:39:35,734 [Worker-42: Launching lostAndFoundApplication (21)] INFO  o.eclipse.m2e.core.internal.Bundles - 	Entry: C:\Users\Dhaswan\.p2\pool\plugins\org.eclipse.m2e.maven.runtime_3.9.900.20240824-1409\jars\maven-shared-utils-3.4.2.jar
2025-10-30 19:39:35,734 [Worker-42: Launching lostAndFoundApplication (21)] INFO  o.eclipse.m2e.core.internal.Bundles - 	Entry: C:\Users\Dhaswan\.p2\pool\plugins\org.eclipse.m2e.maven.runtime_3.9.900.20240824-1409\jars\org.eclipse.sisu.inject-0.9.0.M3.jar
2025-10-30 19:39:35,734 [Worker-42: Launching lostAndFoundApplication (21)] INFO  o.eclipse.m2e.core.internal.Bundles - 	Entry: C:\Users\Dhaswan\.p2\pool\plugins\org.eclipse.m2e.maven.runtime_3.9.900.20240824-1409\jars\org.eclipse.sisu.plexus-0.9.0.M3.jar
2025-10-30 19:39:35,735 [Worker-42: Launching lostAndFoundApplication (21)] INFO  o.eclipse.m2e.core.internal.Bundles - 	Entry: C:\Users\Dhaswan\.p2\pool\plugins\org.eclipse.m2e.maven.runtime_3.9.900.20240824-1409\jars\plexus-build-api-0.0.7.jar
2025-10-30 19:39:35,735 [Worker-42: Launching lostAndFoundApplication (21)] INFO  o.eclipse.m2e.core.internal.Bundles - 	Entry: C:\Users\Dhaswan\.p2\pool\plugins\org.eclipse.m2e.maven.runtime_3.9.900.20240824-1409\jars\plexus-build-api-1.2.0.jar
2025-10-30 19:39:35,735 [Worker-42: Launching lostAndFoundApplication (21)] INFO  o.eclipse.m2e.core.internal.Bundles - 	Entry: C:\Users\Dhaswan\.p2\pool\plugins\org.eclipse.m2e.maven.runtime_3.9.900.20240824-1409\jars\plexus-cipher-2.0.jar
2025-10-30 19:39:35,736 [Worker-42: Launching lostAndFoundApplication (21)] INFO  o.eclipse.m2e.core.internal.Bundles - 	Entry: C:\Users\Dhaswan\.p2\pool\plugins\org.eclipse.m2e.maven.runtime_3.9.900.20240824-1409\jars\plexus-classworlds-2.8.0.jar
2025-10-30 19:39:35,736 [Worker-42: Launching lostAndFoundApplication (21)] INFO  o.eclipse.m2e.core.internal.Bundles - 	Entry: C:\Users\Dhaswan\.p2\pool\plugins\org.eclipse.m2e.maven.runtime_3.9.900.20240824-1409\jars\plexus-component-annotations-2.1.0.jar
2025-10-30 19:39:35,736 [Worker-42: Launching lostAndFoundApplication (21)] INFO  o.eclipse.m2e.core.internal.Bundles - 	Entry: C:\Users\Dhaswan\.p2\pool\plugins\org.eclipse.m2e.maven.runtime_3.9.900.20240824-1409\jars\plexus-interpolation-1.27.jar
2025-10-30 19:39:35,737 [Worker-42: Launching lostAndFoundApplication (21)] INFO  o.eclipse.m2e.core.internal.Bundles - 	Entry: C:\Users\Dhaswan\.p2\pool\plugins\org.eclipse.m2e.maven.runtime_3.9.900.20240824-1409\jars\plexus-sec-dispatcher-2.0.jar
2025-10-30 19:39:35,737 [Worker-42: Launching lostAndFoundApplication (21)] INFO  o.eclipse.m2e.core.internal.Bundles - 	Entry: C:\Users\Dhaswan\.p2\pool\plugins\org.eclipse.m2e.maven.runtime_3.9.900.20240824-1409\jars\plexus-utils-3.5.1.jar
2025-10-30 19:39:35,737 [Worker-42: Launching lostAndFoundApplication (21)] INFO  o.eclipse.m2e.core.internal.Bundles - 	Entry: C:\Users\Dhaswan\.p2\pool\plugins\org.eclipse.m2e.maven.runtime_3.9.900.20240824-1409\jars\plexus-xml-3.0.1.jar
2025-10-30 19:39:35,737 [Worker-42: Launching lostAndFoundApplication (21)] INFO  o.eclipse.m2e.core.internal.Bundles - 	Entry: C:\Users\Dhaswan\.p2\pool\plugins\org.eclipse.m2e.maven.runtime_3.9.900.20240824-1409\jars\wagon-file-3.5.3.jar
2025-10-30 19:39:35,737 [Worker-42: Launching lostAndFoundApplication (21)] INFO  o.eclipse.m2e.core.internal.Bundles - 	Entry: C:\Users\Dhaswan\.p2\pool\plugins\org.eclipse.m2e.maven.runtime_3.9.900.20240824-1409\jars\wagon-http-3.5.3.jar
2025-10-30 19:39:35,738 [Worker-42: Launching lostAndFoundApplication (21)] INFO  o.eclipse.m2e.core.internal.Bundles - 	Entry: C:\Users\Dhaswan\.p2\pool\plugins\org.eclipse.m2e.maven.runtime_3.9.900.20240824-1409\jars\wagon-http-shared-3.5.3.jar
2025-10-30 19:39:35,738 [Worker-42: Launching lostAndFoundApplication (21)] INFO  o.eclipse.m2e.core.internal.Bundles - 	Entry: C:\Users\Dhaswan\.p2\pool\plugins\org.eclipse.m2e.maven.runtime_3.9.900.20240824-1409\jars\wagon-provider-api-3.5.3.jar
2025-10-30 19:39:35,741 [Worker-42: Launching lostAndFoundApplication (21)] INFO  o.eclipse.m2e.core.internal.Bundles - getClasspathEntries(Bundle=com.google.guava_33.4.8.jre [1028])
2025-10-30 19:39:35,743 [Worker-42: Launching lostAndFoundApplication (21)] INFO  o.eclipse.m2e.core.internal.Bundles - 	Entry: C:\Users\Dhaswan\.p2\pool\plugins\com.google.guava_33.4.8.jre.jar
2025-10-30 19:39:35,744 [Worker-42: Launching lostAndFoundApplication (21)] INFO  o.eclipse.m2e.core.internal.Bundles - getClasspathEntries(Bundle=slf4j.api_2.0.17 [1112])
2025-10-30 19:39:35,744 [Worker-42: Launching lostAndFoundApplication (21)] INFO  o.eclipse.m2e.core.internal.Bundles - 	Entry: C:\Users\Dhaswan\.p2\pool\plugins\slf4j.api_2.0.17.jar
2025-10-30 19:39:35,745 [Worker-42: Launching lostAndFoundApplication (21)] INFO  o.eclipse.m2e.core.internal.Bundles - getClasspathEntries(Bundle=jakarta.inject.jakarta.inject-api_1.0.5 [34])
2025-10-30 19:39:35,746 [Worker-42: Launching lostAndFoundApplication (21)] INFO  o.eclipse.m2e.core.internal.Bundles - 	Entry: C:\Users\Dhaswan\.p2\pool\plugins\jakarta.inject.jakarta.inject-api_1.0.5.jar
2025-10-30 19:39:35,746 [Worker-42: Launching lostAndFoundApplication (21)] INFO  o.eclipse.m2e.core.internal.Bundles - getClasspathEntries(Bundle=jakarta.annotation-api_1.3.5 [29])
2025-10-30 19:39:35,747 [Worker-42: Launching lostAndFoundApplication (21)] INFO  o.eclipse.m2e.core.internal.Bundles - 	Entry: C:\Users\Dhaswan\.p2\pool\plugins\jakarta.annotation-api_1.3.5.jar
2025-10-30 19:39:35,747 [Worker-42: Launching lostAndFoundApplication (21)] INFO  o.eclipse.m2e.core.internal.Bundles - getClasspathEntries(Bundle=org.apache.commons.cli_1.9.0 [78])
2025-10-30 19:39:35,748 [Worker-42: Launching lostAndFoundApplication (21)] INFO  o.eclipse.m2e.core.internal.Bundles - 	Entry: C:\Users\Dhaswan\.p2\pool\plugins\org.apache.commons.cli_1.9.0.jar
2025-10-30 19:39:35,748 [Worker-42: Launching lostAndFoundApplication (21)] INFO  o.eclipse.m2e.core.internal.Bundles - getClasspathEntries(Bundle=org.apache.commons.commons-codec_1.16.0 [81])
2025-10-30 19:39:35,749 [Worker-42: Launching lostAndFoundApplication (21)] INFO  o.eclipse.m2e.core.internal.Bundles - 	Entry: C:\Users\Dhaswan\.p2\pool\plugins\org.apache.commons.commons-codec_1.16.0.jar
2025-10-30 19:39:35,749 [Worker-42: Launching lostAndFoundApplication (21)] INFO  o.eclipse.m2e.core.internal.Bundles - getClasspathEntries(Bundle=com.google.guava.failureaccess_1.0.3 [1029])
2025-10-30 19:39:35,750 [Worker-42: Launching lostAndFoundApplication (21)] INFO  o.eclipse.m2e.core.internal.Bundles - 	Entry: C:\Users\Dhaswan\.p2\pool\plugins\com.google.guava.failureaccess_1.0.3.jar
2025-10-30 19:39:35,754 [Worker-42: Launching lostAndFoundApplication (21)] INFO  o.e.m.i.launch.MavenLaunchDelegate - Run build in "S:\InfosysProject\CampusManagement\lostAndFoundApplication":
2025-10-30 19:39:35,764 [Worker-42: Launching lostAndFoundApplication (21)] INFO  o.e.m.i.launch.MavenLaunchDelegate -  mvn  -Ppom.xml -B -Dstyle.color=always clean install
2025-10-30 19:41:48,759 [Worker-40: Building] INFO  o.a.m.s.f.DefaultMavenResourcesFiltering - Copying 1 resource from src\main\resources to target\classes
2025-10-30 19:41:48,781 [Worker-40: Building] INFO  o.a.m.s.f.DefaultMavenResourcesFiltering - Copying 0 resource from src\main\resources to target\classes
2025-10-30 19:41:48,788 [Worker-40: Building] INFO  o.a.m.s.f.DefaultMavenResourcesFiltering - skip non existing resourceDirectory S:\InfosysProject\CampusManagement\lostAndFoundApplication\src\test\resources
2025-10-30 19:42:40,471 [main] INFO  o.e.m2e.actions.ExecutePomAction - Creating new launch configuration
2025-10-30 19:42:49,886 [Worker-40: Launching lostAndFoundApplication (22)] INFO  o.eclipse.m2e.core.internal.Bundles - getClasspathEntries(Bundle=org.eclipse.m2e.maven.runtime_3.9.900.20240824-1409 [640])
2025-10-30 19:42:49,890 [Worker-40: Launching lostAndFoundApplication (22)] INFO  o.eclipse.m2e.core.internal.Bundles - 	Entry: C:\Users\Dhaswan\.p2\pool\plugins\org.eclipse.m2e.maven.runtime_3.9.900.20240824-1409
2025-10-30 19:42:49,891 [Worker-40: Launching lostAndFoundApplication (22)] INFO  o.eclipse.m2e.core.internal.Bundles - 	Entry: C:\Users\Dhaswan\.p2\pool\plugins\org.eclipse.m2e.maven.runtime_3.9.900.20240824-1409\jars\aopalliance-1.0.jar
2025-10-30 19:42:49,891 [Worker-40: Launching lostAndFoundApplication (22)] INFO  o.eclipse.m2e.core.internal.Bundles - 	Entry: C:\Users\Dhaswan\.p2\pool\plugins\org.eclipse.m2e.maven.runtime_3.9.900.20240824-1409\jars\guice-5.1.0.jar
2025-10-30 19:42:49,892 [Worker-40: Launching lostAndFoundApplication (22)] INFO  o.eclipse.m2e.core.internal.Bundles - 	Entry: C:\Users\Dhaswan\.p2\pool\plugins\org.eclipse.m2e.maven.runtime_3.9.900.20240824-1409\jars\httpclient-4.5.14.jar
2025-10-30 19:42:49,892 [Worker-40: Launching lostAndFoundApplication (22)] INFO  o.eclipse.m2e.core.internal.Bundles - 	Entry: C:\Users\Dhaswan\.p2\pool\plugins\org.eclipse.m2e.maven.runtime_3.9.900.20240824-1409\jars\httpcore-4.4.16.jar
2025-10-30 19:42:49,892 [Worker-40: Launching lostAndFoundApplication (22)] INFO  o.eclipse.m2e.core.internal.Bundles - 	Entry: C:\Users\Dhaswan\.p2\pool\plugins\org.eclipse.m2e.maven.runtime_3.9.900.20240824-1409\jars\jansi-2.4.1.jar
2025-10-30 19:42:49,892 [Worker-40: Launching lostAndFoundApplication (22)] INFO  o.eclipse.m2e.core.internal.Bundles - 	Entry: C:\Users\Dhaswan\.p2\pool\plugins\org.eclipse.m2e.maven.runtime_3.9.900.20240824-1409\jars\jcl-over-slf4j-1.7.36.jar
2025-10-30 19:42:49,892 [Worker-40: Launching lostAndFoundApplication (22)] INFO  o.eclipse.m2e.core.internal.Bundles - 	Entry: C:\Users\Dhaswan\.p2\pool\plugins\org.eclipse.m2e.maven.runtime_3.9.900.20240824-1409\jars\maven-artifact-3.9.9.jar
2025-10-30 19:42:49,893 [Worker-40: Launching lostAndFoundApplication (22)] INFO  o.eclipse.m2e.core.internal.Bundles - 	Entry: C:\Users\Dhaswan\.p2\pool\plugins\org.eclipse.m2e.maven.runtime_3.9.900.20240824-1409\jars\maven-builder-support-3.9.9.jar
2025-10-30 19:42:49,893 [Worker-40: Launching lostAndFoundApplication (22)] INFO  o.eclipse.m2e.core.internal.Bundles - 	Entry: C:\Users\Dhaswan\.p2\pool\plugins\org.eclipse.m2e.maven.runtime_3.9.900.20240824-1409\jars\maven-compat-3.9.9.jar
2025-10-30 19:42:49,893 [Worker-40: Launching lostAndFoundApplication (22)] INFO  o.eclipse.m2e.core.internal.Bundles - 	Entry: C:\Users\Dhaswan\.p2\pool\plugins\org.eclipse.m2e.maven.runtime_3.9.900.20240824-1409\jars\maven-core-3.9.9.jar
2025-10-30 19:42:49,893 [Worker-40: Launching lostAndFoundApplication (22)] INFO  o.eclipse.m2e.core.internal.Bundles - 	Entry: C:\Users\Dhaswan\.p2\pool\plugins\org.eclipse.m2e.maven.runtime_3.9.900.20240824-1409\jars\maven-embedder-3.9.9.jar
2025-10-30 19:42:49,893 [Worker-40: Launching lostAndFoundApplication (22)] INFO  o.eclipse.m2e.core.internal.Bundles - 	Entry: C:\Users\Dhaswan\.p2\pool\plugins\org.eclipse.m2e.maven.runtime_3.9.900.20240824-1409\jars\maven-model-3.9.9.jar
2025-10-30 19:42:49,893 [Worker-40: Launching lostAndFoundApplication (22)] INFO  o.eclipse.m2e.core.internal.Bundles - 	Entry: C:\Users\Dhaswan\.p2\pool\plugins\org.eclipse.m2e.maven.runtime_3.9.900.20240824-1409\jars\maven-model-builder-3.9.9.jar
2025-10-30 19:42:49,893 [Worker-40: Launching lostAndFoundApplication (22)] INFO  o.eclipse.m2e.core.internal.Bundles - 	Entry: C:\Users\Dhaswan\.p2\pool\plugins\org.eclipse.m2e.maven.runtime_3.9.900.20240824-1409\jars\maven-plugin-api-3.9.9.jar
2025-10-30 19:42:49,894 [Worker-40: Launching lostAndFoundApplication (22)] INFO  o.eclipse.m2e.core.internal.Bundles - 	Entry: C:\Users\Dhaswan\.p2\pool\plugins\org.eclipse.m2e.maven.runtime_3.9.900.20240824-1409\jars\maven-repository-metadata-3.9.9.jar
2025-10-30 19:42:49,896 [Worker-40: Launching lostAndFoundApplication (22)] INFO  o.eclipse.m2e.core.internal.Bundles - 	Entry: C:\Users\Dhaswan\.p2\pool\plugins\org.eclipse.m2e.maven.runtime_3.9.900.20240824-1409\jars\maven-resolver-api-1.9.22.jar
2025-10-30 19:42:49,898 [Worker-40: Launching lostAndFoundApplication (22)] INFO  o.eclipse.m2e.core.internal.Bundles - 	Entry: C:\Users\Dhaswan\.p2\pool\plugins\org.eclipse.m2e.maven.runtime_3.9.900.20240824-1409\jars\maven-resolver-connector-basic-1.9.22.jar
2025-10-30 19:42:49,898 [Worker-40: Launching lostAndFoundApplication (22)] INFO  o.eclipse.m2e.core.internal.Bundles - 	Entry: C:\Users\Dhaswan\.p2\pool\plugins\org.eclipse.m2e.maven.runtime_3.9.900.20240824-1409\jars\maven-resolver-impl-1.9.22.jar
2025-10-30 19:42:49,898 [Worker-40: Launching lostAndFoundApplication (22)] INFO  o.eclipse.m2e.core.internal.Bundles - 	Entry: C:\Users\Dhaswan\.p2\pool\plugins\org.eclipse.m2e.maven.runtime_3.9.900.20240824-1409\jars\maven-resolver-named-locks-1.9.22.jar
2025-10-30 19:42:49,899 [Worker-40: Launching lostAndFoundApplication (22)] INFO  o.eclipse.m2e.core.internal.Bundles - 	Entry: C:\Users\Dhaswan\.p2\pool\plugins\org.eclipse.m2e.maven.runtime_3.9.900.20240824-1409\jars\maven-resolver-provider-3.9.9.jar
2025-10-30 19:42:49,899 [Worker-40: Launching lostAndFoundApplication (22)] INFO  o.eclipse.m2e.core.internal.Bundles - 	Entry: C:\Users\Dhaswan\.p2\pool\plugins\org.eclipse.m2e.maven.runtime_3.9.900.20240824-1409\jars\maven-resolver-spi-1.9.22.jar
2025-10-30 19:42:49,900 [Worker-40: Launching lostAndFoundApplication (22)] INFO  o.eclipse.m2e.core.internal.Bundles - 	Entry: C:\Users\Dhaswan\.p2\pool\plugins\org.eclipse.m2e.maven.runtime_3.9.900.20240824-1409\jars\maven-resolver-transport-file-1.9.22.jar
2025-10-30 19:42:49,900 [Worker-40: Launching lostAndFoundApplication (22)] INFO  o.eclipse.m2e.core.internal.Bundles - 	Entry: C:\Users\Dhaswan\.p2\pool\plugins\org.eclipse.m2e.maven.runtime_3.9.900.20240824-1409\jars\maven-resolver-transport-http-1.9.22.jar
2025-10-30 19:42:49,900 [Worker-40: Launching lostAndFoundApplication (22)] INFO  o.eclipse.m2e.core.internal.Bundles - 	Entry: C:\Users\Dhaswan\.p2\pool\plugins\org.eclipse.m2e.maven.runtime_3.9.900.20240824-1409\jars\maven-resolver-transport-wagon-1.9.22.jar
2025-10-30 19:42:49,901 [Worker-40: Launching lostAndFoundApplication (22)] INFO  o.eclipse.m2e.core.internal.Bundles - 	Entry: C:\Users\Dhaswan\.p2\pool\plugins\org.eclipse.m2e.maven.runtime_3.9.900.20240824-1409\jars\maven-resolver-util-1.9.22.jar
2025-10-30 19:42:49,903 [Worker-40: Launching lostAndFoundApplication (22)] INFO  o.eclipse.m2e.core.internal.Bundles - 	Entry: C:\Users\Dhaswan\.p2\pool\plugins\org.eclipse.m2e.maven.runtime_3.9.900.20240824-1409\jars\maven-settings-3.9.9.jar
2025-10-30 19:42:49,904 [Worker-40: Launching lostAndFoundApplication (22)] INFO  o.eclipse.m2e.core.internal.Bundles - 	Entry: C:\Users\Dhaswan\.p2\pool\plugins\org.eclipse.m2e.maven.runtime_3.9.900.20240824-1409\jars\maven-settings-builder-3.9.9.jar
2025-10-30 19:42:49,905 [Worker-40: Launching lostAndFoundApplication (22)] INFO  o.eclipse.m2e.core.internal.Bundles - 	Entry: C:\Users\Dhaswan\.p2\pool\plugins\org.eclipse.m2e.maven.runtime_3.9.900.20240824-1409\jars\maven-shared-utils-3.4.2.jar
2025-10-30 19:42:49,906 [Worker-40: Launching lostAndFoundApplication (22)] INFO  o.eclipse.m2e.core.internal.Bundles - 	Entry: C:\Users\Dhaswan\.p2\pool\plugins\org.eclipse.m2e.maven.runtime_3.9.900.20240824-1409\jars\org.eclipse.sisu.inject-0.9.0.M3.jar
2025-10-30 19:42:49,908 [Worker-40: Launching lostAndFoundApplication (22)] INFO  o.eclipse.m2e.core.internal.Bundles - 	Entry: C:\Users\Dhaswan\.p2\pool\plugins\org.eclipse.m2e.maven.runtime_3.9.900.20240824-1409\jars\org.eclipse.sisu.plexus-0.9.0.M3.jar
2025-10-30 19:42:49,909 [Worker-40: Launching lostAndFoundApplication (22)] INFO  o.eclipse.m2e.core.internal.Bundles - 	Entry: C:\Users\Dhaswan\.p2\pool\plugins\org.eclipse.m2e.maven.runtime_3.9.900.20240824-1409\jars\plexus-build-api-0.0.7.jar
2025-10-30 19:42:49,910 [Worker-40: Launching lostAndFoundApplication (22)] INFO  o.eclipse.m2e.core.internal.Bundles - 	Entry: C:\Users\Dhaswan\.p2\pool\plugins\org.eclipse.m2e.maven.runtime_3.9.900.20240824-1409\jars\plexus-build-api-1.2.0.jar
2025-10-30 19:42:49,912 [Worker-40: Launching lostAndFoundApplication (22)] INFO  o.eclipse.m2e.core.internal.Bundles - 	Entry: C:\Users\Dhaswan\.p2\pool\plugins\org.eclipse.m2e.maven.runtime_3.9.900.20240824-1409\jars\plexus-cipher-2.0.jar
2025-10-30 19:42:49,913 [Worker-40: Launching lostAndFoundApplication (22)] INFO  o.eclipse.m2e.core.internal.Bundles - 	Entry: C:\Users\Dhaswan\.p2\pool\plugins\org.eclipse.m2e.maven.runtime_3.9.900.20240824-1409\jars\plexus-classworlds-2.8.0.jar
2025-10-30 19:42:49,914 [Worker-40: Launching lostAndFoundApplication (22)] INFO  o.eclipse.m2e.core.internal.Bundles - 	Entry: C:\Users\Dhaswan\.p2\pool\plugins\org.eclipse.m2e.maven.runtime_3.9.900.20240824-1409\jars\plexus-component-annotations-2.1.0.jar
2025-10-30 19:42:49,915 [Worker-40: Launching lostAndFoundApplication (22)] INFO  o.eclipse.m2e.core.internal.Bundles - 	Entry: C:\Users\Dhaswan\.p2\pool\plugins\org.eclipse.m2e.maven.runtime_3.9.900.20240824-1409\jars\plexus-interpolation-1.27.jar
2025-10-30 19:42:49,915 [Worker-40: Launching lostAndFoundApplication (22)] INFO  o.eclipse.m2e.core.internal.Bundles - 	Entry: C:\Users\Dhaswan\.p2\pool\plugins\org.eclipse.m2e.maven.runtime_3.9.900.20240824-1409\jars\plexus-sec-dispatcher-2.0.jar
2025-10-30 19:42:49,916 [Worker-40: Launching lostAndFoundApplication (22)] INFO  o.eclipse.m2e.core.internal.Bundles - 	Entry: C:\Users\Dhaswan\.p2\pool\plugins\org.eclipse.m2e.maven.runtime_3.9.900.20240824-1409\jars\plexus-utils-3.5.1.jar
2025-10-30 19:42:49,916 [Worker-40: Launching lostAndFoundApplication (22)] INFO  o.eclipse.m2e.core.internal.Bundles - 	Entry: C:\Users\Dhaswan\.p2\pool\plugins\org.eclipse.m2e.maven.runtime_3.9.900.20240824-1409\jars\plexus-xml-3.0.1.jar
2025-10-30 19:42:49,917 [Worker-40: Launching lostAndFoundApplication (22)] INFO  o.eclipse.m2e.core.internal.Bundles - 	Entry: C:\Users\Dhaswan\.p2\pool\plugins\org.eclipse.m2e.maven.runtime_3.9.900.20240824-1409\jars\wagon-file-3.5.3.jar
2025-10-30 19:42:49,918 [Worker-40: Launching lostAndFoundApplication (22)] INFO  o.eclipse.m2e.core.internal.Bundles - 	Entry: C:\Users\Dhaswan\.p2\pool\plugins\org.eclipse.m2e.maven.runtime_3.9.900.20240824-1409\jars\wagon-http-3.5.3.jar
2025-10-30 19:42:49,919 [Worker-40: Launching lostAndFoundApplication (22)] INFO  o.eclipse.m2e.core.internal.Bundles - 	Entry: C:\Users\Dhaswan\.p2\pool\plugins\org.eclipse.m2e.maven.runtime_3.9.900.20240824-1409\jars\wagon-http-shared-3.5.3.jar
2025-10-30 19:42:49,920 [Worker-40: Launching lostAndFoundApplication (22)] INFO  o.eclipse.m2e.core.internal.Bundles - 	Entry: C:\Users\Dhaswan\.p2\pool\plugins\org.eclipse.m2e.maven.runtime_3.9.900.20240824-1409\jars\wagon-provider-api-3.5.3.jar
2025-10-30 19:42:49,921 [Worker-40: Launching lostAndFoundApplication (22)] INFO  o.eclipse.m2e.core.internal.Bundles - getClasspathEntries(Bundle=com.google.guava_33.4.8.jre [1028])
2025-10-30 19:42:49,923 [Worker-40: Launching lostAndFoundApplication (22)] INFO  o.eclipse.m2e.core.internal.Bundles - 	Entry: C:\Users\Dhaswan\.p2\pool\plugins\com.google.guava_33.4.8.jre.jar
2025-10-30 19:42:49,923 [Worker-40: Launching lostAndFoundApplication (22)] INFO  o.eclipse.m2e.core.internal.Bundles - getClasspathEntries(Bundle=slf4j.api_2.0.17 [1112])
2025-10-30 19:42:49,924 [Worker-40: Launching lostAndFoundApplication (22)] INFO  o.eclipse.m2e.core.internal.Bundles - 	Entry: C:\Users\Dhaswan\.p2\pool\plugins\slf4j.api_2.0.17.jar
2025-10-30 19:42:49,925 [Worker-40: Launching lostAndFoundApplication (22)] INFO  o.eclipse.m2e.core.internal.Bundles - getClasspathEntries(Bundle=jakarta.inject.jakarta.inject-api_1.0.5 [34])
2025-10-30 19:42:49,927 [Worker-40: Launching lostAndFoundApplication (22)] INFO  o.eclipse.m2e.core.internal.Bundles - 	Entry: C:\Users\Dhaswan\.p2\pool\plugins\jakarta.inject.jakarta.inject-api_1.0.5.jar
2025-10-30 19:42:49,928 [Worker-40: Launching lostAndFoundApplication (22)] INFO  o.eclipse.m2e.core.internal.Bundles - getClasspathEntries(Bundle=jakarta.annotation-api_1.3.5 [29])
2025-10-30 19:42:49,930 [Worker-40: Launching lostAndFoundApplication (22)] INFO  o.eclipse.m2e.core.internal.Bundles - 	Entry: C:\Users\Dhaswan\.p2\pool\plugins\jakarta.annotation-api_1.3.5.jar
2025-10-30 19:42:49,931 [Worker-40: Launching lostAndFoundApplication (22)] INFO  o.eclipse.m2e.core.internal.Bundles - getClasspathEntries(Bundle=org.apache.commons.cli_1.9.0 [78])
2025-10-30 19:42:49,933 [Worker-40: Launching lostAndFoundApplication (22)] INFO  o.eclipse.m2e.core.internal.Bundles - 	Entry: C:\Users\Dhaswan\.p2\pool\plugins\org.apache.commons.cli_1.9.0.jar
2025-10-30 19:42:49,934 [Worker-40: Launching lostAndFoundApplication (22)] INFO  o.eclipse.m2e.core.internal.Bundles - getClasspathEntries(Bundle=org.apache.commons.commons-codec_1.16.0 [81])
2025-10-30 19:42:49,935 [Worker-40: Launching lostAndFoundApplication (22)] INFO  o.eclipse.m2e.core.internal.Bundles - 	Entry: C:\Users\Dhaswan\.p2\pool\plugins\org.apache.commons.commons-codec_1.16.0.jar
2025-10-30 19:42:49,935 [Worker-40: Launching lostAndFoundApplication (22)] INFO  o.eclipse.m2e.core.internal.Bundles - getClasspathEntries(Bundle=com.google.guava.failureaccess_1.0.3 [1029])
2025-10-30 19:42:49,937 [Worker-40: Launching lostAndFoundApplication (22)] INFO  o.eclipse.m2e.core.internal.Bundles - 	Entry: C:\Users\Dhaswan\.p2\pool\plugins\com.google.guava.failureaccess_1.0.3.jar
2025-10-30 19:42:49,940 [Worker-40: Launching lostAndFoundApplication (22)] INFO  o.e.m.i.launch.MavenLaunchDelegate - Run build in "S:\InfosysProject\CampusManagement\lostAndFoundApplication":
2025-10-30 19:42:49,940 [Worker-40: Launching lostAndFoundApplication (22)] INFO  o.e.m.i.launch.MavenLaunchDelegate -  mvn  -Ppom.xml -B -Dstyle.color=always clean install
2025-10-31 20:35:56,343 [Worker-6: Loading available Gradle versions] INFO  o.e.b.c.i.u.g.PublishedGradleVersions - Gradle version information cache is out-of-date. Trying to update.
2025-11-02 13:48:16,369 [Worker-4: Loading available Gradle versions] INFO  o.e.b.c.i.u.g.PublishedGradleVersions - Gradle version information cache is out-of-date. Trying to update.
